Timestamp,Open,High,Low,Close,Volume_(BTC),Volume_(Currency),Weighted_Price
1325317920,4.39,4.39,4.39,4.39,0.45558087,2.0000000193,4.39
1325317980,NaN,NaN,NaN,NaN,NaN,NaN,NaN
1325318040,NaN,NaN,NaN,NaN,NaN,NaN,NaN
1325318100,NaN,NaN,NaN,NaN,NaN,NaN,NaN
1325318160,NaN,NaN,NaN,NaN,NaN,NaN,NaN
1325318220,NaN,NaN,NaN,NaN,NaN,NaN,NaN
1325318280,NaN,NaN,NaN,NaN,NaN,NaN,NaN
1325318340,NaN,NaN,NaN,NaN,NaN,NaN,NaN
1325318400,NaN,NaN,NaN,NaN,NaN,NaN,NaN
1325318460,NaN,NaN,NaN,NaN,NaN,NaN,NaN
1325318520,NaN,NaN,NaN,NaN,NaN,NaN,NaN
1325318580,NaN,NaN,NaN,NaN,NaN,NaN,NaN
1325318640,NaN,NaN,NaN,NaN,NaN,NaN,NaN
1325318700,NaN,NaN,NaN,NaN,NaN,NaN,NaN
1325318760,NaN,NaN,NaN,NaN,NaN,NaN,NaN
1325318820,NaN,NaN,NaN,NaN,NaN,NaN,NaN
1325318880,NaN,NaN,NaN,NaN,NaN,NaN,NaN
1325318940,NaN,NaN,NaN,NaN,NaN,NaN,NaN
1325319000,NaN,NaN,NaN,NaN,NaN,NaN,NaN
1325319060,NaN,NaN,NaN,NaN,NaN,NaN,NaN
1325319120,NaN,NaN,NaN,NaN,NaN,NaN,NaN
1325319180,NaN,NaN,NaN,NaN,NaN,NaN,NaN
1325319240,NaN,NaN,NaN,NaN,NaN,NaN,NaN
1325319300,NaN,NaN,NaN,NaN,NaN,NaN,NaN
1325319360,NaN,NaN,NaN,NaN,NaN,NaN,NaN
1325319420,NaN,NaN,NaN,NaN,NaN,NaN,NaN
1325319480,NaN,NaN,NaN,NaN,NaN,NaN,NaN
1325319540,NaN,NaN,NaN,NaN,NaN,NaN,NaN
1325319600,NaN,NaN,NaN,NaN,NaN,NaN,NaN
1325319660,NaN,NaN,NaN,NaN,NaN,NaN,NaN
1325319720,NaN,NaN,NaN,NaN,NaN,NaN,NaN
1325319780,NaN,NaN,NaN,NaN,NaN,NaN,NaN
1325319840,NaN,NaN,NaN,NaN,NaN,NaN,NaN
1325319900,NaN,NaN,NaN,NaN,NaN,NaN,NaN
1325319960,NaN,NaN,NaN,NaN,NaN,NaN,NaN
1325320020,NaN,NaN,NaN,NaN,NaN,NaN,NaN
1325320080,NaN,NaN,NaN,NaN,NaN,NaN,NaN
1325320140,NaN,NaN,NaN,NaN,NaN,NaN,NaN
1325320200,NaN,NaN,NaN,NaN,NaN,NaN,NaN
1325320260,NaN,NaN,NaN,NaN,NaN,NaN,NaN
1325320320,NaN,NaN,NaN,NaN,NaN,NaN,NaN
1325320380,NaN,NaN,NaN,NaN,NaN,NaN,NaN
1325320440,NaN,NaN,NaN,NaN,NaN,NaN,NaN
1325320500,NaN,NaN,NaN,NaN,NaN,NaN,NaN
1325320560,NaN,NaN,NaN,NaN,NaN,NaN,NaN
1325320620,NaN,NaN,NaN,NaN,NaN,NaN,NaN
1325320680,NaN,NaN,NaN,NaN,NaN,NaN,NaN
1325320740,NaN,NaN,NaN,NaN,NaN,NaN,NaN
1325320800,NaN,NaN,NaN,NaN,NaN,NaN,NaN
1325320860,NaN,NaN,NaN,NaN,NaN,NaN,NaN
1325320920,NaN,NaN,NaN,NaN,NaN,NaN,NaN
1325320980,NaN,NaN,NaN,NaN,NaN,NaN,NaN
1325321040,NaN,NaN,NaN,NaN,NaN,NaN,NaN
1325321100,NaN,NaN,NaN,NaN,NaN,NaN,NaN
1325321160,NaN,NaN,NaN,NaN,NaN,NaN,NaN
1325321220,NaN,NaN,NaN,NaN,NaN,NaN,NaN
1325321280,NaN,NaN,NaN,NaN,NaN,NaN,NaN
1325321340,NaN,NaN,NaN,NaN,NaN,NaN,NaN
1325321400,NaN,NaN,NaN,NaN,NaN,NaN,NaN
1325321460,NaN,NaN,NaN,NaN,NaN,NaN,NaN
1325321520,NaN,NaN,NaN,NaN,NaN,NaN,NaN
1325321580,NaN,NaN,NaN,NaN,NaN,NaN,NaN
1325321640,NaN,NaN,NaN,NaN,NaN,NaN,NaN
1325321700,NaN,NaN,NaN,NaN,NaN,NaN,NaN
1325321760,NaN,NaN,NaN,NaN,NaN,NaN,NaN
1325321820,NaN,NaN,NaN,NaN,NaN,NaN,NaN
1325321880,NaN,NaN,NaN,NaN,NaN,NaN,NaN
1325321940,NaN,NaN,NaN,NaN,NaN,NaN,NaN
1325322000,NaN,NaN,NaN,NaN,NaN,NaN,NaN
1325322060,NaN,NaN,NaN,NaN,NaN,NaN,NaN
1325322120,NaN,NaN,NaN,NaN,NaN,NaN,NaN
1325322180,NaN,NaN,NaN,NaN,NaN,NaN,NaN
1325322240,NaN,NaN,NaN,NaN,NaN,NaN,NaN
1325322300,NaN,NaN,NaN,NaN,NaN,NaN,NaN
1325322360,NaN,NaN,NaN,NaN,NaN,NaN,NaN
1325322420,NaN,NaN,NaN,NaN,NaN,NaN,NaN
1325322480,NaN,NaN,NaN,NaN,NaN,NaN,NaN
1325322540,NaN,NaN,NaN,NaN,NaN,NaN,NaN
1325322600,NaN,NaN,NaN,NaN,NaN,NaN,NaN
1325322660,NaN,NaN,NaN,NaN,NaN,NaN,NaN
1325322720,NaN,NaN,NaN,NaN,NaN,NaN,NaN
1325322780,NaN,NaN,NaN,NaN,NaN,NaN,NaN
1325322840,NaN,NaN,NaN,NaN,NaN,NaN,NaN
1325322900,NaN,NaN,NaN,NaN,NaN,NaN,NaN
1325322960,NaN,NaN,NaN,NaN,NaN,NaN,NaN
1325323020,NaN,NaN,NaN,NaN,NaN,NaN,NaN
1325323080,NaN,NaN,NaN,NaN,NaN,NaN,NaN
1325323140,NaN,NaN,NaN,NaN,NaN,NaN,NaN
1325323200,NaN,NaN,NaN,NaN,NaN,NaN,NaN
1325323260,NaN,NaN,NaN,NaN,NaN,NaN,NaN
1325323320,NaN,NaN,NaN,NaN,NaN,NaN,NaN
1325323380,NaN,NaN,NaN,NaN,NaN,NaN,NaN
1325323440,NaN,NaN,NaN,NaN,NaN,NaN,NaN
1325323500,NaN,NaN,NaN,NaN,NaN,NaN,NaN
1325323560,NaN,NaN,NaN,NaN,NaN,NaN,NaN
1325323620,NaN,NaN,NaN,NaN,NaN,NaN,NaN
1325323680,NaN,NaN,NaN,NaN,NaN,NaN,NaN
1325323740,NaN,NaN,NaN,NaN,NaN,NaN,NaN
1325323800,NaN,NaN,NaN,NaN,NaN,NaN,NaN
1325323860,NaN,NaN,NaN,NaN,NaN,NaN,NaN
1325323920,NaN,NaN,NaN,NaN,NaN,NaN,NaN
1325323980,NaN,NaN,NaN,NaN,NaN,NaN,NaN
1325324040,NaN,NaN,NaN,NaN,NaN,NaN,NaN
1325324100,NaN,NaN,NaN,NaN,NaN,NaN,NaN
1325324160,NaN,NaN,NaN,NaN,NaN,NaN,NaN
1325324220,NaN,NaN,NaN,NaN,NaN,NaN,NaN
1325324280,NaN,NaN,NaN,NaN,NaN,NaN,NaN
1325324340,NaN,NaN,NaN,NaN,NaN,NaN,NaN
1325324400,NaN,NaN,NaN,NaN,NaN,NaN,NaN
1325324460,NaN,NaN,NaN,NaN,NaN,NaN,NaN
1325324520,NaN,NaN,NaN,NaN,NaN,NaN,NaN
1325324580,NaN,NaN,NaN,NaN,NaN,NaN,NaN
1325324640,NaN,NaN,NaN,NaN,NaN,NaN,NaN
1325324700,NaN,NaN,NaN,NaN,NaN,NaN,NaN
1325324760,NaN,NaN,NaN,NaN,NaN,NaN,NaN
1325324820,NaN,NaN,NaN,NaN,NaN,NaN,NaN
1325324880,NaN,NaN,NaN,NaN,NaN,NaN,NaN
1325324940,NaN,NaN,NaN,NaN,NaN,NaN,NaN
1325325000,NaN,NaN,NaN,NaN,NaN,NaN,NaN
1325325060,NaN,NaN,NaN,NaN,NaN,NaN,NaN
1325325120,NaN,NaN,NaN,NaN,NaN,NaN,NaN
1325325180,NaN,NaN,NaN,NaN,NaN,NaN,NaN
1325325240,NaN,NaN,NaN,NaN,NaN,NaN,NaN
1325325300,NaN,NaN,NaN,NaN,NaN,NaN,NaN
1325325360,NaN,NaN,NaN,NaN,NaN,NaN,NaN
1325325420,NaN,NaN,NaN,NaN,NaN,NaN,NaN
1325325480,NaN,NaN,NaN,NaN,NaN,NaN,NaN
1325325540,NaN,NaN,NaN,NaN,NaN,NaN,NaN
1325325600,NaN,NaN,NaN,NaN,NaN,NaN,NaN
1325325660,NaN,NaN,NaN,NaN,NaN,NaN,NaN
1325325720,NaN,NaN,NaN,NaN,NaN,NaN,NaN
1325325780,NaN,NaN,NaN,NaN,NaN,NaN,NaN
1325325840,NaN,NaN,NaN,NaN,NaN,NaN,NaN
1325325900,NaN,NaN,NaN,NaN,NaN,NaN,NaN
1325325960,NaN,NaN,NaN,NaN,NaN,NaN,NaN
1325326020,NaN,NaN,NaN,NaN,NaN,NaN,NaN
1325326080,NaN,NaN,NaN,NaN,NaN,NaN,NaN
1325326140,NaN,NaN,NaN,NaN,NaN,NaN,NaN
1325326200,NaN,NaN,NaN,NaN,NaN,NaN,NaN
1325326260,NaN,NaN,NaN,NaN,NaN,NaN,NaN
1325326320,NaN,NaN,NaN,NaN,NaN,NaN,NaN
1325326380,NaN,NaN,NaN,NaN,NaN,NaN,NaN
1325326440,NaN,NaN,NaN,NaN,NaN,NaN,NaN
1325326500,NaN,NaN,NaN,NaN,NaN,NaN,NaN
1325326560,NaN,NaN,NaN,NaN,NaN,NaN,NaN
1325326620,NaN,NaN,NaN,NaN,NaN,NaN,NaN
1325326680,NaN,NaN,NaN,NaN,NaN,NaN,NaN
1325326740,NaN,NaN,NaN,NaN,NaN,NaN,NaN
1325326800,NaN,NaN,NaN,NaN,NaN,NaN,NaN
1325326860,NaN,NaN,NaN,NaN,NaN,NaN,NaN
1325326920,NaN,NaN,NaN,NaN,NaN,NaN,NaN
1325326980,NaN,NaN,NaN,NaN,NaN,NaN,NaN
1325327040,NaN,NaN,NaN,NaN,NaN,NaN,NaN
1325327100,NaN,NaN,NaN,NaN,NaN,NaN,NaN
1325327160,NaN,NaN,NaN,NaN,NaN,NaN,NaN
1325327220,NaN,NaN,NaN,NaN,NaN,NaN,NaN
1325327280,NaN,NaN,NaN,NaN,NaN,NaN,NaN
1325327340,NaN,NaN,NaN,NaN,NaN,NaN,NaN
1325327400,NaN,NaN,NaN,NaN,NaN,NaN,NaN
1325327460,NaN,NaN,NaN,NaN,NaN,NaN,NaN
1325327520,NaN,NaN,NaN,NaN,NaN,NaN,NaN
1325327580,NaN,NaN,NaN,NaN,NaN,NaN,NaN
1325327640,NaN,NaN,NaN,NaN,NaN,NaN,NaN
1325327700,NaN,NaN,NaN,NaN,NaN,NaN,NaN
1325327760,NaN,NaN,NaN,NaN,NaN,NaN,NaN
1325327820,NaN,NaN,NaN,NaN,NaN,NaN,NaN
1325327880,NaN,NaN,NaN,NaN,NaN,NaN,NaN
1325327940,NaN,NaN,NaN,NaN,NaN,NaN,NaN
1325328000,NaN,NaN,NaN,NaN,NaN,NaN,NaN
1325328060,NaN,NaN,NaN,NaN,NaN,NaN,NaN
1325328120,NaN,NaN,NaN,NaN,NaN,NaN,NaN
1325328180,NaN,NaN,NaN,NaN,NaN,NaN,NaN
1325328240,NaN,NaN,NaN,NaN,NaN,NaN,NaN
1325328300,NaN,NaN,NaN,NaN,NaN,NaN,NaN
1325328360,NaN,NaN,NaN,NaN,NaN,NaN,NaN
1325328420,NaN,NaN,NaN,NaN,NaN,NaN,NaN
1325328480,NaN,NaN,NaN,NaN,NaN,NaN,NaN
1325328540,NaN,NaN,NaN,NaN,NaN,NaN,NaN
1325328600,NaN,NaN,NaN,NaN,NaN,NaN,NaN
1325328660,NaN,NaN,NaN,NaN,NaN,NaN,NaN
1325328720,NaN,NaN,NaN,NaN,NaN,NaN,NaN
1325328780,NaN,NaN,NaN,NaN,NaN,NaN,NaN
1325328840,NaN,NaN,NaN,NaN,NaN,NaN,NaN
1325328900,NaN,NaN,NaN,NaN,NaN,NaN,NaN
1325328960,NaN,NaN,NaN,NaN,NaN,NaN,NaN
1325329020,NaN,NaN,NaN,NaN,NaN,NaN,NaN
1325329080,NaN,NaN,NaN,NaN,NaN,NaN,NaN
1325329140,NaN,NaN,NaN,NaN,NaN,NaN,NaN
1325329200,NaN,NaN,NaN,NaN,NaN,NaN,NaN
1325329260,NaN,NaN,NaN,NaN,NaN,NaN,NaN
1325329320,NaN,NaN,NaN,NaN,NaN,NaN,NaN
1325329380,NaN,NaN,NaN,NaN,NaN,NaN,NaN
1325329440,NaN,NaN,NaN,NaN,NaN,NaN,NaN
1325329500,NaN,NaN,NaN,NaN,NaN,NaN,NaN
1325329560,NaN,NaN,NaN,NaN,NaN,NaN,NaN
1325329620,NaN,NaN,NaN,NaN,NaN,NaN,NaN
1325329680,NaN,NaN,NaN,NaN,NaN,NaN,NaN
1325329740,NaN,NaN,NaN,NaN,NaN,NaN,NaN
1325329800,NaN,NaN,NaN,NaN,NaN,NaN,NaN
1325329860,NaN,NaN,NaN,NaN,NaN,NaN,NaN
1325329920,NaN,NaN,NaN,NaN,NaN,NaN,NaN
1325329980,NaN,NaN,NaN,NaN,NaN,NaN,NaN
1325330040,NaN,NaN,NaN,NaN,NaN,NaN,NaN
1325330100,NaN,NaN,NaN,NaN,NaN,NaN,NaN
1325330160,NaN,NaN,NaN,NaN,NaN,NaN,NaN
1325330220,NaN,NaN,NaN,NaN,NaN,NaN,NaN
1325330280,NaN,NaN,NaN,NaN,NaN,NaN,NaN
1325330340,NaN,NaN,NaN,NaN,NaN,NaN,NaN
1325330400,NaN,NaN,NaN,NaN,NaN,NaN,NaN
1325330460,NaN,NaN,NaN,NaN,NaN,NaN,NaN
1325330520,NaN,NaN,NaN,NaN,NaN,NaN,NaN
1325330580,NaN,NaN,NaN,NaN,NaN,NaN,NaN
1325330640,NaN,NaN,NaN,NaN,NaN,NaN,NaN
1325330700,NaN,NaN,NaN,NaN,NaN,NaN,NaN
1325330760,NaN,NaN,NaN,NaN,NaN,NaN,NaN
1325330820,NaN,NaN,NaN,NaN,NaN,NaN,NaN
1325330880,NaN,NaN,NaN,NaN,NaN,NaN,NaN
1325330940,NaN,NaN,NaN,NaN,NaN,NaN,NaN
1325331000,NaN,NaN,NaN,NaN,NaN,NaN,NaN
1325331060,NaN,NaN,NaN,NaN,NaN,NaN,NaN
1325331120,NaN,NaN,NaN,NaN,NaN,NaN,NaN
1325331180,NaN,NaN,NaN,NaN,NaN,NaN,NaN
1325331240,NaN,NaN,NaN,NaN,NaN,NaN,NaN
1325331300,NaN,NaN,NaN,NaN,NaN,NaN,NaN
1325331360,NaN,NaN,NaN,NaN,NaN,NaN,NaN
1325331420,NaN,NaN,NaN,NaN,NaN,NaN,NaN
1325331480,NaN,NaN,NaN,NaN,NaN,NaN,NaN
1325331540,NaN,NaN,NaN,NaN,NaN,NaN,NaN
1325331600,NaN,NaN,NaN,NaN,NaN,NaN,NaN
1325331660,NaN,NaN,NaN,NaN,NaN,NaN,NaN
1325331720,NaN,NaN,NaN,NaN,NaN,NaN,NaN
1325331780,NaN,NaN,NaN,NaN,NaN,NaN,NaN
1325331840,NaN,NaN,NaN,NaN,NaN,NaN,NaN
1325331900,NaN,NaN,NaN,NaN,NaN,NaN,NaN
1325331960,NaN,NaN,NaN,NaN,NaN,NaN,NaN
1325332020,NaN,NaN,NaN,NaN,NaN,NaN,NaN
1325332080,NaN,NaN,NaN,NaN,NaN,NaN,NaN
1325332140,NaN,NaN,NaN,NaN,NaN,NaN,NaN
1325332200,NaN,NaN,NaN,NaN,NaN,NaN,NaN
1325332260,NaN,NaN,NaN,NaN,NaN,NaN,NaN
1325332320,NaN,NaN,NaN,NaN,NaN,NaN,NaN
1325332380,NaN,NaN,NaN,NaN,NaN,NaN,NaN
1325332440,NaN,NaN,NaN,NaN,NaN,NaN,NaN
1325332500,NaN,NaN,NaN,NaN,NaN,NaN,NaN
1325332560,NaN,NaN,NaN,NaN,NaN,NaN,NaN
1325332620,NaN,NaN,NaN,NaN,NaN,NaN,NaN
1325332680,NaN,NaN,NaN,NaN,NaN,NaN,NaN
1325332740,NaN,NaN,NaN,NaN,NaN,NaN,NaN
1325332800,NaN,NaN,NaN,NaN,NaN,NaN,NaN
1325332860,NaN,NaN,NaN,NaN,NaN,NaN,NaN
1325332920,NaN,NaN,NaN,NaN,NaN,NaN,NaN
1325332980,NaN,NaN,NaN,NaN,NaN,NaN,NaN
1325333040,NaN,NaN,NaN,NaN,NaN,NaN,NaN
1325333100,NaN,NaN,NaN,NaN,NaN,NaN,NaN
1325333160,NaN,NaN,NaN,NaN,NaN,NaN,NaN
1325333220,NaN,NaN,NaN,NaN,NaN,NaN,NaN
1325333280,NaN,NaN,NaN,NaN,NaN,NaN,NaN
1325333340,NaN,NaN,NaN,NaN,NaN,NaN,NaN
1325333400,NaN,NaN,NaN,NaN,NaN,NaN,NaN
1325333460,NaN,NaN,NaN,NaN,NaN,NaN,NaN
1325333520,NaN,NaN,NaN,NaN,NaN,NaN,NaN
1325333580,NaN,NaN,NaN,NaN,NaN,NaN,NaN
1325333640,NaN,NaN,NaN,NaN,NaN,NaN,NaN
1325333700,NaN,NaN,NaN,NaN,NaN,NaN,NaN
1325333760,NaN,NaN,NaN,NaN,NaN,NaN,NaN
1325333820,NaN,NaN,NaN,NaN,NaN,NaN,NaN
1325333880,NaN,NaN,NaN,NaN,NaN,NaN,NaN
1325333940,NaN,NaN,NaN,NaN,NaN,NaN,NaN
1325334000,NaN,NaN,NaN,NaN,NaN,NaN,NaN
1325334060,NaN,NaN,NaN,NaN,NaN,NaN,NaN
1325334120,NaN,NaN,NaN,NaN,NaN,NaN,NaN
1325334180,NaN,NaN,NaN,NaN,NaN,NaN,NaN
1325334240,NaN,NaN,NaN,NaN,NaN,NaN,NaN
1325334300,NaN,NaN,NaN,NaN,NaN,NaN,NaN
1325334360,NaN,NaN,NaN,NaN,NaN,NaN,NaN
1325334420,NaN,NaN,NaN,NaN,NaN,NaN,NaN
1325334480,NaN,NaN,NaN,NaN,NaN,NaN,NaN
1325334540,NaN,NaN,NaN,NaN,NaN,NaN,NaN
1325334600,NaN,NaN,NaN,NaN,NaN,NaN,NaN
1325334660,NaN,NaN,NaN,NaN,NaN,NaN,NaN
1325334720,NaN,NaN,NaN,NaN,NaN,NaN,NaN
1325334780,NaN,NaN,NaN,NaN,NaN,NaN,NaN
1325334840,NaN,NaN,NaN,NaN,NaN,NaN,NaN
1325334900,NaN,NaN,NaN,NaN,NaN,NaN,NaN
1325334960,NaN,NaN,NaN,NaN,NaN,NaN,NaN
1325335020,NaN,NaN,NaN,NaN,NaN,NaN,NaN
1325335080,NaN,NaN,NaN,NaN,NaN,NaN,NaN
1325335140,NaN,NaN,NaN,NaN,NaN,NaN,NaN
1325335200,NaN,NaN,NaN,NaN,NaN,NaN,NaN
1325335260,NaN,NaN,NaN,NaN,NaN,NaN,NaN
1325335320,NaN,NaN,NaN,NaN,NaN,NaN,NaN
1325335380,NaN,NaN,NaN,NaN,NaN,NaN,NaN
1325335440,NaN,NaN,NaN,NaN,NaN,NaN,NaN
1325335500,NaN,NaN,NaN,NaN,NaN,NaN,NaN
1325335560,NaN,NaN,NaN,NaN,NaN,NaN,NaN
1325335620,NaN,NaN,NaN,NaN,NaN,NaN,NaN
1325335680,NaN,NaN,NaN,NaN,NaN,NaN,NaN
1325335740,NaN,NaN,NaN,NaN,NaN,NaN,NaN
1325335800,NaN,NaN,NaN,NaN,NaN,NaN,NaN
1325335860,NaN,NaN,NaN,NaN,NaN,NaN,NaN
1325335920,NaN,NaN,NaN,NaN,NaN,NaN,NaN
1325335980,NaN,NaN,NaN,NaN,NaN,NaN,NaN
1325336040,NaN,NaN,NaN,NaN,NaN,NaN,NaN
1325336100,NaN,NaN,NaN,NaN,NaN,NaN,NaN
1325336160,NaN,NaN,NaN,NaN,NaN,NaN,NaN
1325336220,NaN,NaN,NaN,NaN,NaN,NaN,NaN
1325336280,NaN,NaN,NaN,NaN,NaN,NaN,NaN
1325336340,NaN,NaN,NaN,NaN,NaN,NaN,NaN
1325336400,NaN,NaN,NaN,NaN,NaN,NaN,NaN
1325336460,NaN,NaN,NaN,NaN,NaN,NaN,NaN
1325336520,NaN,NaN,NaN,NaN,NaN,NaN,NaN
1325336580,NaN,NaN,NaN,NaN,NaN,NaN,NaN
1325336640,NaN,NaN,NaN,NaN,NaN,NaN,NaN
1325336700,NaN,NaN,NaN,NaN,NaN,NaN,NaN
1325336760,NaN,NaN,NaN,NaN,NaN,NaN,NaN
1325336820,NaN,NaN,NaN,NaN,NaN,NaN,NaN
1325336880,NaN,NaN,NaN,NaN,NaN,NaN,NaN
1325336940,NaN,NaN,NaN,NaN,NaN,NaN,NaN
1325337000,NaN,NaN,NaN,NaN,NaN,NaN,NaN
1325337060,NaN,NaN,NaN,NaN,NaN,NaN,NaN
1325337120,NaN,NaN,NaN,NaN,NaN,NaN,NaN
1325337180,NaN,NaN,NaN,NaN,NaN,NaN,NaN
1325337240,NaN,NaN,NaN,NaN,NaN,NaN,NaN
1325337300,NaN,NaN,NaN,NaN,NaN,NaN,NaN
1325337360,NaN,NaN,NaN,NaN,NaN,NaN,NaN
1325337420,NaN,NaN,NaN,NaN,NaN,NaN,NaN
1325337480,NaN,NaN,NaN,NaN,NaN,NaN,NaN
1325337540,NaN,NaN,NaN,NaN,NaN,NaN,NaN
1325337600,NaN,NaN,NaN,NaN,NaN,NaN,NaN
1325337660,NaN,NaN,NaN,NaN,NaN,NaN,NaN
1325337720,NaN,NaN,NaN,NaN,NaN,NaN,NaN
1325337780,NaN,NaN,NaN,NaN,NaN,NaN,NaN
1325337840,NaN,NaN,NaN,NaN,NaN,NaN,NaN
1325337900,NaN,NaN,NaN,NaN,NaN,NaN,NaN
1325337960,NaN,NaN,NaN,NaN,NaN,NaN,NaN
1325338020,NaN,NaN,NaN,NaN,NaN,NaN,NaN
1325338080,NaN,NaN,NaN,NaN,NaN,NaN,NaN
1325338140,NaN,NaN,NaN,NaN,NaN,NaN,NaN
1325338200,NaN,NaN,NaN,NaN,NaN,NaN,NaN
1325338260,NaN,NaN,NaN,NaN,NaN,NaN,NaN
1325338320,NaN,NaN,NaN,NaN,NaN,NaN,NaN
1325338380,NaN,NaN,NaN,NaN,NaN,NaN,NaN
1325338440,NaN,NaN,NaN,NaN,NaN,NaN,NaN
1325338500,NaN,NaN,NaN,NaN,NaN,NaN,NaN
1325338560,NaN,NaN,NaN,NaN,NaN,NaN,NaN
1325338620,NaN,NaN,NaN,NaN,NaN,NaN,NaN
1325338680,NaN,NaN,NaN,NaN,NaN,NaN,NaN
1325338740,NaN,NaN,NaN,NaN,NaN,NaN,NaN
1325338800,NaN,NaN,NaN,NaN,NaN,NaN,NaN
1325338860,NaN,NaN,NaN,NaN,NaN,NaN,NaN
1325338920,NaN,NaN,NaN,NaN,NaN,NaN,NaN
1325338980,NaN,NaN,NaN,NaN,NaN,NaN,NaN
1325339040,NaN,NaN,NaN,NaN,NaN,NaN,NaN
1325339100,NaN,NaN,NaN,NaN,NaN,NaN,NaN
1325339160,NaN,NaN,NaN,NaN,NaN,NaN,NaN
1325339220,NaN,NaN,NaN,NaN,NaN,NaN,NaN
1325339280,NaN,NaN,NaN,NaN,NaN,NaN,NaN
1325339340,NaN,NaN,NaN,NaN,NaN,NaN,NaN
1325339400,NaN,NaN,NaN,NaN,NaN,NaN,NaN
1325339460,NaN,NaN,NaN,NaN,NaN,NaN,NaN
1325339520,NaN,NaN,NaN,NaN,NaN,NaN,NaN
1325339580,NaN,NaN,NaN,NaN,NaN,NaN,NaN
1325339640,NaN,NaN,NaN,NaN,NaN,NaN,NaN
1325339700,NaN,NaN,NaN,NaN,NaN,NaN,NaN
1325339760,NaN,NaN,NaN,NaN,NaN,NaN,NaN
1325339820,NaN,NaN,NaN,NaN,NaN,NaN,NaN
1325339880,NaN,NaN,NaN,NaN,NaN,NaN,NaN
1325339940,NaN,NaN,NaN,NaN,NaN,NaN,NaN
1325340000,NaN,NaN,NaN,NaN,NaN,NaN,NaN
1325340060,NaN,NaN,NaN,NaN,NaN,NaN,NaN
1325340120,NaN,NaN,NaN,NaN,NaN,NaN,NaN
1325340180,NaN,NaN,NaN,NaN,NaN,NaN,NaN
1325340240,NaN,NaN,NaN,NaN,NaN,NaN,NaN
1325340300,NaN,NaN,NaN,NaN,NaN,NaN,NaN
1325340360,NaN,NaN,NaN,NaN,NaN,NaN,NaN
1325340420,NaN,NaN,NaN,NaN,NaN,NaN,NaN
1325340480,NaN,NaN,NaN,NaN,NaN,NaN,NaN
1325340540,NaN,NaN,NaN,NaN,NaN,NaN,NaN
1325340600,NaN,NaN,NaN,NaN,NaN,NaN,NaN
1325340660,NaN,NaN,NaN,NaN,NaN,NaN,NaN
1325340720,NaN,NaN,NaN,NaN,NaN,NaN,NaN
1325340780,NaN,NaN,NaN,NaN,NaN,NaN,NaN
1325340840,NaN,NaN,NaN,NaN,NaN,NaN,NaN
1325340900,NaN,NaN,NaN,NaN,NaN,NaN,NaN
1325340960,NaN,NaN,NaN,NaN,NaN,NaN,NaN
1325341020,NaN,NaN,NaN,NaN,NaN,NaN,NaN
1325341080,NaN,NaN,NaN,NaN,NaN,NaN,NaN
1325341140,NaN,NaN,NaN,NaN,NaN,NaN,NaN
1325341200,NaN,NaN,NaN,NaN,NaN,NaN,NaN
1325341260,NaN,NaN,NaN,NaN,NaN,NaN,NaN
1325341320,NaN,NaN,NaN,NaN,NaN,NaN,NaN
1325341380,NaN,NaN,NaN,NaN,NaN,NaN,NaN
1325341440,NaN,NaN,NaN,NaN,NaN,NaN,NaN
1325341500,NaN,NaN,NaN,NaN,NaN,NaN,NaN
1325341560,NaN,NaN,NaN,NaN,NaN,NaN,NaN
1325341620,NaN,NaN,NaN,NaN,NaN,NaN,NaN
1325341680,NaN,NaN,NaN,NaN,NaN,NaN,NaN
1325341740,NaN,NaN,NaN,NaN,NaN,NaN,NaN
1325341800,NaN,NaN,NaN,NaN,NaN,NaN,NaN
1325341860,NaN,NaN,NaN,NaN,NaN,NaN,NaN
1325341920,NaN,NaN,NaN,NaN,NaN,NaN,NaN
1325341980,NaN,NaN,NaN,NaN,NaN,NaN,NaN
1325342040,NaN,NaN,NaN,NaN,NaN,NaN,NaN
1325342100,NaN,NaN,NaN,NaN,NaN,NaN,NaN
1325342160,NaN,NaN,NaN,NaN,NaN,NaN,NaN
1325342220,NaN,NaN,NaN,NaN,NaN,NaN,NaN
1325342280,NaN,NaN,NaN,NaN,NaN,NaN,NaN
1325342340,NaN,NaN,NaN,NaN,NaN,NaN,NaN
1325342400,NaN,NaN,NaN,NaN,NaN,NaN,NaN
1325342460,NaN,NaN,NaN,NaN,NaN,NaN,NaN
1325342520,NaN,NaN,NaN,NaN,NaN,NaN,NaN
1325342580,NaN,NaN,NaN,NaN,NaN,NaN,NaN
1325342640,NaN,NaN,NaN,NaN,NaN,NaN,NaN
1325342700,NaN,NaN,NaN,NaN,NaN,NaN,NaN
1325342760,NaN,NaN,NaN,NaN,NaN,NaN,NaN
1325342820,NaN,NaN,NaN,NaN,NaN,NaN,NaN
1325342880,NaN,NaN,NaN,NaN,NaN,NaN,NaN
1325342940,NaN,NaN,NaN,NaN,NaN,NaN,NaN
1325343000,NaN,NaN,NaN,NaN,NaN,NaN,NaN
1325343060,NaN,NaN,NaN,NaN,NaN,NaN,NaN
1325343120,NaN,NaN,NaN,NaN,NaN,NaN,NaN
1325343180,NaN,NaN,NaN,NaN,NaN,NaN,NaN
1325343240,NaN,NaN,NaN,NaN,NaN,NaN,NaN
1325343300,NaN,NaN,NaN,NaN,NaN,NaN,NaN
1325343360,NaN,NaN,NaN,NaN,NaN,NaN,NaN
1325343420,NaN,NaN,NaN,NaN,NaN,NaN,NaN
1325343480,NaN,NaN,NaN,NaN,NaN,NaN,NaN
1325343540,NaN,NaN,NaN,NaN,NaN,NaN,NaN
1325343600,NaN,NaN,NaN,NaN,NaN,NaN,NaN
1325343660,NaN,NaN,NaN,NaN,NaN,NaN,NaN
1325343720,NaN,NaN,NaN,NaN,NaN,NaN,NaN
1325343780,NaN,NaN,NaN,NaN,NaN,NaN,NaN
1325343840,NaN,NaN,NaN,NaN,NaN,NaN,NaN
1325343900,NaN,NaN,NaN,NaN,NaN,NaN,NaN
1325343960,NaN,NaN,NaN,NaN,NaN,NaN,NaN
1325344020,NaN,NaN,NaN,NaN,NaN,NaN,NaN
1325344080,NaN,NaN,NaN,NaN,NaN,NaN,NaN
1325344140,NaN,NaN,NaN,NaN,NaN,NaN,NaN
1325344200,NaN,NaN,NaN,NaN,NaN,NaN,NaN
1325344260,NaN,NaN,NaN,NaN,NaN,NaN,NaN
1325344320,NaN,NaN,NaN,NaN,NaN,NaN,NaN
1325344380,NaN,NaN,NaN,NaN,NaN,NaN,NaN
1325344440,NaN,NaN,NaN,NaN,NaN,NaN,NaN
1325344500,NaN,NaN,NaN,NaN,NaN,NaN,NaN
1325344560,NaN,NaN,NaN,NaN,NaN,NaN,NaN
1325344620,NaN,NaN,NaN,NaN,NaN,NaN,NaN
1325344680,NaN,NaN,NaN,NaN,NaN,NaN,NaN
1325344740,NaN,NaN,NaN,NaN,NaN,NaN,NaN
1325344800,NaN,NaN,NaN,NaN,NaN,NaN,NaN
1325344860,NaN,NaN,NaN,NaN,NaN,NaN,NaN
1325344920,NaN,NaN,NaN,NaN,NaN,NaN,NaN
1325344980,NaN,NaN,NaN,NaN,NaN,NaN,NaN
1325345040,NaN,NaN,NaN,NaN,NaN,NaN,NaN
1325345100,NaN,NaN,NaN,NaN,NaN,NaN,NaN
1325345160,NaN,NaN,NaN,NaN,NaN,NaN,NaN
1325345220,NaN,NaN,NaN,NaN,NaN,NaN,NaN
1325345280,NaN,NaN,NaN,NaN,NaN,NaN,NaN
1325345340,NaN,NaN,NaN,NaN,NaN,NaN,NaN
1325345400,NaN,NaN,NaN,NaN,NaN,NaN,NaN
1325345460,NaN,NaN,NaN,NaN,NaN,NaN,NaN
1325345520,NaN,NaN,NaN,NaN,NaN,NaN,NaN
1325345580,NaN,NaN,NaN,NaN,NaN,NaN,NaN
1325345640,NaN,NaN,NaN,NaN,NaN,NaN,NaN
1325345700,NaN,NaN,NaN,NaN,NaN,NaN,NaN
1325345760,NaN,NaN,NaN,NaN,NaN,NaN,NaN
1325345820,NaN,NaN,NaN,NaN,NaN,NaN,NaN
1325345880,NaN,NaN,NaN,NaN,NaN,NaN,NaN
1325345940,NaN,NaN,NaN,NaN,NaN,NaN,NaN
1325346000,NaN,NaN,NaN,NaN,NaN,NaN,NaN
1325346060,NaN,NaN,NaN,NaN,NaN,NaN,NaN
1325346120,NaN,NaN,NaN,NaN,NaN,NaN,NaN
1325346180,NaN,NaN,NaN,NaN,NaN,NaN,NaN
1325346240,NaN,NaN,NaN,NaN,NaN,NaN,NaN
1325346300,NaN,NaN,NaN,NaN,NaN,NaN,NaN
1325346360,NaN,NaN,NaN,NaN,NaN,NaN,NaN
1325346420,NaN,NaN,NaN,NaN,NaN,NaN,NaN
1325346480,NaN,NaN,NaN,NaN,NaN,NaN,NaN
1325346540,NaN,NaN,NaN,NaN,NaN,NaN,NaN
1325346600,4.39,4.39,4.39,4.39,48,210.72,4.39
1325346660,NaN,NaN,NaN,NaN,NaN,NaN,NaN
1325346720,NaN,NaN,NaN,NaN,NaN,NaN,NaN
1325346780,NaN,NaN,NaN,NaN,NaN,NaN,NaN
1325346840,NaN,NaN,NaN,NaN,NaN,NaN,NaN
1325346900,NaN,NaN,NaN,NaN,NaN,NaN,NaN
1325346960,NaN,NaN,NaN,NaN,NaN,NaN,NaN
1325347020,NaN,NaN,NaN,NaN,NaN,NaN,NaN
1325347080,NaN,NaN,NaN,NaN,NaN,NaN,NaN
1325347140,NaN,NaN,NaN,NaN,NaN,NaN,NaN
1325347200,NaN,NaN,NaN,NaN,NaN,NaN,NaN
1325347260,NaN,NaN,NaN,NaN,NaN,NaN,NaN
1325347320,NaN,NaN,NaN,NaN,NaN,NaN,NaN
1325347380,NaN,NaN,NaN,NaN,NaN,NaN,NaN
1325347440,NaN,NaN,NaN,NaN,NaN,NaN,NaN
1325347500,NaN,NaN,NaN,NaN,NaN,NaN,NaN
1325347560,NaN,NaN,NaN,NaN,NaN,NaN,NaN
1325347620,NaN,NaN,NaN,NaN,NaN,NaN,NaN
1325347680,NaN,NaN,NaN,NaN,NaN,NaN,NaN
1325347740,NaN,NaN,NaN,NaN,NaN,NaN,NaN
1325347800,NaN,NaN,NaN,NaN,NaN,NaN,NaN
1325347860,NaN,NaN,NaN,NaN,NaN,NaN,NaN
1325347920,NaN,NaN,NaN,NaN,NaN,NaN,NaN
1325347980,NaN,NaN,NaN,NaN,NaN,NaN,NaN
1325348040,NaN,NaN,NaN,NaN,NaN,NaN,NaN
1325348100,NaN,NaN,NaN,NaN,NaN,NaN,NaN
1325348160,NaN,NaN,NaN,NaN,NaN,NaN,NaN
1325348220,NaN,NaN,NaN,NaN,NaN,NaN,NaN
1325348280,NaN,NaN,NaN,NaN,NaN,NaN,NaN
1325348340,NaN,NaN,NaN,NaN,NaN,NaN,NaN
1325348400,NaN,NaN,NaN,NaN,NaN,NaN,NaN
1325348460,NaN,NaN,NaN,NaN,NaN,NaN,NaN
1325348520,NaN,NaN,NaN,NaN,NaN,NaN,NaN
1325348580,NaN,NaN,NaN,NaN,NaN,NaN,NaN
1325348640,NaN,NaN,NaN,NaN,NaN,NaN,NaN
1325348700,NaN,NaN,NaN,NaN,NaN,NaN,NaN
1325348760,NaN,NaN,NaN,NaN,NaN,NaN,NaN
1325348820,NaN,NaN,NaN,NaN,NaN,NaN,NaN
1325348880,NaN,NaN,NaN,NaN,NaN,NaN,NaN
1325348940,NaN,NaN,NaN,NaN,NaN,NaN,NaN
1325349000,NaN,NaN,NaN,NaN,NaN,NaN,NaN
1325349060,NaN,NaN,NaN,NaN,NaN,NaN,NaN
1325349120,NaN,NaN,NaN,NaN,NaN,NaN,NaN
1325349180,NaN,NaN,NaN,NaN,NaN,NaN,NaN
1325349240,NaN,NaN,NaN,NaN,NaN,NaN,NaN
1325349300,NaN,NaN,NaN,NaN,NaN,NaN,NaN
1325349360,NaN,NaN,NaN,NaN,NaN,NaN,NaN
1325349420,NaN,NaN,NaN,NaN,NaN,NaN,NaN
1325349480,NaN,NaN,NaN,NaN,NaN,NaN,NaN
1325349540,NaN,NaN,NaN,NaN,NaN,NaN,NaN
1325349600,NaN,NaN,NaN,NaN,NaN,NaN,NaN
1325349660,NaN,NaN,NaN,NaN,NaN,NaN,NaN
1325349720,NaN,NaN,NaN,NaN,NaN,NaN,NaN
1325349780,NaN,NaN,NaN,NaN,NaN,NaN,NaN
1325349840,NaN,NaN,NaN,NaN,NaN,NaN,NaN
1325349900,NaN,NaN,NaN,NaN,NaN,NaN,NaN
1325349960,NaN,NaN,NaN,NaN,NaN,NaN,NaN
1325350020,NaN,NaN,NaN,NaN,NaN,NaN,NaN
1325350080,NaN,NaN,NaN,NaN,NaN,NaN,NaN
1325350140,NaN,NaN,NaN,NaN,NaN,NaN,NaN
1325350200,NaN,NaN,NaN,NaN,NaN,NaN,NaN
1325350260,NaN,NaN,NaN,NaN,NaN,NaN,NaN
1325350320,NaN,NaN,NaN,NaN,NaN,NaN,NaN
1325350380,NaN,NaN,NaN,NaN,NaN,NaN,NaN
1325350440,NaN,NaN,NaN,NaN,NaN,NaN,NaN
1325350500,NaN,NaN,NaN,NaN,NaN,NaN,NaN
1325350560,NaN,NaN,NaN,NaN,NaN,NaN,NaN
1325350620,NaN,NaN,NaN,NaN,NaN,NaN,NaN
1325350680,NaN,NaN,NaN,NaN,NaN,NaN,NaN
1325350740,4.5,4.57,4.5,4.57,37.86229723,171.38033753,4.5264114983
1325350800,4.58,4.58,4.58,4.58,9,41.22,4.58
1325350860,NaN,NaN,NaN,NaN,NaN,NaN,NaN
1325350920,NaN,NaN,NaN,NaN,NaN,NaN,NaN
1325350980,NaN,NaN,NaN,NaN,NaN,NaN,NaN
1325351040,NaN,NaN,NaN,NaN,NaN,NaN,NaN
1325351100,NaN,NaN,NaN,NaN,NaN,NaN,NaN
1325351160,NaN,NaN,NaN,NaN,NaN,NaN,NaN
1325351220,NaN,NaN,NaN,NaN,NaN,NaN,NaN
1325351280,NaN,NaN,NaN,NaN,NaN,NaN,NaN
1325351340,NaN,NaN,NaN,NaN,NaN,NaN,NaN
1325351400,NaN,NaN,NaN,NaN,NaN,NaN,NaN
1325351460,NaN,NaN,NaN,NaN,NaN,NaN,NaN
1325351520,NaN,NaN,NaN,NaN,NaN,NaN,NaN
1325351580,NaN,NaN,NaN,NaN,NaN,NaN,NaN
1325351640,NaN,NaN,NaN,NaN,NaN,NaN,NaN
1325351700,NaN,NaN,NaN,NaN,NaN,NaN,NaN
1325351760,NaN,NaN,NaN,NaN,NaN,NaN,NaN
1325351820,NaN,NaN,NaN,NaN,NaN,NaN,NaN
1325351880,NaN,NaN,NaN,NaN,NaN,NaN,NaN
1325351940,NaN,NaN,NaN,NaN,NaN,NaN,NaN
1325352000,NaN,NaN,NaN,NaN,NaN,NaN,NaN
1325352060,NaN,NaN,NaN,NaN,NaN,NaN,NaN
1325352120,NaN,NaN,NaN,NaN,NaN,NaN,NaN
1325352180,NaN,NaN,NaN,NaN,NaN,NaN,NaN
1325352240,NaN,NaN,NaN,NaN,NaN,NaN,NaN
1325352300,NaN,NaN,NaN,NaN,NaN,NaN,NaN
1325352360,NaN,NaN,NaN,NaN,NaN,NaN,NaN
1325352420,NaN,NaN,NaN,NaN,NaN,NaN,NaN
1325352480,NaN,NaN,NaN,NaN,NaN,NaN,NaN
1325352540,NaN,NaN,NaN,NaN,NaN,NaN,NaN
1325352600,NaN,NaN,NaN,NaN,NaN,NaN,NaN
1325352660,NaN,NaN,NaN,NaN,NaN,NaN,NaN
1325352720,NaN,NaN,NaN,NaN,NaN,NaN,NaN
1325352780,NaN,NaN,NaN,NaN,NaN,NaN,NaN
1325352840,NaN,NaN,NaN,NaN,NaN,NaN,NaN
1325352900,NaN,NaN,NaN,NaN,NaN,NaN,NaN
1325352960,NaN,NaN,NaN,NaN,NaN,NaN,NaN
1325353020,NaN,NaN,NaN,NaN,NaN,NaN,NaN
1325353080,NaN,NaN,NaN,NaN,NaN,NaN,NaN
1325353140,NaN,NaN,NaN,NaN,NaN,NaN,NaN
1325353200,NaN,NaN,NaN,NaN,NaN,NaN,NaN
1325353260,NaN,NaN,NaN,NaN,NaN,NaN,NaN
1325353320,NaN,NaN,NaN,NaN,NaN,NaN,NaN
1325353380,NaN,NaN,NaN,NaN,NaN,NaN,NaN
1325353440,NaN,NaN,NaN,NaN,NaN,NaN,NaN
1325353500,NaN,NaN,NaN,NaN,NaN,NaN,NaN
1325353560,NaN,NaN,NaN,NaN,NaN,NaN,NaN
1325353620,NaN,NaN,NaN,NaN,NaN,NaN,NaN
1325353680,NaN,NaN,NaN,NaN,NaN,NaN,NaN
1325353740,NaN,NaN,NaN,NaN,NaN,NaN,NaN
1325353800,NaN,NaN,NaN,NaN,NaN,NaN,NaN
1325353860,NaN,NaN,NaN,NaN,NaN,NaN,NaN
1325353920,NaN,NaN,NaN,NaN,NaN,NaN,NaN
1325353980,NaN,NaN,NaN,NaN,NaN,NaN,NaN
1325354040,NaN,NaN,NaN,NaN,NaN,NaN,NaN
1325354100,NaN,NaN,NaN,NaN,NaN,NaN,NaN
1325354160,NaN,NaN,NaN,NaN,NaN,NaN,NaN
1325354220,NaN,NaN,NaN,NaN,NaN,NaN,NaN
1325354280,NaN,NaN,NaN,NaN,NaN,NaN,NaN
1325354340,NaN,NaN,NaN,NaN,NaN,NaN,NaN
1325354400,NaN,NaN,NaN,NaN,NaN,NaN,NaN
1325354460,NaN,NaN,NaN,NaN,NaN,NaN,NaN
1325354520,NaN,NaN,NaN,NaN,NaN,NaN,NaN
1325354580,NaN,NaN,NaN,NaN,NaN,NaN,NaN
1325354640,NaN,NaN,NaN,NaN,NaN,NaN,NaN
1325354700,NaN,NaN,NaN,NaN,NaN,NaN,NaN
1325354760,NaN,NaN,NaN,NaN,NaN,NaN,NaN
1325354820,NaN,NaN,NaN,NaN,NaN,NaN,NaN
1325354880,NaN,NaN,NaN,NaN,NaN,NaN,NaN
1325354940,NaN,NaN,NaN,NaN,NaN,NaN,NaN
1325355000,NaN,NaN,NaN,NaN,NaN,NaN,NaN
1325355060,NaN,NaN,NaN,NaN,NaN,NaN,NaN
1325355120,NaN,NaN,NaN,NaN,NaN,NaN,NaN
1325355180,NaN,NaN,NaN,NaN,NaN,NaN,NaN
1325355240,NaN,NaN,NaN,NaN,NaN,NaN,NaN
1325355300,NaN,NaN,NaN,NaN,NaN,NaN,NaN
1325355360,NaN,NaN,NaN,NaN,NaN,NaN,NaN
1325355420,NaN,NaN,NaN,NaN,NaN,NaN,NaN
1325355480,NaN,NaN,NaN,NaN,NaN,NaN,NaN
1325355540,NaN,NaN,NaN,NaN,NaN,NaN,NaN
1325355600,NaN,NaN,NaN,NaN,NaN,NaN,NaN
1325355660,NaN,NaN,NaN,NaN,NaN,NaN,NaN
1325355720,NaN,NaN,NaN,NaN,NaN,NaN,NaN
1325355780,NaN,NaN,NaN,NaN,NaN,NaN,NaN
1325355840,NaN,NaN,NaN,NaN,NaN,NaN,NaN
1325355900,NaN,NaN,NaN,NaN,NaN,NaN,NaN
1325355960,NaN,NaN,NaN,NaN,NaN,NaN,NaN
1325356020,NaN,NaN,NaN,NaN,NaN,NaN,NaN
1325356080,NaN,NaN,NaN,NaN,NaN,NaN,NaN
1325356140,NaN,NaN,NaN,NaN,NaN,NaN,NaN
1325356200,NaN,NaN,NaN,NaN,NaN,NaN,NaN
1325356260,NaN,NaN,NaN,NaN,NaN,NaN,NaN
1325356320,NaN,NaN,NaN,NaN,NaN,NaN,NaN
1325356380,NaN,NaN,NaN,NaN,NaN,NaN,NaN
1325356440,NaN,NaN,NaN,NaN,NaN,NaN,NaN
1325356500,NaN,NaN,NaN,NaN,NaN,NaN,NaN
1325356560,NaN,NaN,NaN,NaN,NaN,NaN,NaN
1325356620,NaN,NaN,NaN,NaN,NaN,NaN,NaN
1325356680,NaN,NaN,NaN,NaN,NaN,NaN,NaN
1325356740,NaN,NaN,NaN,NaN,NaN,NaN,NaN
1325356800,NaN,NaN,NaN,NaN,NaN,NaN,NaN
1325356860,NaN,NaN,NaN,NaN,NaN,NaN,NaN
1325356920,NaN,NaN,NaN,NaN,NaN,NaN,NaN
1325356980,NaN,NaN,NaN,NaN,NaN,NaN,NaN
1325357040,NaN,NaN,NaN,NaN,NaN,NaN,NaN
1325357100,NaN,NaN,NaN,NaN,NaN,NaN,NaN
1325357160,NaN,NaN,NaN,NaN,NaN,NaN,NaN
1325357220,NaN,NaN,NaN,NaN,NaN,NaN,NaN
1325357280,NaN,NaN,NaN,NaN,NaN,NaN,NaN
1325357340,NaN,NaN,NaN,NaN,NaN,NaN,NaN
1325357400,NaN,NaN,NaN,NaN,NaN,NaN,NaN
1325357460,NaN,NaN,NaN,NaN,NaN,NaN,NaN
1325357520,NaN,NaN,NaN,NaN,NaN,NaN,NaN
1325357580,NaN,NaN,NaN,NaN,NaN,NaN,NaN
1325357640,NaN,NaN,NaN,NaN,NaN,NaN,NaN
1325357700,NaN,NaN,NaN,NaN,NaN,NaN,NaN
1325357760,NaN,NaN,NaN,NaN,NaN,NaN,NaN
1325357820,NaN,NaN,NaN,NaN,NaN,NaN,NaN
1325357880,NaN,NaN,NaN,NaN,NaN,NaN,NaN
1325357940,NaN,NaN,NaN,NaN,NaN,NaN,NaN
1325358000,NaN,NaN,NaN,NaN,NaN,NaN,NaN
1325358060,NaN,NaN,NaN,NaN,NaN,NaN,NaN
1325358120,NaN,NaN,NaN,NaN,NaN,NaN,NaN
1325358180,NaN,NaN,NaN,NaN,NaN,NaN,NaN
1325358240,NaN,NaN,NaN,NaN,NaN,NaN,NaN
1325358300,NaN,NaN,NaN,NaN,NaN,NaN,NaN
1325358360,NaN,NaN,NaN,NaN,NaN,NaN,NaN
1325358420,NaN,NaN,NaN,NaN,NaN,NaN,NaN
1325358480,NaN,NaN,NaN,NaN,NaN,NaN,NaN
1325358540,NaN,NaN,NaN,NaN,NaN,NaN,NaN
1325358600,NaN,NaN,NaN,NaN,NaN,NaN,NaN
1325358660,NaN,NaN,NaN,NaN,NaN,NaN,NaN
1325358720,NaN,NaN,NaN,NaN,NaN,NaN,NaN
1325358780,NaN,NaN,NaN,NaN,NaN,NaN,NaN
1325358840,NaN,NaN,NaN,NaN,NaN,NaN,NaN
1325358900,NaN,NaN,NaN,NaN,NaN,NaN,NaN
1325358960,NaN,NaN,NaN,NaN,NaN,NaN,NaN
1325359020,NaN,NaN,NaN,NaN,NaN,NaN,NaN
1325359080,NaN,NaN,NaN,NaN,NaN,NaN,NaN
1325359140,NaN,NaN,NaN,NaN,NaN,NaN,NaN
1325359200,NaN,NaN,NaN,NaN,NaN,NaN,NaN
1325359260,NaN,NaN,NaN,NaN,NaN,NaN,NaN
1325359320,NaN,NaN,NaN,NaN,NaN,NaN,NaN
1325359380,NaN,NaN,NaN,NaN,NaN,NaN,NaN
1325359440,NaN,NaN,NaN,NaN,NaN,NaN,NaN
1325359500,NaN,NaN,NaN,NaN,NaN,NaN,NaN
1325359560,NaN,NaN,NaN,NaN,NaN,NaN,NaN
1325359620,NaN,NaN,NaN,NaN,NaN,NaN,NaN
1325359680,NaN,NaN,NaN,NaN,NaN,NaN,NaN
1325359740,NaN,NaN,NaN,NaN,NaN,NaN,NaN
1325359800,NaN,NaN,NaN,NaN,NaN,NaN,NaN
1325359860,NaN,NaN,NaN,NaN,NaN,NaN,NaN
1325359920,NaN,NaN,NaN,NaN,NaN,NaN,NaN
1325359980,NaN,NaN,NaN,NaN,NaN,NaN,NaN
1325360040,NaN,NaN,NaN,NaN,NaN,NaN,NaN
1325360100,NaN,NaN,NaN,NaN,NaN,NaN,NaN
1325360160,NaN,NaN,NaN,NaN,NaN,NaN,NaN
1325360220,NaN,NaN,NaN,NaN,NaN,NaN,NaN
1325360280,NaN,NaN,NaN,NaN,NaN,NaN,NaN
1325360340,NaN,NaN,NaN,NaN,NaN,NaN,NaN
1325360400,NaN,NaN,NaN,NaN,NaN,NaN,NaN
1325360460,NaN,NaN,NaN,NaN,NaN,NaN,NaN
1325360520,NaN,NaN,NaN,NaN,NaN,NaN,NaN
1325360580,NaN,NaN,NaN,NaN,NaN,NaN,NaN
1325360640,NaN,NaN,NaN,NaN,NaN,NaN,NaN
1325360700,NaN,NaN,NaN,NaN,NaN,NaN,NaN
1325360760,NaN,NaN,NaN,NaN,NaN,NaN,NaN
1325360820,NaN,NaN,NaN,NaN,NaN,NaN,NaN
1325360880,NaN,NaN,NaN,NaN,NaN,NaN,NaN
1325360940,NaN,NaN,NaN,NaN,NaN,NaN,NaN
1325361000,NaN,NaN,NaN,NaN,NaN,NaN,NaN
1325361060,NaN,NaN,NaN,NaN,NaN,NaN,NaN
1325361120,NaN,NaN,NaN,NaN,NaN,NaN,NaN
1325361180,NaN,NaN,NaN,NaN,NaN,NaN,NaN
1325361240,NaN,NaN,NaN,NaN,NaN,NaN,NaN
1325361300,NaN,NaN,NaN,NaN,NaN,NaN,NaN
1325361360,NaN,NaN,NaN,NaN,NaN,NaN,NaN
1325361420,NaN,NaN,NaN,NaN,NaN,NaN,NaN
1325361480,NaN,NaN,NaN,NaN,NaN,NaN,NaN
1325361540,NaN,NaN,NaN,NaN,NaN,NaN,NaN
1325361600,NaN,NaN,NaN,NaN,NaN,NaN,NaN
1325361660,NaN,NaN,NaN,NaN,NaN,NaN,NaN
1325361720,NaN,NaN,NaN,NaN,NaN,NaN,NaN
1325361780,NaN,NaN,NaN,NaN,NaN,NaN,NaN
1325361840,NaN,NaN,NaN,NaN,NaN,NaN,NaN
1325361900,NaN,NaN,NaN,NaN,NaN,NaN,NaN
1325361960,NaN,NaN,NaN,NaN,NaN,NaN,NaN
1325362020,NaN,NaN,NaN,NaN,NaN,NaN,NaN
1325362080,NaN,NaN,NaN,NaN,NaN,NaN,NaN
1325362140,NaN,NaN,NaN,NaN,NaN,NaN,NaN
1325362200,NaN,NaN,NaN,NaN,NaN,NaN,NaN
1325362260,NaN,NaN,NaN,NaN,NaN,NaN,NaN
1325362320,NaN,NaN,NaN,NaN,NaN,NaN,NaN
1325362380,NaN,NaN,NaN,NaN,NaN,NaN,NaN
1325362440,NaN,NaN,NaN,NaN,NaN,NaN,NaN
1325362500,NaN,NaN,NaN,NaN,NaN,NaN,NaN
1325362560,NaN,NaN,NaN,NaN,NaN,NaN,NaN
1325362620,NaN,NaN,NaN,NaN,NaN,NaN,NaN
1325362680,NaN,NaN,NaN,NaN,NaN,NaN,NaN
1325362740,NaN,NaN,NaN,NaN,NaN,NaN,NaN
1325362800,NaN,NaN,NaN,NaN,NaN,NaN,NaN
1325362860,NaN,NaN,NaN,NaN,NaN,NaN,NaN
1325362920,NaN,NaN,NaN,NaN,NaN,NaN,NaN
1325362980,NaN,NaN,NaN,NaN,NaN,NaN,NaN
1325363040,NaN,NaN,NaN,NaN,NaN,NaN,NaN
1325363100,NaN,NaN,NaN,NaN,NaN,NaN,NaN
1325363160,NaN,NaN,NaN,NaN,NaN,NaN,NaN
1325363220,NaN,NaN,NaN,NaN,NaN,NaN,NaN
1325363280,NaN,NaN,NaN,NaN,NaN,NaN,NaN
1325363340,NaN,NaN,NaN,NaN,NaN,NaN,NaN
1325363400,NaN,NaN,NaN,NaN,NaN,NaN,NaN
1325363460,NaN,NaN,NaN,NaN,NaN,NaN,NaN
1325363520,NaN,NaN,NaN,NaN,NaN,NaN,NaN
1325363580,NaN,NaN,NaN,NaN,NaN,NaN,NaN
1325363640,NaN,NaN,NaN,NaN,NaN,NaN,NaN
1325363700,NaN,NaN,NaN,NaN,NaN,NaN,NaN
1325363760,NaN,NaN,NaN,NaN,NaN,NaN,NaN
1325363820,NaN,NaN,NaN,NaN,NaN,NaN,NaN
1325363880,NaN,NaN,NaN,NaN,NaN,NaN,NaN
1325363940,NaN,NaN,NaN,NaN,NaN,NaN,NaN
1325364000,NaN,NaN,NaN,NaN,NaN,NaN,NaN
1325364060,NaN,NaN,NaN,NaN,NaN,NaN,NaN
1325364120,NaN,NaN,NaN,NaN,NaN,NaN,NaN
1325364180,NaN,NaN,NaN,NaN,NaN,NaN,NaN
1325364240,NaN,NaN,NaN,NaN,NaN,NaN,NaN
1325364300,NaN,NaN,NaN,NaN,NaN,NaN,NaN
1325364360,NaN,NaN,NaN,NaN,NaN,NaN,NaN
1325364420,NaN,NaN,NaN,NaN,NaN,NaN,NaN
1325364480,NaN,NaN,NaN,NaN,NaN,NaN,NaN
1325364540,NaN,NaN,NaN,NaN,NaN,NaN,NaN
1325364600,NaN,NaN,NaN,NaN,NaN,NaN,NaN
1325364660,NaN,NaN,NaN,NaN,NaN,NaN,NaN
1325364720,NaN,NaN,NaN,NaN,NaN,NaN,NaN
1325364780,NaN,NaN,NaN,NaN,NaN,NaN,NaN
1325364840,NaN,NaN,NaN,NaN,NaN,NaN,NaN
1325364900,NaN,NaN,NaN,NaN,NaN,NaN,NaN
1325364960,NaN,NaN,NaN,NaN,NaN,NaN,NaN
1325365020,NaN,NaN,NaN,NaN,NaN,NaN,NaN
1325365080,NaN,NaN,NaN,NaN,NaN,NaN,NaN
1325365140,NaN,NaN,NaN,NaN,NaN,NaN,NaN
1325365200,NaN,NaN,NaN,NaN,NaN,NaN,NaN
1325365260,NaN,NaN,NaN,NaN,NaN,NaN,NaN
1325365320,NaN,NaN,NaN,NaN,NaN,NaN,NaN
1325365380,NaN,NaN,NaN,NaN,NaN,NaN,NaN
1325365440,NaN,NaN,NaN,NaN,NaN,NaN,NaN
1325365500,NaN,NaN,NaN,NaN,NaN,NaN,NaN
1325365560,NaN,NaN,NaN,NaN,NaN,NaN,NaN
1325365620,NaN,NaN,NaN,NaN,NaN,NaN,NaN
1325365680,NaN,NaN,NaN,NaN,NaN,NaN,NaN
1325365740,NaN,NaN,NaN,NaN,NaN,NaN,NaN
1325365800,NaN,NaN,NaN,NaN,NaN,NaN,NaN
1325365860,NaN,NaN,NaN,NaN,NaN,NaN,NaN
1325365920,NaN,NaN,NaN,NaN,NaN,NaN,NaN
1325365980,NaN,NaN,NaN,NaN,NaN,NaN,NaN
1325366040,NaN,NaN,NaN,NaN,NaN,NaN,NaN
1325366100,NaN,NaN,NaN,NaN,NaN,NaN,NaN
1325366160,NaN,NaN,NaN,NaN,NaN,NaN,NaN
1325366220,NaN,NaN,NaN,NaN,NaN,NaN,NaN
1325366280,NaN,NaN,NaN,NaN,NaN,NaN,NaN
1325366340,NaN,NaN,NaN,NaN,NaN,NaN,NaN
1325366400,NaN,NaN,NaN,NaN,NaN,NaN,NaN
1325366460,NaN,NaN,NaN,NaN,NaN,NaN,NaN
1325366520,NaN,NaN,NaN,NaN,NaN,NaN,NaN
1325366580,NaN,NaN,NaN,NaN,NaN,NaN,NaN
1325366640,NaN,NaN,NaN,NaN,NaN,NaN,NaN
1325366700,NaN,NaN,NaN,NaN,NaN,NaN,NaN
1325366760,NaN,NaN,NaN,NaN,NaN,NaN,NaN
1325366820,NaN,NaN,NaN,NaN,NaN,NaN,NaN
1325366880,NaN,NaN,NaN,NaN,NaN,NaN,NaN
1325366940,NaN,NaN,NaN,NaN,NaN,NaN,NaN
1325367000,NaN,NaN,NaN,NaN,NaN,NaN,NaN
1325367060,NaN,NaN,NaN,NaN,NaN,NaN,NaN
1325367120,NaN,NaN,NaN,NaN,NaN,NaN,NaN
1325367180,NaN,NaN,NaN,NaN,NaN,NaN,NaN
1325367240,NaN,NaN,NaN,NaN,NaN,NaN,NaN
1325367300,NaN,NaN,NaN,NaN,NaN,NaN,NaN
1325367360,NaN,NaN,NaN,NaN,NaN,NaN,NaN
1325367420,NaN,NaN,NaN,NaN,NaN,NaN,NaN
1325367480,NaN,NaN,NaN,NaN,NaN,NaN,NaN
1325367540,NaN,NaN,NaN,NaN,NaN,NaN,NaN
1325367600,NaN,NaN,NaN,NaN,NaN,NaN,NaN
1325367660,NaN,NaN,NaN,NaN,NaN,NaN,NaN
1325367720,NaN,NaN,NaN,NaN,NaN,NaN,NaN
1325367780,NaN,NaN,NaN,NaN,NaN,NaN,NaN
1325367840,NaN,NaN,NaN,NaN,NaN,NaN,NaN
1325367900,NaN,NaN,NaN,NaN,NaN,NaN,NaN
1325367960,NaN,NaN,NaN,NaN,NaN,NaN,NaN
1325368020,NaN,NaN,NaN,NaN,NaN,NaN,NaN
1325368080,NaN,NaN,NaN,NaN,NaN,NaN,NaN
1325368140,NaN,NaN,NaN,NaN,NaN,NaN,NaN
1325368200,NaN,NaN,NaN,NaN,NaN,NaN,NaN
1325368260,NaN,NaN,NaN,NaN,NaN,NaN,NaN
1325368320,NaN,NaN,NaN,NaN,NaN,NaN,NaN
1325368380,NaN,NaN,NaN,NaN,NaN,NaN,NaN
1325368440,NaN,NaN,NaN,NaN,NaN,NaN,NaN
1325368500,NaN,NaN,NaN,NaN,NaN,NaN,NaN
1325368560,NaN,NaN,NaN,NaN,NaN,NaN,NaN
1325368620,NaN,NaN,NaN,NaN,NaN,NaN,NaN
1325368680,NaN,NaN,NaN,NaN,NaN,NaN,NaN
1325368740,NaN,NaN,NaN,NaN,NaN,NaN,NaN
1325368800,NaN,NaN,NaN,NaN,NaN,NaN,NaN
1325368860,NaN,NaN,NaN,NaN,NaN,NaN,NaN
1325368920,NaN,NaN,NaN,NaN,NaN,NaN,NaN
1325368980,NaN,NaN,NaN,NaN,NaN,NaN,NaN
1325369040,NaN,NaN,NaN,NaN,NaN,NaN,NaN
1325369100,NaN,NaN,NaN,NaN,NaN,NaN,NaN
1325369160,NaN,NaN,NaN,NaN,NaN,NaN,NaN
1325369220,NaN,NaN,NaN,NaN,NaN,NaN,NaN
1325369280,NaN,NaN,NaN,NaN,NaN,NaN,NaN
1325369340,NaN,NaN,NaN,NaN,NaN,NaN,NaN
1325369400,NaN,NaN,NaN,NaN,NaN,NaN,NaN
1325369460,NaN,NaN,NaN,NaN,NaN,NaN,NaN
1325369520,NaN,NaN,NaN,NaN,NaN,NaN,NaN
1325369580,NaN,NaN,NaN,NaN,NaN,NaN,NaN
1325369640,NaN,NaN,NaN,NaN,NaN,NaN,NaN
1325369700,NaN,NaN,NaN,NaN,NaN,NaN,NaN
1325369760,NaN,NaN,NaN,NaN,NaN,NaN,NaN
1325369820,NaN,NaN,NaN,NaN,NaN,NaN,NaN
1325369880,NaN,NaN,NaN,NaN,NaN,NaN,NaN
1325369940,NaN,NaN,NaN,NaN,NaN,NaN,NaN
1325370000,NaN,NaN,NaN,NaN,NaN,NaN,NaN
1325370060,NaN,NaN,NaN,NaN,NaN,NaN,NaN
1325370120,NaN,NaN,NaN,NaN,NaN,NaN,NaN
1325370180,NaN,NaN,NaN,NaN,NaN,NaN,NaN
1325370240,NaN,NaN,NaN,NaN,NaN,NaN,NaN
1325370300,NaN,NaN,NaN,NaN,NaN,NaN,NaN
1325370360,NaN,NaN,NaN,NaN,NaN,NaN,NaN
1325370420,NaN,NaN,NaN,NaN,NaN,NaN,NaN
1325370480,NaN,NaN,NaN,NaN,NaN,NaN,NaN
1325370540,NaN,NaN,NaN,NaN,NaN,NaN,NaN
1325370600,NaN,NaN,NaN,NaN,NaN,NaN,NaN
1325370660,NaN,NaN,NaN,NaN,NaN,NaN,NaN
1325370720,NaN,NaN,NaN,NaN,NaN,NaN,NaN
1325370780,NaN,NaN,NaN,NaN,NaN,NaN,NaN
1325370840,NaN,NaN,NaN,NaN,NaN,NaN,NaN
1325370900,NaN,NaN,NaN,NaN,NaN,NaN,NaN
1325370960,NaN,NaN,NaN,NaN,NaN,NaN,NaN
1325371020,NaN,NaN,NaN,NaN,NaN,NaN,NaN
1325371080,NaN,NaN,NaN,NaN,NaN,NaN,NaN
1325371140,NaN,NaN,NaN,NaN,NaN,NaN,NaN
1325371200,NaN,NaN,NaN,NaN,NaN,NaN,NaN
1325371260,NaN,NaN,NaN,NaN,NaN,NaN,NaN
1325371320,NaN,NaN,NaN,NaN,NaN,NaN,NaN
1325371380,NaN,NaN,NaN,NaN,NaN,NaN,NaN
1325371440,NaN,NaN,NaN,NaN,NaN,NaN,NaN
1325371500,NaN,NaN,NaN,NaN,NaN,NaN,NaN
1325371560,NaN,NaN,NaN,NaN,NaN,NaN,NaN
1325371620,NaN,NaN,NaN,NaN,NaN,NaN,NaN
1325371680,NaN,NaN,NaN,NaN,NaN,NaN,NaN
1325371740,NaN,NaN,NaN,NaN,NaN,NaN,NaN
1325371800,NaN,NaN,NaN,NaN,NaN,NaN,NaN
1325371860,NaN,NaN,NaN,NaN,NaN,NaN,NaN
1325371920,NaN,NaN,NaN,NaN,NaN,NaN,NaN
1325371980,NaN,NaN,NaN,NaN,NaN,NaN,NaN
1325372040,NaN,NaN,NaN,NaN,NaN,NaN,NaN
1325372100,NaN,NaN,NaN,NaN,NaN,NaN,NaN
1325372160,NaN,NaN,NaN,NaN,NaN,NaN,NaN
1325372220,NaN,NaN,NaN,NaN,NaN,NaN,NaN
1325372280,NaN,NaN,NaN,NaN,NaN,NaN,NaN
1325372340,NaN,NaN,NaN,NaN,NaN,NaN,NaN
1325372400,NaN,NaN,NaN,NaN,NaN,NaN,NaN
1325372460,NaN,NaN,NaN,NaN,NaN,NaN,NaN
1325372520,NaN,NaN,NaN,NaN,NaN,NaN,NaN
1325372580,NaN,NaN,NaN,NaN,NaN,NaN,NaN
1325372640,NaN,NaN,NaN,NaN,NaN,NaN,NaN
1325372700,NaN,NaN,NaN,NaN,NaN,NaN,NaN
1325372760,NaN,NaN,NaN,NaN,NaN,NaN,NaN
1325372820,NaN,NaN,NaN,NaN,NaN,NaN,NaN
1325372880,NaN,NaN,NaN,NaN,NaN,NaN,NaN
1325372940,NaN,NaN,NaN,NaN,NaN,NaN,NaN
1325373000,NaN,NaN,NaN,NaN,NaN,NaN,NaN
1325373060,NaN,NaN,NaN,NaN,NaN,NaN,NaN
1325373120,NaN,NaN,NaN,NaN,NaN,NaN,NaN
1325373180,NaN,NaN,NaN,NaN,NaN,NaN,NaN
1325373240,NaN,NaN,NaN,NaN,NaN,NaN,NaN
1325373300,NaN,NaN,NaN,NaN,NaN,NaN,NaN
1325373360,NaN,NaN,NaN,NaN,NaN,NaN,NaN
1325373420,NaN,NaN,NaN,NaN,NaN,NaN,NaN
1325373480,NaN,NaN,NaN,NaN,NaN,NaN,NaN
1325373540,NaN,NaN,NaN,NaN,NaN,NaN,NaN
1325373600,NaN,NaN,NaN,NaN,NaN,NaN,NaN
1325373660,NaN,NaN,NaN,NaN,NaN,NaN,NaN
1325373720,NaN,NaN,NaN,NaN,NaN,NaN,NaN
1325373780,NaN,NaN,NaN,NaN,NaN,NaN,NaN
1325373840,NaN,NaN,NaN,NaN,NaN,NaN,NaN
1325373900,NaN,NaN,NaN,NaN,NaN,NaN,NaN
1325373960,NaN,NaN,NaN,NaN,NaN,NaN,NaN
1325374020,NaN,NaN,NaN,NaN,NaN,NaN,NaN
1325374080,NaN,NaN,NaN,NaN,NaN,NaN,NaN
1325374140,NaN,NaN,NaN,NaN,NaN,NaN,NaN
1325374200,NaN,NaN,NaN,NaN,NaN,NaN,NaN
1325374260,NaN,NaN,NaN,NaN,NaN,NaN,NaN
1325374320,NaN,NaN,NaN,NaN,NaN,NaN,NaN
1325374380,NaN,NaN,NaN,NaN,NaN,NaN,NaN
1325374440,NaN,NaN,NaN,NaN,NaN,NaN,NaN
1325374500,NaN,NaN,NaN,NaN,NaN,NaN,NaN
1325374560,NaN,NaN,NaN,NaN,NaN,NaN,NaN
1325374620,NaN,NaN,NaN,NaN,NaN,NaN,NaN
1325374680,NaN,NaN,NaN,NaN,NaN,NaN,NaN
1325374740,NaN,NaN,NaN,NaN,NaN,NaN,NaN
1325374800,NaN,NaN,NaN,NaN,NaN,NaN,NaN
1325374860,NaN,NaN,NaN,NaN,NaN,NaN,NaN
1325374920,NaN,NaN,NaN,NaN,NaN,NaN,NaN
1325374980,NaN,NaN,NaN,NaN,NaN,NaN,NaN
1325375040,NaN,NaN,NaN,NaN,NaN,NaN,NaN
1325375100,NaN,NaN,NaN,NaN,NaN,NaN,NaN
1325375160,NaN,NaN,NaN,NaN,NaN,NaN,NaN
1325375220,NaN,NaN,NaN,NaN,NaN,NaN,NaN
1325375280,NaN,NaN,NaN,NaN,NaN,NaN,NaN
1325375340,NaN,NaN,NaN,NaN,NaN,NaN,NaN
1325375400,NaN,NaN,NaN,NaN,NaN,NaN,NaN
1325375460,NaN,NaN,NaN,NaN,NaN,NaN,NaN
1325375520,NaN,NaN,NaN,NaN,NaN,NaN,NaN
1325375580,NaN,NaN,NaN,NaN,NaN,NaN,NaN
1325375640,NaN,NaN,NaN,NaN,NaN,NaN,NaN
1325375700,NaN,NaN,NaN,NaN,NaN,NaN,NaN
1325375760,NaN,NaN,NaN,NaN,NaN,NaN,NaN
1325375820,NaN,NaN,NaN,NaN,NaN,NaN,NaN
1325375880,NaN,NaN,NaN,NaN,NaN,NaN,NaN
1325375940,NaN,NaN,NaN,NaN,NaN,NaN,NaN
1325376000,NaN,NaN,NaN,NaN,NaN,NaN,NaN
1325376060,NaN,NaN,NaN,NaN,NaN,NaN,NaN
1325376120,NaN,NaN,NaN,NaN,NaN,NaN,NaN
1325376180,NaN,NaN,NaN,NaN,NaN,NaN,NaN
1325376240,NaN,NaN,NaN,NaN,NaN,NaN,NaN
1325376300,NaN,NaN,NaN,NaN,NaN,NaN,NaN
1325376360,NaN,NaN,NaN,NaN,NaN,NaN,NaN
1325376420,NaN,NaN,NaN,NaN,NaN,NaN,NaN
1325376480,NaN,NaN,NaN,NaN,NaN,NaN,NaN
1325376540,NaN,NaN,NaN,NaN,NaN,NaN,NaN
1325376600,NaN,NaN,NaN,NaN,NaN,NaN,NaN
1325376660,NaN,NaN,NaN,NaN,NaN,NaN,NaN
1325376720,NaN,NaN,NaN,NaN,NaN,NaN,NaN
1325376780,NaN,NaN,NaN,NaN,NaN,NaN,NaN
1325376840,NaN,NaN,NaN,NaN,NaN,NaN,NaN
1325376900,NaN,NaN,NaN,NaN,NaN,NaN,NaN
1325376960,NaN,NaN,NaN,NaN,NaN,NaN,NaN
1325377020,NaN,NaN,NaN,NaN,NaN,NaN,NaN
1325377080,NaN,NaN,NaN,NaN,NaN,NaN,NaN
1325377140,NaN,NaN,NaN,NaN,NaN,NaN,NaN
1325377200,NaN,NaN,NaN,NaN,NaN,NaN,NaN
1325377260,NaN,NaN,NaN,NaN,NaN,NaN,NaN
1325377320,NaN,NaN,NaN,NaN,NaN,NaN,NaN
1325377380,NaN,NaN,NaN,NaN,NaN,NaN,NaN
1325377440,NaN,NaN,NaN,NaN,NaN,NaN,NaN
1325377500,NaN,NaN,NaN,NaN,NaN,NaN,NaN
1325377560,NaN,NaN,NaN,NaN,NaN,NaN,NaN
1325377620,NaN,NaN,NaN,NaN,NaN,NaN,NaN
1325377680,NaN,NaN,NaN,NaN,NaN,NaN,NaN
1325377740,NaN,NaN,NaN,NaN,NaN,NaN,NaN
1325377800,NaN,NaN,NaN,NaN,NaN,NaN,NaN
1325377860,NaN,NaN,NaN,NaN,NaN,NaN,NaN
1325377920,NaN,NaN,NaN,NaN,NaN,NaN,NaN
1325377980,NaN,NaN,NaN,NaN,NaN,NaN,NaN
1325378040,NaN,NaN,NaN,NaN,NaN,NaN,NaN
1325378100,NaN,NaN,NaN,NaN,NaN,NaN,NaN
1325378160,NaN,NaN,NaN,NaN,NaN,NaN,NaN
1325378220,NaN,NaN,NaN,NaN,NaN,NaN,NaN
1325378280,NaN,NaN,NaN,NaN,NaN,NaN,NaN
1325378340,NaN,NaN,NaN,NaN,NaN,NaN,NaN
1325378400,NaN,NaN,NaN,NaN,NaN,NaN,NaN
1325378460,NaN,NaN,NaN,NaN,NaN,NaN,NaN
1325378520,NaN,NaN,NaN,NaN,NaN,NaN,NaN
1325378580,NaN,NaN,NaN,NaN,NaN,NaN,NaN
1325378640,NaN,NaN,NaN,NaN,NaN,NaN,NaN
1325378700,NaN,NaN,NaN,NaN,NaN,NaN,NaN
1325378760,NaN,NaN,NaN,NaN,NaN,NaN,NaN
1325378820,NaN,NaN,NaN,NaN,NaN,NaN,NaN
1325378880,NaN,NaN,NaN,NaN,NaN,NaN,NaN
1325378940,NaN,NaN,NaN,NaN,NaN,NaN,NaN
1325379000,NaN,NaN,NaN,NaN,NaN,NaN,NaN
1325379060,NaN,NaN,NaN,NaN,NaN,NaN,NaN
1325379120,NaN,NaN,NaN,NaN,NaN,NaN,NaN
1325379180,NaN,NaN,NaN,NaN,NaN,NaN,NaN
1325379240,NaN,NaN,NaN,NaN,NaN,NaN,NaN
1325379300,NaN,NaN,NaN,NaN,NaN,NaN,NaN
1325379360,NaN,NaN,NaN,NaN,NaN,NaN,NaN
1325379420,NaN,NaN,NaN,NaN,NaN,NaN,NaN
1325379480,NaN,NaN,NaN,NaN,NaN,NaN,NaN
1325379540,NaN,NaN,NaN,NaN,NaN,NaN,NaN
1325379600,NaN,NaN,NaN,NaN,NaN,NaN,NaN
1325379660,NaN,NaN,NaN,NaN,NaN,NaN,NaN
1325379720,NaN,NaN,NaN,NaN,NaN,NaN,NaN
1325379780,NaN,NaN,NaN,NaN,NaN,NaN,NaN
1325379840,NaN,NaN,NaN,NaN,NaN,NaN,NaN
1325379900,NaN,NaN,NaN,NaN,NaN,NaN,NaN
1325379960,NaN,NaN,NaN,NaN,NaN,NaN,NaN
1325380020,NaN,NaN,NaN,NaN,NaN,NaN,NaN
1325380080,NaN,NaN,NaN,NaN,NaN,NaN,NaN
1325380140,NaN,NaN,NaN,NaN,NaN,NaN,NaN
1325380200,NaN,NaN,NaN,NaN,NaN,NaN,NaN
1325380260,NaN,NaN,NaN,NaN,NaN,NaN,NaN
1325380320,NaN,NaN,NaN,NaN,NaN,NaN,NaN
1325380380,NaN,NaN,NaN,NaN,NaN,NaN,NaN
1325380440,NaN,NaN,NaN,NaN,NaN,NaN,NaN
1325380500,NaN,NaN,NaN,NaN,NaN,NaN,NaN
1325380560,NaN,NaN,NaN,NaN,NaN,NaN,NaN
1325380620,NaN,NaN,NaN,NaN,NaN,NaN,NaN
1325380680,NaN,NaN,NaN,NaN,NaN,NaN,NaN
1325380740,NaN,NaN,NaN,NaN,NaN,NaN,NaN
1325380800,NaN,NaN,NaN,NaN,NaN,NaN,NaN
1325380860,NaN,NaN,NaN,NaN,NaN,NaN,NaN
1325380920,NaN,NaN,NaN,NaN,NaN,NaN,NaN
1325380980,NaN,NaN,NaN,NaN,NaN,NaN,NaN
1325381040,NaN,NaN,NaN,NaN,NaN,NaN,NaN
1325381100,NaN,NaN,NaN,NaN,NaN,NaN,NaN
1325381160,NaN,NaN,NaN,NaN,NaN,NaN,NaN
1325381220,NaN,NaN,NaN,NaN,NaN,NaN,NaN
1325381280,NaN,NaN,NaN,NaN,NaN,NaN,NaN
1325381340,NaN,NaN,NaN,NaN,NaN,NaN,NaN
1325381400,NaN,NaN,NaN,NaN,NaN,NaN,NaN
1325381460,NaN,NaN,NaN,NaN,NaN,NaN,NaN
1325381520,NaN,NaN,NaN,NaN,NaN,NaN,NaN
1325381580,NaN,NaN,NaN,NaN,NaN,NaN,NaN
1325381640,NaN,NaN,NaN,NaN,NaN,NaN,NaN
1325381700,NaN,NaN,NaN,NaN,NaN,NaN,NaN
1325381760,NaN,NaN,NaN,NaN,NaN,NaN,NaN
1325381820,NaN,NaN,NaN,NaN,NaN,NaN,NaN
1325381880,NaN,NaN,NaN,NaN,NaN,NaN,NaN
1325381940,NaN,NaN,NaN,NaN,NaN,NaN,NaN
1325382000,NaN,NaN,NaN,NaN,NaN,NaN,NaN
1325382060,NaN,NaN,NaN,NaN,NaN,NaN,NaN
1325382120,NaN,NaN,NaN,NaN,NaN,NaN,NaN
1325382180,NaN,NaN,NaN,NaN,NaN,NaN,NaN
1325382240,NaN,NaN,NaN,NaN,NaN,NaN,NaN
1325382300,NaN,NaN,NaN,NaN,NaN,NaN,NaN
1325382360,NaN,NaN,NaN,NaN,NaN,NaN,NaN
1325382420,NaN,NaN,NaN,NaN,NaN,NaN,NaN
1325382480,NaN,NaN,NaN,NaN,NaN,NaN,NaN
1325382540,NaN,NaN,NaN,NaN,NaN,NaN,NaN
1325382600,NaN,NaN,NaN,NaN,NaN,NaN,NaN
1325382660,NaN,NaN,NaN,NaN,NaN,NaN,NaN
1325382720,NaN,NaN,NaN,NaN,NaN,NaN,NaN
1325382780,NaN,NaN,NaN,NaN,NaN,NaN,NaN
1325382840,NaN,NaN,NaN,NaN,NaN,NaN,NaN
1325382900,NaN,NaN,NaN,NaN,NaN,NaN,NaN
1325382960,NaN,NaN,NaN,NaN,NaN,NaN,NaN
1325383020,NaN,NaN,NaN,NaN,NaN,NaN,NaN
1325383080,NaN,NaN,NaN,NaN,NaN,NaN,NaN
1325383140,NaN,NaN,NaN,NaN,NaN,NaN,NaN
1325383200,NaN,NaN,NaN,NaN,NaN,NaN,NaN
1325383260,NaN,NaN,NaN,NaN,NaN,NaN,NaN
1325383320,NaN,NaN,NaN,NaN,NaN,NaN,NaN
1325383380,NaN,NaN,NaN,NaN,NaN,NaN,NaN
1325383440,NaN,NaN,NaN,NaN,NaN,NaN,NaN
1325383500,NaN,NaN,NaN,NaN,NaN,NaN,NaN
1325383560,NaN,NaN,NaN,NaN,NaN,NaN,NaN
1325383620,NaN,NaN,NaN,NaN,NaN,NaN,NaN
1325383680,NaN,NaN,NaN,NaN,NaN,NaN,NaN
1325383740,NaN,NaN,NaN,NaN,NaN,NaN,NaN
1325383800,NaN,NaN,NaN,NaN,NaN,NaN,NaN
1325383860,NaN,NaN,NaN,NaN,NaN,NaN,NaN
1325383920,NaN,NaN,NaN,NaN,NaN,NaN,NaN
1325383980,NaN,NaN,NaN,NaN,NaN,NaN,NaN
1325384040,NaN,NaN,NaN,NaN,NaN,NaN,NaN
1325384100,NaN,NaN,NaN,NaN,NaN,NaN,NaN
1325384160,NaN,NaN,NaN,NaN,NaN,NaN,NaN
1325384220,NaN,NaN,NaN,NaN,NaN,NaN,NaN
1325384280,NaN,NaN,NaN,NaN,NaN,NaN,NaN
1325384340,NaN,NaN,NaN,NaN,NaN,NaN,NaN
1325384400,NaN,NaN,NaN,NaN,NaN,NaN,NaN
1325384460,NaN,NaN,NaN,NaN,NaN,NaN,NaN
1325384520,NaN,NaN,NaN,NaN,NaN,NaN,NaN
1325384580,NaN,NaN,NaN,NaN,NaN,NaN,NaN
1325384640,NaN,NaN,NaN,NaN,NaN,NaN,NaN
1325384700,NaN,NaN,NaN,NaN,NaN,NaN,NaN
1325384760,NaN,NaN,NaN,NaN,NaN,NaN,NaN
1325384820,NaN,NaN,NaN,NaN,NaN,NaN,NaN
1325384880,NaN,NaN,NaN,NaN,NaN,NaN,NaN
1325384940,NaN,NaN,NaN,NaN,NaN,NaN,NaN
1325385000,NaN,NaN,NaN,NaN,NaN,NaN,NaN
1325385060,NaN,NaN,NaN,NaN,NaN,NaN,NaN
1325385120,NaN,NaN,NaN,NaN,NaN,NaN,NaN
1325385180,NaN,NaN,NaN,NaN,NaN,NaN,NaN
1325385240,NaN,NaN,NaN,NaN,NaN,NaN,NaN
1325385300,NaN,NaN,NaN,NaN,NaN,NaN,NaN
1325385360,NaN,NaN,NaN,NaN,NaN,NaN,NaN
1325385420,NaN,NaN,NaN,NaN,NaN,NaN,NaN
1325385480,NaN,NaN,NaN,NaN,NaN,NaN,NaN
1325385540,NaN,NaN,NaN,NaN,NaN,NaN,NaN
1325385600,NaN,NaN,NaN,NaN,NaN,NaN,NaN
1325385660,NaN,NaN,NaN,NaN,NaN,NaN,NaN
1325385720,NaN,NaN,NaN,NaN,NaN,NaN,NaN
1325385780,NaN,NaN,NaN,NaN,NaN,NaN,NaN
1325385840,NaN,NaN,NaN,NaN,NaN,NaN,NaN
1325385900,NaN,NaN,NaN,NaN,NaN,NaN,NaN
1325385960,NaN,NaN,NaN,NaN,NaN,NaN,NaN
1325386020,NaN,NaN,NaN,NaN,NaN,NaN,NaN
1325386080,NaN,NaN,NaN,NaN,NaN,NaN,NaN
1325386140,NaN,NaN,NaN,NaN,NaN,NaN,NaN
1325386200,NaN,NaN,NaN,NaN,NaN,NaN,NaN
1325386260,NaN,NaN,NaN,NaN,NaN,NaN,NaN
1325386320,NaN,NaN,NaN,NaN,NaN,NaN,NaN
1325386380,NaN,NaN,NaN,NaN,NaN,NaN,NaN
1325386440,NaN,NaN,NaN,NaN,NaN,NaN,NaN
1325386500,NaN,NaN,NaN,NaN,NaN,NaN,NaN
1325386560,NaN,NaN,NaN,NaN,NaN,NaN,NaN
1325386620,NaN,NaN,NaN,NaN,NaN,NaN,NaN
1325386680,NaN,NaN,NaN,NaN,NaN,NaN,NaN
1325386740,NaN,NaN,NaN,NaN,NaN,NaN,NaN
1325386800,NaN,NaN,NaN,NaN,NaN,NaN,NaN
1325386860,NaN,NaN,NaN,NaN,NaN,NaN,NaN
1325386920,NaN,NaN,NaN,NaN,NaN,NaN,NaN
1325386980,NaN,NaN,NaN,NaN,NaN,NaN,NaN
1325387040,NaN,NaN,NaN,NaN,NaN,NaN,NaN
1325387100,NaN,NaN,NaN,NaN,NaN,NaN,NaN
1325387160,NaN,NaN,NaN,NaN,NaN,NaN,NaN
1325387220,NaN,NaN,NaN,NaN,NaN,NaN,NaN
1325387280,NaN,NaN,NaN,NaN,NaN,NaN,NaN
1325387340,NaN,NaN,NaN,NaN,NaN,NaN,NaN
1325387400,NaN,NaN,NaN,NaN,NaN,NaN,NaN
1325387460,NaN,NaN,NaN,NaN,NaN,NaN,NaN
1325387520,NaN,NaN,NaN,NaN,NaN,NaN,NaN
1325387580,NaN,NaN,NaN,NaN,NaN,NaN,NaN
1325387640,NaN,NaN,NaN,NaN,NaN,NaN,NaN
1325387700,NaN,NaN,NaN,NaN,NaN,NaN,NaN
1325387760,NaN,NaN,NaN,NaN,NaN,NaN,NaN
1325387820,NaN,NaN,NaN,NaN,NaN,NaN,NaN
1325387880,NaN,NaN,NaN,NaN,NaN,NaN,NaN
1325387940,NaN,NaN,NaN,NaN,NaN,NaN,NaN
1325388000,NaN,NaN,NaN,NaN,NaN,NaN,NaN
1325388060,NaN,NaN,NaN,NaN,NaN,NaN,NaN
1325388120,NaN,NaN,NaN,NaN,NaN,NaN,NaN
1325388180,NaN,NaN,NaN,NaN,NaN,NaN,NaN
1325388240,NaN,NaN,NaN,NaN,NaN,NaN,NaN
1325388300,NaN,NaN,NaN,NaN,NaN,NaN,NaN
1325388360,NaN,NaN,NaN,NaN,NaN,NaN,NaN
1325388420,NaN,NaN,NaN,NaN,NaN,NaN,NaN
1325388480,NaN,NaN,NaN,NaN,NaN,NaN,NaN
1325388540,NaN,NaN,NaN,NaN,NaN,NaN,NaN
1325388600,NaN,NaN,NaN,NaN,NaN,NaN,NaN
1325388660,NaN,NaN,NaN,NaN,NaN,NaN,NaN
1325388720,NaN,NaN,NaN,NaN,NaN,NaN,NaN
1325388780,NaN,NaN,NaN,NaN,NaN,NaN,NaN
1325388840,NaN,NaN,NaN,NaN,NaN,NaN,NaN
1325388900,NaN,NaN,NaN,NaN,NaN,NaN,NaN
1325388960,NaN,NaN,NaN,NaN,NaN,NaN,NaN
1325389020,NaN,NaN,NaN,NaN,NaN,NaN,NaN
1325389080,NaN,NaN,NaN,NaN,NaN,NaN,NaN
1325389140,NaN,NaN,NaN,NaN,NaN,NaN,NaN
1325389200,NaN,NaN,NaN,NaN,NaN,NaN,NaN
1325389260,NaN,NaN,NaN,NaN,NaN,NaN,NaN
1325389320,NaN,NaN,NaN,NaN,NaN,NaN,NaN
1325389380,NaN,NaN,NaN,NaN,NaN,NaN,NaN
1325389440,NaN,NaN,NaN,NaN,NaN,NaN,NaN
1325389500,NaN,NaN,NaN,NaN,NaN,NaN,NaN
1325389560,NaN,NaN,NaN,NaN,NaN,NaN,NaN
1325389620,NaN,NaN,NaN,NaN,NaN,NaN,NaN
1325389680,NaN,NaN,NaN,NaN,NaN,NaN,NaN
1325389740,NaN,NaN,NaN,NaN,NaN,NaN,NaN
1325389800,NaN,NaN,NaN,NaN,NaN,NaN,NaN
1325389860,NaN,NaN,NaN,NaN,NaN,NaN,NaN
1325389920,NaN,NaN,NaN,NaN,NaN,NaN,NaN
1325389980,NaN,NaN,NaN,NaN,NaN,NaN,NaN
1325390040,NaN,NaN,NaN,NaN,NaN,NaN,NaN
1325390100,NaN,NaN,NaN,NaN,NaN,NaN,NaN
1325390160,NaN,NaN,NaN,NaN,NaN,NaN,NaN
1325390220,NaN,NaN,NaN,NaN,NaN,NaN,NaN
1325390280,NaN,NaN,NaN,NaN,NaN,NaN,NaN
1325390340,NaN,NaN,NaN,NaN,NaN,NaN,NaN
1325390400,NaN,NaN,NaN,NaN,NaN,NaN,NaN
1325390460,NaN,NaN,NaN,NaN,NaN,NaN,NaN
1325390520,NaN,NaN,NaN,NaN,NaN,NaN,NaN
1325390580,NaN,NaN,NaN,NaN,NaN,NaN,NaN
1325390640,NaN,NaN,NaN,NaN,NaN,NaN,NaN
1325390700,NaN,NaN,NaN,NaN,NaN,NaN,NaN
1325390760,NaN,NaN,NaN,NaN,NaN,NaN,NaN
1325390820,NaN,NaN,NaN,NaN,NaN,NaN,NaN
1325390880,NaN,NaN,NaN,NaN,NaN,NaN,NaN
1325390940,NaN,NaN,NaN,NaN,NaN,NaN,NaN
1325391000,NaN,NaN,NaN,NaN,NaN,NaN,NaN
1325391060,NaN,NaN,NaN,NaN,NaN,NaN,NaN
1325391120,NaN,NaN,NaN,NaN,NaN,NaN,NaN
1325391180,NaN,NaN,NaN,NaN,NaN,NaN,NaN
1325391240,NaN,NaN,NaN,NaN,NaN,NaN,NaN
1325391300,NaN,NaN,NaN,NaN,NaN,NaN,NaN
1325391360,4.58,4.58,4.58,4.58,1.502,6.87916,4.58
1325391420,NaN,NaN,NaN,NaN,NaN,NaN,NaN
1325391480,NaN,NaN,NaN,NaN,NaN,NaN,NaN
1325391540,NaN,NaN,NaN,NaN,NaN,NaN,NaN
1325391600,NaN,NaN,NaN,NaN,NaN,NaN,NaN
1325391660,NaN,NaN,NaN,NaN,NaN,NaN,NaN
1325391720,NaN,NaN,NaN,NaN,NaN,NaN,NaN
1325391780,NaN,NaN,NaN,NaN,NaN,NaN,NaN
1325391840,NaN,NaN,NaN,NaN,NaN,NaN,NaN
1325391900,NaN,NaN,NaN,NaN,NaN,NaN,NaN
1325391960,NaN,NaN,NaN,NaN,NaN,NaN,NaN
1325392020,NaN,NaN,NaN,NaN,NaN,NaN,NaN
1325392080,NaN,NaN,NaN,NaN,NaN,NaN,NaN
1325392140,NaN,NaN,NaN,NaN,NaN,NaN,NaN
1325392200,NaN,NaN,NaN,NaN,NaN,NaN,NaN
1325392260,NaN,NaN,NaN,NaN,NaN,NaN,NaN
1325392320,NaN,NaN,NaN,NaN,NaN,NaN,NaN
1325392380,NaN,NaN,NaN,NaN,NaN,NaN,NaN
1325392440,NaN,NaN,NaN,NaN,NaN,NaN,NaN
1325392500,NaN,NaN,NaN,NaN,NaN,NaN,NaN
1325392560,NaN,NaN,NaN,NaN,NaN,NaN,NaN
1325392620,NaN,NaN,NaN,NaN,NaN,NaN,NaN
1325392680,NaN,NaN,NaN,NaN,NaN,NaN,NaN
1325392740,NaN,NaN,NaN,NaN,NaN,NaN,NaN
1325392800,NaN,NaN,NaN,NaN,NaN,NaN,NaN
1325392860,NaN,NaN,NaN,NaN,NaN,NaN,NaN
1325392920,NaN,NaN,NaN,NaN,NaN,NaN,NaN
1325392980,NaN,NaN,NaN,NaN,NaN,NaN,NaN
1325393040,NaN,NaN,NaN,NaN,NaN,NaN,NaN
1325393100,NaN,NaN,NaN,NaN,NaN,NaN,NaN
1325393160,NaN,NaN,NaN,NaN,NaN,NaN,NaN
1325393220,NaN,NaN,NaN,NaN,NaN,NaN,NaN
1325393280,NaN,NaN,NaN,NaN,NaN,NaN,NaN
1325393340,NaN,NaN,NaN,NaN,NaN,NaN,NaN
1325393400,NaN,NaN,NaN,NaN,NaN,NaN,NaN
1325393460,NaN,NaN,NaN,NaN,NaN,NaN,NaN
1325393520,NaN,NaN,NaN,NaN,NaN,NaN,NaN
1325393580,NaN,NaN,NaN,NaN,NaN,NaN,NaN
1325393640,NaN,NaN,NaN,NaN,NaN,NaN,NaN
1325393700,NaN,NaN,NaN,NaN,NaN,NaN,NaN
1325393760,NaN,NaN,NaN,NaN,NaN,NaN,NaN
1325393820,NaN,NaN,NaN,NaN,NaN,NaN,NaN
1325393880,NaN,NaN,NaN,NaN,NaN,NaN,NaN
1325393940,NaN,NaN,NaN,NaN,NaN,NaN,NaN
1325394000,NaN,NaN,NaN,NaN,NaN,NaN,NaN
1325394060,NaN,NaN,NaN,NaN,NaN,NaN,NaN
1325394120,NaN,NaN,NaN,NaN,NaN,NaN,NaN
1325394180,NaN,NaN,NaN,NaN,NaN,NaN,NaN
1325394240,NaN,NaN,NaN,NaN,NaN,NaN,NaN
1325394300,NaN,NaN,NaN,NaN,NaN,NaN,NaN
1325394360,NaN,NaN,NaN,NaN,NaN,NaN,NaN
1325394420,NaN,NaN,NaN,NaN,NaN,NaN,NaN
1325394480,NaN,NaN,NaN,NaN,NaN,NaN,NaN
1325394540,NaN,NaN,NaN,NaN,NaN,NaN,NaN
1325394600,NaN,NaN,NaN,NaN,NaN,NaN,NaN
1325394660,NaN,NaN,NaN,NaN,NaN,NaN,NaN
1325394720,NaN,NaN,NaN,NaN,NaN,NaN,NaN
1325394780,NaN,NaN,NaN,NaN,NaN,NaN,NaN
1325394840,NaN,NaN,NaN,NaN,NaN,NaN,NaN
1325394900,NaN,NaN,NaN,NaN,NaN,NaN,NaN
1325394960,NaN,NaN,NaN,NaN,NaN,NaN,NaN
1325395020,NaN,NaN,NaN,NaN,NaN,NaN,NaN
1325395080,NaN,NaN,NaN,NaN,NaN,NaN,NaN
1325395140,NaN,NaN,NaN,NaN,NaN,NaN,NaN
1325395200,NaN,NaN,NaN,NaN,NaN,NaN,NaN
1325395260,NaN,NaN,NaN,NaN,NaN,NaN,NaN
1325395320,NaN,NaN,NaN,NaN,NaN,NaN,NaN
1325395380,NaN,NaN,NaN,NaN,NaN,NaN,NaN
1325395440,NaN,NaN,NaN,NaN,NaN,NaN,NaN
1325395500,NaN,NaN,NaN,NaN,NaN,NaN,NaN
1325395560,NaN,NaN,NaN,NaN,NaN,NaN,NaN
1325395620,NaN,NaN,NaN,NaN,NaN,NaN,NaN
1325395680,NaN,NaN,NaN,NaN,NaN,NaN,NaN
1325395740,NaN,NaN,NaN,NaN,NaN,NaN,NaN
1325395800,NaN,NaN,NaN,NaN,NaN,NaN,NaN
1325395860,NaN,NaN,NaN,NaN,NaN,NaN,NaN
1325395920,NaN,NaN,NaN,NaN,NaN,NaN,NaN
1325395980,NaN,NaN,NaN,NaN,NaN,NaN,NaN
1325396040,NaN,NaN,NaN,NaN,NaN,NaN,NaN
1325396100,NaN,NaN,NaN,NaN,NaN,NaN,NaN
1325396160,NaN,NaN,NaN,NaN,NaN,NaN,NaN
1325396220,NaN,NaN,NaN,NaN,NaN,NaN,NaN
1325396280,NaN,NaN,NaN,NaN,NaN,NaN,NaN
1325396340,NaN,NaN,NaN,NaN,NaN,NaN,NaN
1325396400,NaN,NaN,NaN,NaN,NaN,NaN,NaN
1325396460,NaN,NaN,NaN,NaN,NaN,NaN,NaN
1325396520,NaN,NaN,NaN,NaN,NaN,NaN,NaN
1325396580,NaN,NaN,NaN,NaN,NaN,NaN,NaN
1325396640,NaN,NaN,NaN,NaN,NaN,NaN,NaN
1325396700,NaN,NaN,NaN,NaN,NaN,NaN,NaN
1325396760,NaN,NaN,NaN,NaN,NaN,NaN,NaN
1325396820,NaN,NaN,NaN,NaN,NaN,NaN,NaN
1325396880,NaN,NaN,NaN,NaN,NaN,NaN,NaN
1325396940,NaN,NaN,NaN,NaN,NaN,NaN,NaN
1325397000,NaN,NaN,NaN,NaN,NaN,NaN,NaN
1325397060,NaN,NaN,NaN,NaN,NaN,NaN,NaN
1325397120,NaN,NaN,NaN,NaN,NaN,NaN,NaN
1325397180,NaN,NaN,NaN,NaN,NaN,NaN,NaN
1325397240,NaN,NaN,NaN,NaN,NaN,NaN,NaN
1325397300,NaN,NaN,NaN,NaN,NaN,NaN,NaN
1325397360,NaN,NaN,NaN,NaN,NaN,NaN,NaN
1325397420,NaN,NaN,NaN,NaN,NaN,NaN,NaN
1325397480,NaN,NaN,NaN,NaN,NaN,NaN,NaN
1325397540,NaN,NaN,NaN,NaN,NaN,NaN,NaN
1325397600,NaN,NaN,NaN,NaN,NaN,NaN,NaN
1325397660,NaN,NaN,NaN,NaN,NaN,NaN,NaN
1325397720,NaN,NaN,NaN,NaN,NaN,NaN,NaN
1325397780,NaN,NaN,NaN,NaN,NaN,NaN,NaN
1325397840,NaN,NaN,NaN,NaN,NaN,NaN,NaN
1325397900,NaN,NaN,NaN,NaN,NaN,NaN,NaN
1325397960,NaN,NaN,NaN,NaN,NaN,NaN,NaN
1325398020,NaN,NaN,NaN,NaN,NaN,NaN,NaN
1325398080,NaN,NaN,NaN,NaN,NaN,NaN,NaN
1325398140,NaN,NaN,NaN,NaN,NaN,NaN,NaN
1325398200,NaN,NaN,NaN,NaN,NaN,NaN,NaN
1325398260,NaN,NaN,NaN,NaN,NaN,NaN,NaN
1325398320,NaN,NaN,NaN,NaN,NaN,NaN,NaN
1325398380,NaN,NaN,NaN,NaN,NaN,NaN,NaN
1325398440,NaN,NaN,NaN,NaN,NaN,NaN,NaN
1325398500,NaN,NaN,NaN,NaN,NaN,NaN,NaN
1325398560,NaN,NaN,NaN,NaN,NaN,NaN,NaN
1325398620,NaN,NaN,NaN,NaN,NaN,NaN,NaN
1325398680,NaN,NaN,NaN,NaN,NaN,NaN,NaN
1325398740,NaN,NaN,NaN,NaN,NaN,NaN,NaN
1325398800,NaN,NaN,NaN,NaN,NaN,NaN,NaN
1325398860,NaN,NaN,NaN,NaN,NaN,NaN,NaN
1325398920,NaN,NaN,NaN,NaN,NaN,NaN,NaN
1325398980,NaN,NaN,NaN,NaN,NaN,NaN,NaN
1325399040,NaN,NaN,NaN,NaN,NaN,NaN,NaN
1325399100,NaN,NaN,NaN,NaN,NaN,NaN,NaN
1325399160,NaN,NaN,NaN,NaN,NaN,NaN,NaN
1325399220,NaN,NaN,NaN,NaN,NaN,NaN,NaN
1325399280,NaN,NaN,NaN,NaN,NaN,NaN,NaN
1325399340,NaN,NaN,NaN,NaN,NaN,NaN,NaN
1325399400,NaN,NaN,NaN,NaN,NaN,NaN,NaN
1325399460,NaN,NaN,NaN,NaN,NaN,NaN,NaN
1325399520,NaN,NaN,NaN,NaN,NaN,NaN,NaN
1325399580,NaN,NaN,NaN,NaN,NaN,NaN,NaN
1325399640,NaN,NaN,NaN,NaN,NaN,NaN,NaN
1325399700,NaN,NaN,NaN,NaN,NaN,NaN,NaN
1325399760,NaN,NaN,NaN,NaN,NaN,NaN,NaN
1325399820,NaN,NaN,NaN,NaN,NaN,NaN,NaN
1325399880,NaN,NaN,NaN,NaN,NaN,NaN,NaN
1325399940,NaN,NaN,NaN,NaN,NaN,NaN,NaN
1325400000,NaN,NaN,NaN,NaN,NaN,NaN,NaN
1325400060,NaN,NaN,NaN,NaN,NaN,NaN,NaN
1325400120,NaN,NaN,NaN,NaN,NaN,NaN,NaN
1325400180,NaN,NaN,NaN,NaN,NaN,NaN,NaN
1325400240,NaN,NaN,NaN,NaN,NaN,NaN,NaN
1325400300,NaN,NaN,NaN,NaN,NaN,NaN,NaN
1325400360,NaN,NaN,NaN,NaN,NaN,NaN,NaN
1325400420,NaN,NaN,NaN,NaN,NaN,NaN,NaN
1325400480,NaN,NaN,NaN,NaN,NaN,NaN,NaN
1325400540,NaN,NaN,NaN,NaN,NaN,NaN,NaN
1325400600,NaN,NaN,NaN,NaN,NaN,NaN,NaN
1325400660,NaN,NaN,NaN,NaN,NaN,NaN,NaN
1325400720,NaN,NaN,NaN,NaN,NaN,NaN,NaN
1325400780,NaN,NaN,NaN,NaN,NaN,NaN,NaN
1325400840,NaN,NaN,NaN,NaN,NaN,NaN,NaN
1325400900,NaN,NaN,NaN,NaN,NaN,NaN,NaN
1325400960,NaN,NaN,NaN,NaN,NaN,NaN,NaN
1325401020,NaN,NaN,NaN,NaN,NaN,NaN,NaN
1325401080,NaN,NaN,NaN,NaN,NaN,NaN,NaN
1325401140,NaN,NaN,NaN,NaN,NaN,NaN,NaN
1325401200,NaN,NaN,NaN,NaN,NaN,NaN,NaN
1325401260,NaN,NaN,NaN,NaN,NaN,NaN,NaN
1325401320,NaN,NaN,NaN,NaN,NaN,NaN,NaN
1325401380,NaN,NaN,NaN,NaN,NaN,NaN,NaN
1325401440,NaN,NaN,NaN,NaN,NaN,NaN,NaN
1325401500,NaN,NaN,NaN,NaN,NaN,NaN,NaN
1325401560,NaN,NaN,NaN,NaN,NaN,NaN,NaN
1325401620,NaN,NaN,NaN,NaN,NaN,NaN,NaN
1325401680,NaN,NaN,NaN,NaN,NaN,NaN,NaN
1325401740,NaN,NaN,NaN,NaN,NaN,NaN,NaN
1325401800,NaN,NaN,NaN,NaN,NaN,NaN,NaN
1325401860,NaN,NaN,NaN,NaN,NaN,NaN,NaN
1325401920,NaN,NaN,NaN,NaN,NaN,NaN,NaN
1325401980,NaN,NaN,NaN,NaN,NaN,NaN,NaN
1325402040,NaN,NaN,NaN,NaN,NaN,NaN,NaN
1325402100,NaN,NaN,NaN,NaN,NaN,NaN,NaN
1325402160,NaN,NaN,NaN,NaN,NaN,NaN,NaN
1325402220,NaN,NaN,NaN,NaN,NaN,NaN,NaN
1325402280,NaN,NaN,NaN,NaN,NaN,NaN,NaN
1325402340,NaN,NaN,NaN,NaN,NaN,NaN,NaN
1325402400,NaN,NaN,NaN,NaN,NaN,NaN,NaN
1325402460,NaN,NaN,NaN,NaN,NaN,NaN,NaN
1325402520,NaN,NaN,NaN,NaN,NaN,NaN,NaN
1325402580,NaN,NaN,NaN,NaN,NaN,NaN,NaN
1325402640,NaN,NaN,NaN,NaN,NaN,NaN,NaN
1325402700,NaN,NaN,NaN,NaN,NaN,NaN,NaN
1325402760,NaN,NaN,NaN,NaN,NaN,NaN,NaN
1325402820,NaN,NaN,NaN,NaN,NaN,NaN,NaN
1325402880,NaN,NaN,NaN,NaN,NaN,NaN,NaN
1325402940,NaN,NaN,NaN,NaN,NaN,NaN,NaN
1325403000,NaN,NaN,NaN,NaN,NaN,NaN,NaN
1325403060,NaN,NaN,NaN,NaN,NaN,NaN,NaN
1325403120,NaN,NaN,NaN,NaN,NaN,NaN,NaN
1325403180,NaN,NaN,NaN,NaN,NaN,NaN,NaN
1325403240,NaN,NaN,NaN,NaN,NaN,NaN,NaN
1325403300,NaN,NaN,NaN,NaN,NaN,NaN,NaN
1325403360,NaN,NaN,NaN,NaN,NaN,NaN,NaN
1325403420,NaN,NaN,NaN,NaN,NaN,NaN,NaN
1325403480,NaN,NaN,NaN,NaN,NaN,NaN,NaN
1325403540,NaN,NaN,NaN,NaN,NaN,NaN,NaN
1325403600,NaN,NaN,NaN,NaN,NaN,NaN,NaN
1325403660,NaN,NaN,NaN,NaN,NaN,NaN,NaN
1325403720,NaN,NaN,NaN,NaN,NaN,NaN,NaN
1325403780,NaN,NaN,NaN,NaN,NaN,NaN,NaN
1325403840,NaN,NaN,NaN,NaN,NaN,NaN,NaN
1325403900,NaN,NaN,NaN,NaN,NaN,NaN,NaN
1325403960,NaN,NaN,NaN,NaN,NaN,NaN,NaN
1325404020,NaN,NaN,NaN,NaN,NaN,NaN,NaN
1325404080,NaN,NaN,NaN,NaN,NaN,NaN,NaN
1325404140,NaN,NaN,NaN,NaN,NaN,NaN,NaN
1325404200,NaN,NaN,NaN,NaN,NaN,NaN,NaN
1325404260,NaN,NaN,NaN,NaN,NaN,NaN,NaN
1325404320,NaN,NaN,NaN,NaN,NaN,NaN,NaN
1325404380,NaN,NaN,NaN,NaN,NaN,NaN,NaN
1325404440,NaN,NaN,NaN,NaN,NaN,NaN,NaN
1325404500,NaN,NaN,NaN,NaN,NaN,NaN,NaN
1325404560,NaN,NaN,NaN,NaN,NaN,NaN,NaN
1325404620,NaN,NaN,NaN,NaN,NaN,NaN,NaN
1325404680,NaN,NaN,NaN,NaN,NaN,NaN,NaN
1325404740,NaN,NaN,NaN,NaN,NaN,NaN,NaN
1325404800,NaN,NaN,NaN,NaN,NaN,NaN,NaN
1325404860,NaN,NaN,NaN,NaN,NaN,NaN,NaN
1325404920,NaN,NaN,NaN,NaN,NaN,NaN,NaN
1325404980,NaN,NaN,NaN,NaN,NaN,NaN,NaN
1325405040,NaN,NaN,NaN,NaN,NaN,NaN,NaN
1325405100,NaN,NaN,NaN,NaN,NaN,NaN,NaN
1325405160,NaN,NaN,NaN,NaN,NaN,NaN,NaN
1325405220,NaN,NaN,NaN,NaN,NaN,NaN,NaN
1325405280,NaN,NaN,NaN,NaN,NaN,NaN,NaN
1325405340,NaN,NaN,NaN,NaN,NaN,NaN,NaN
1325405400,NaN,NaN,NaN,NaN,NaN,NaN,NaN
1325405460,NaN,NaN,NaN,NaN,NaN,NaN,NaN
1325405520,NaN,NaN,NaN,NaN,NaN,NaN,NaN
1325405580,NaN,NaN,NaN,NaN,NaN,NaN,NaN
1325405640,NaN,NaN,NaN,NaN,NaN,NaN,NaN
1325405700,NaN,NaN,NaN,NaN,NaN,NaN,NaN
1325405760,NaN,NaN,NaN,NaN,NaN,NaN,NaN
1325405820,NaN,NaN,NaN,NaN,NaN,NaN,NaN
1325405880,NaN,NaN,NaN,NaN,NaN,NaN,NaN
1325405940,NaN,NaN,NaN,NaN,NaN,NaN,NaN
1325406000,NaN,NaN,NaN,NaN,NaN,NaN,NaN
1325406060,NaN,NaN,NaN,NaN,NaN,NaN,NaN
1325406120,NaN,NaN,NaN,NaN,NaN,NaN,NaN
1325406180,NaN,NaN,NaN,NaN,NaN,NaN,NaN
1325406240,NaN,NaN,NaN,NaN,NaN,NaN,NaN
1325406300,NaN,NaN,NaN,NaN,NaN,NaN,NaN
1325406360,NaN,NaN,NaN,NaN,NaN,NaN,NaN
1325406420,NaN,NaN,NaN,NaN,NaN,NaN,NaN
1325406480,NaN,NaN,NaN,NaN,NaN,NaN,NaN
1325406540,NaN,NaN,NaN,NaN,NaN,NaN,NaN
1325406600,NaN,NaN,NaN,NaN,NaN,NaN,NaN
1325406660,NaN,NaN,NaN,NaN,NaN,NaN,NaN
1325406720,NaN,NaN,NaN,NaN,NaN,NaN,NaN
1325406780,NaN,NaN,NaN,NaN,NaN,NaN,NaN
1325406840,NaN,NaN,NaN,NaN,NaN,NaN,NaN
1325406900,NaN,NaN,NaN,NaN,NaN,NaN,NaN
1325406960,NaN,NaN,NaN,NaN,NaN,NaN,NaN
1325407020,NaN,NaN,NaN,NaN,NaN,NaN,NaN
1325407080,NaN,NaN,NaN,NaN,NaN,NaN,NaN
1325407140,NaN,NaN,NaN,NaN,NaN,NaN,NaN
1325407200,NaN,NaN,NaN,NaN,NaN,NaN,NaN
1325407260,NaN,NaN,NaN,NaN,NaN,NaN,NaN
1325407320,NaN,NaN,NaN,NaN,NaN,NaN,NaN
1325407380,NaN,NaN,NaN,NaN,NaN,NaN,NaN
1325407440,NaN,NaN,NaN,NaN,NaN,NaN,NaN
1325407500,NaN,NaN,NaN,NaN,NaN,NaN,NaN
1325407560,NaN,NaN,NaN,NaN,NaN,NaN,NaN
1325407620,NaN,NaN,NaN,NaN,NaN,NaN,NaN
1325407680,NaN,NaN,NaN,NaN,NaN,NaN,NaN
1325407740,NaN,NaN,NaN,NaN,NaN,NaN,NaN
1325407800,NaN,NaN,NaN,NaN,NaN,NaN,NaN
1325407860,NaN,NaN,NaN,NaN,NaN,NaN,NaN
1325407920,NaN,NaN,NaN,NaN,NaN,NaN,NaN
1325407980,NaN,NaN,NaN,NaN,NaN,NaN,NaN
1325408040,NaN,NaN,NaN,NaN,NaN,NaN,NaN
1325408100,NaN,NaN,NaN,NaN,NaN,NaN,NaN
1325408160,NaN,NaN,NaN,NaN,NaN,NaN,NaN
1325408220,NaN,NaN,NaN,NaN,NaN,NaN,NaN
1325408280,NaN,NaN,NaN,NaN,NaN,NaN,NaN
1325408340,NaN,NaN,NaN,NaN,NaN,NaN,NaN
1325408400,NaN,NaN,NaN,NaN,NaN,NaN,NaN
1325408460,NaN,NaN,NaN,NaN,NaN,NaN,NaN
1325408520,NaN,NaN,NaN,NaN,NaN,NaN,NaN
1325408580,NaN,NaN,NaN,NaN,NaN,NaN,NaN
1325408640,NaN,NaN,NaN,NaN,NaN,NaN,NaN
1325408700,NaN,NaN,NaN,NaN,NaN,NaN,NaN
1325408760,NaN,NaN,NaN,NaN,NaN,NaN,NaN
1325408820,NaN,NaN,NaN,NaN,NaN,NaN,NaN
1325408880,NaN,NaN,NaN,NaN,NaN,NaN,NaN
1325408940,NaN,NaN,NaN,NaN,NaN,NaN,NaN
1325409000,NaN,NaN,NaN,NaN,NaN,NaN,NaN
1325409060,NaN,NaN,NaN,NaN,NaN,NaN,NaN
1325409120,NaN,NaN,NaN,NaN,NaN,NaN,NaN
1325409180,NaN,NaN,NaN,NaN,NaN,NaN,NaN
1325409240,NaN,NaN,NaN,NaN,NaN,NaN,NaN
1325409300,NaN,NaN,NaN,NaN,NaN,NaN,NaN
1325409360,NaN,NaN,NaN,NaN,NaN,NaN,NaN
1325409420,NaN,NaN,NaN,NaN,NaN,NaN,NaN
1325409480,NaN,NaN,NaN,NaN,NaN,NaN,NaN
1325409540,NaN,NaN,NaN,NaN,NaN,NaN,NaN
1325409600,NaN,NaN,NaN,NaN,NaN,NaN,NaN
1325409660,NaN,NaN,NaN,NaN,NaN,NaN,NaN
1325409720,NaN,NaN,NaN,NaN,NaN,NaN,NaN
1325409780,NaN,NaN,NaN,NaN,NaN,NaN,NaN
1325409840,NaN,NaN,NaN,NaN,NaN,NaN,NaN
1325409900,NaN,NaN,NaN,NaN,NaN,NaN,NaN
1325409960,NaN,NaN,NaN,NaN,NaN,NaN,NaN
1325410020,NaN,NaN,NaN,NaN,NaN,NaN,NaN
1325410080,NaN,NaN,NaN,NaN,NaN,NaN,NaN
1325410140,NaN,NaN,NaN,NaN,NaN,NaN,NaN
1325410200,NaN,NaN,NaN,NaN,NaN,NaN,NaN
1325410260,NaN,NaN,NaN,NaN,NaN,NaN,NaN
1325410320,NaN,NaN,NaN,NaN,NaN,NaN,NaN
1325410380,NaN,NaN,NaN,NaN,NaN,NaN,NaN
1325410440,NaN,NaN,NaN,NaN,NaN,NaN,NaN
1325410500,NaN,NaN,NaN,NaN,NaN,NaN,NaN
1325410560,NaN,NaN,NaN,NaN,NaN,NaN,NaN
1325410620,NaN,NaN,NaN,NaN,NaN,NaN,NaN
1325410680,NaN,NaN,NaN,NaN,NaN,NaN,NaN
1325410740,NaN,NaN,NaN,NaN,NaN,NaN,NaN
1325410800,NaN,NaN,NaN,NaN,NaN,NaN,NaN
1325410860,NaN,NaN,NaN,NaN,NaN,NaN,NaN
1325410920,NaN,NaN,NaN,NaN,NaN,NaN,NaN
1325410980,NaN,NaN,NaN,NaN,NaN,NaN,NaN
1325411040,NaN,NaN,NaN,NaN,NaN,NaN,NaN
1325411100,NaN,NaN,NaN,NaN,NaN,NaN,NaN
1325411160,NaN,NaN,NaN,NaN,NaN,NaN,NaN
1325411220,NaN,NaN,NaN,NaN,NaN,NaN,NaN
1325411280,NaN,NaN,NaN,NaN,NaN,NaN,NaN
1325411340,NaN,NaN,NaN,NaN,NaN,NaN,NaN
1325411400,NaN,NaN,NaN,NaN,NaN,NaN,NaN
1325411460,NaN,NaN,NaN,NaN,NaN,NaN,NaN
1325411520,NaN,NaN,NaN,NaN,NaN,NaN,NaN
1325411580,NaN,NaN,NaN,NaN,NaN,NaN,NaN
1325411640,NaN,NaN,NaN,NaN,NaN,NaN,NaN
1325411700,NaN,NaN,NaN,NaN,NaN,NaN,NaN
1325411760,NaN,NaN,NaN,NaN,NaN,NaN,NaN
1325411820,NaN,NaN,NaN,NaN,NaN,NaN,NaN
1325411880,NaN,NaN,NaN,NaN,NaN,NaN,NaN
1325411940,NaN,NaN,NaN,NaN,NaN,NaN,NaN
1325412000,NaN,NaN,NaN,NaN,NaN,NaN,NaN
1325412060,NaN,NaN,NaN,NaN,NaN,NaN,NaN
1325412120,NaN,NaN,NaN,NaN,NaN,NaN,NaN
1325412180,NaN,NaN,NaN,NaN,NaN,NaN,NaN
1325412240,NaN,NaN,NaN,NaN,NaN,NaN,NaN
1325412300,NaN,NaN,NaN,NaN,NaN,NaN,NaN
1325412360,NaN,NaN,NaN,NaN,NaN,NaN,NaN
1325412420,NaN,NaN,NaN,NaN,NaN,NaN,NaN
1325412480,NaN,NaN,NaN,NaN,NaN,NaN,NaN
1325412540,NaN,NaN,NaN,NaN,NaN,NaN,NaN
1325412600,NaN,NaN,NaN,NaN,NaN,NaN,NaN
1325412660,NaN,NaN,NaN,NaN,NaN,NaN,NaN
1325412720,NaN,NaN,NaN,NaN,NaN,NaN,NaN
1325412780,NaN,NaN,NaN,NaN,NaN,NaN,NaN
1325412840,NaN,NaN,NaN,NaN,NaN,NaN,NaN
1325412900,NaN,NaN,NaN,NaN,NaN,NaN,NaN
1325412960,NaN,NaN,NaN,NaN,NaN,NaN,NaN
1325413020,NaN,NaN,NaN,NaN,NaN,NaN,NaN
1325413080,NaN,NaN,NaN,NaN,NaN,NaN,NaN
1325413140,NaN,NaN,NaN,NaN,NaN,NaN,NaN
1325413200,NaN,NaN,NaN,NaN,NaN,NaN,NaN
1325413260,NaN,NaN,NaN,NaN,NaN,NaN,NaN
1325413320,NaN,NaN,NaN,NaN,NaN,NaN,NaN
1325413380,NaN,NaN,NaN,NaN,NaN,NaN,NaN
1325413440,NaN,NaN,NaN,NaN,NaN,NaN,NaN
1325413500,NaN,NaN,NaN,NaN,NaN,NaN,NaN
1325413560,NaN,NaN,NaN,NaN,NaN,NaN,NaN
1325413620,NaN,NaN,NaN,NaN,NaN,NaN,NaN
1325413680,NaN,NaN,NaN,NaN,NaN,NaN,NaN
1325413740,NaN,NaN,NaN,NaN,NaN,NaN,NaN
1325413800,NaN,NaN,NaN,NaN,NaN,NaN,NaN
1325413860,NaN,NaN,NaN,NaN,NaN,NaN,NaN
1325413920,NaN,NaN,NaN,NaN,NaN,NaN,NaN
1325413980,NaN,NaN,NaN,NaN,NaN,NaN,NaN
1325414040,NaN,NaN,NaN,NaN,NaN,NaN,NaN
1325414100,NaN,NaN,NaN,NaN,NaN,NaN,NaN
1325414160,NaN,NaN,NaN,NaN,NaN,NaN,NaN
1325414220,NaN,NaN,NaN,NaN,NaN,NaN,NaN
1325414280,NaN,NaN,NaN,NaN,NaN,NaN,NaN
1325414340,NaN,NaN,NaN,NaN,NaN,NaN,NaN
1325414400,NaN,NaN,NaN,NaN,NaN,NaN,NaN
1325414460,NaN,NaN,NaN,NaN,NaN,NaN,NaN
1325414520,NaN,NaN,NaN,NaN,NaN,NaN,NaN
1325414580,NaN,NaN,NaN,NaN,NaN,NaN,NaN
1325414640,NaN,NaN,NaN,NaN,NaN,NaN,NaN
1325414700,NaN,NaN,NaN,NaN,NaN,NaN,NaN
1325414760,NaN,NaN,NaN,NaN,NaN,NaN,NaN
1325414820,NaN,NaN,NaN,NaN,NaN,NaN,NaN
1325414880,NaN,NaN,NaN,NaN,NaN,NaN,NaN
1325414940,NaN,NaN,NaN,NaN,NaN,NaN,NaN
1325415000,NaN,NaN,NaN,NaN,NaN,NaN,NaN
1325415060,NaN,NaN,NaN,NaN,NaN,NaN,NaN
1325415120,NaN,NaN,NaN,NaN,NaN,NaN,NaN
1325415180,NaN,NaN,NaN,NaN,NaN,NaN,NaN
1325415240,NaN,NaN,NaN,NaN,NaN,NaN,NaN
1325415300,NaN,NaN,NaN,NaN,NaN,NaN,NaN
1325415360,NaN,NaN,NaN,NaN,NaN,NaN,NaN
1325415420,NaN,NaN,NaN,NaN,NaN,NaN,NaN
1325415480,NaN,NaN,NaN,NaN,NaN,NaN,NaN
1325415540,NaN,NaN,NaN,NaN,NaN,NaN,NaN
1325415600,NaN,NaN,NaN,NaN,NaN,NaN,NaN
1325415660,NaN,NaN,NaN,NaN,NaN,NaN,NaN
1325415720,NaN,NaN,NaN,NaN,NaN,NaN,NaN
1325415780,NaN,NaN,NaN,NaN,NaN,NaN,NaN
1325415840,NaN,NaN,NaN,NaN,NaN,NaN,NaN
1325415900,NaN,NaN,NaN,NaN,NaN,NaN,NaN
1325415960,NaN,NaN,NaN,NaN,NaN,NaN,NaN
1325416020,NaN,NaN,NaN,NaN,NaN,NaN,NaN
1325416080,NaN,NaN,NaN,NaN,NaN,NaN,NaN
1325416140,NaN,NaN,NaN,NaN,NaN,NaN,NaN
1325416200,NaN,NaN,NaN,NaN,NaN,NaN,NaN
1325416260,NaN,NaN,NaN,NaN,NaN,NaN,NaN
1325416320,NaN,NaN,NaN,NaN,NaN,NaN,NaN
1325416380,NaN,NaN,NaN,NaN,NaN,NaN,NaN
1325416440,NaN,NaN,NaN,NaN,NaN,NaN,NaN
1325416500,NaN,NaN,NaN,NaN,NaN,NaN,NaN
1325416560,NaN,NaN,NaN,NaN,NaN,NaN,NaN
1325416620,NaN,NaN,NaN,NaN,NaN,NaN,NaN
1325416680,NaN,NaN,NaN,NaN,NaN,NaN,NaN
1325416740,NaN,NaN,NaN,NaN,NaN,NaN,NaN
1325416800,NaN,NaN,NaN,NaN,NaN,NaN,NaN
1325416860,NaN,NaN,NaN,NaN,NaN,NaN,NaN
1325416920,NaN,NaN,NaN,NaN,NaN,NaN,NaN
1325416980,NaN,NaN,NaN,NaN,NaN,NaN,NaN
1325417040,NaN,NaN,NaN,NaN,NaN,NaN,NaN
1325417100,NaN,NaN,NaN,NaN,NaN,NaN,NaN
1325417160,NaN,NaN,NaN,NaN,NaN,NaN,NaN
1325417220,NaN,NaN,NaN,NaN,NaN,NaN,NaN
1325417280,NaN,NaN,NaN,NaN,NaN,NaN,NaN
1325417340,NaN,NaN,NaN,NaN,NaN,NaN,NaN
1325417400,NaN,NaN,NaN,NaN,NaN,NaN,NaN
1325417460,NaN,NaN,NaN,NaN,NaN,NaN,NaN
1325417520,NaN,NaN,NaN,NaN,NaN,NaN,NaN
1325417580,NaN,NaN,NaN,NaN,NaN,NaN,NaN
1325417640,NaN,NaN,NaN,NaN,NaN,NaN,NaN
1325417700,NaN,NaN,NaN,NaN,NaN,NaN,NaN
1325417760,NaN,NaN,NaN,NaN,NaN,NaN,NaN
1325417820,NaN,NaN,NaN,NaN,NaN,NaN,NaN
1325417880,NaN,NaN,NaN,NaN,NaN,NaN,NaN
1325417940,NaN,NaN,NaN,NaN,NaN,NaN,NaN
1325418000,NaN,NaN,NaN,NaN,NaN,NaN,NaN
1325418060,NaN,NaN,NaN,NaN,NaN,NaN,NaN
1325418120,NaN,NaN,NaN,NaN,NaN,NaN,NaN
1325418180,NaN,NaN,NaN,NaN,NaN,NaN,NaN
1325418240,NaN,NaN,NaN,NaN,NaN,NaN,NaN
1325418300,NaN,NaN,NaN,NaN,NaN,NaN,NaN
1325418360,NaN,NaN,NaN,NaN,NaN,NaN,NaN
1325418420,NaN,NaN,NaN,NaN,NaN,NaN,NaN
1325418480,NaN,NaN,NaN,NaN,NaN,NaN,NaN
1325418540,NaN,NaN,NaN,NaN,NaN,NaN,NaN
1325418600,NaN,NaN,NaN,NaN,NaN,NaN,NaN
1325418660,NaN,NaN,NaN,NaN,NaN,NaN,NaN
1325418720,NaN,NaN,NaN,NaN,NaN,NaN,NaN
1325418780,NaN,NaN,NaN,NaN,NaN,NaN,NaN
1325418840,NaN,NaN,NaN,NaN,NaN,NaN,NaN
1325418900,NaN,NaN,NaN,NaN,NaN,NaN,NaN
1325418960,NaN,NaN,NaN,NaN,NaN,NaN,NaN
1325419020,NaN,NaN,NaN,NaN,NaN,NaN,NaN
1325419080,NaN,NaN,NaN,NaN,NaN,NaN,NaN
1325419140,NaN,NaN,NaN,NaN,NaN,NaN,NaN
1325419200,NaN,NaN,NaN,NaN,NaN,NaN,NaN
1325419260,NaN,NaN,NaN,NaN,NaN,NaN,NaN
1325419320,NaN,NaN,NaN,NaN,NaN,NaN,NaN
1325419380,NaN,NaN,NaN,NaN,NaN,NaN,NaN
1325419440,NaN,NaN,NaN,NaN,NaN,NaN,NaN
1325419500,NaN,NaN,NaN,NaN,NaN,NaN,NaN
1325419560,NaN,NaN,NaN,NaN,NaN,NaN,NaN
1325419620,NaN,NaN,NaN,NaN,NaN,NaN,NaN
1325419680,NaN,NaN,NaN,NaN,NaN,NaN,NaN
1325419740,NaN,NaN,NaN,NaN,NaN,NaN,NaN
1325419800,NaN,NaN,NaN,NaN,NaN,NaN,NaN
1325419860,NaN,NaN,NaN,NaN,NaN,NaN,NaN
1325419920,NaN,NaN,NaN,NaN,NaN,NaN,NaN
1325419980,NaN,NaN,NaN,NaN,NaN,NaN,NaN
1325420040,NaN,NaN,NaN,NaN,NaN,NaN,NaN
1325420100,NaN,NaN,NaN,NaN,NaN,NaN,NaN
1325420160,NaN,NaN,NaN,NaN,NaN,NaN,NaN
1325420220,NaN,NaN,NaN,NaN,NaN,NaN,NaN
1325420280,NaN,NaN,NaN,NaN,NaN,NaN,NaN
1325420340,NaN,NaN,NaN,NaN,NaN,NaN,NaN
1325420400,NaN,NaN,NaN,NaN,NaN,NaN,NaN
1325420460,NaN,NaN,NaN,NaN,NaN,NaN,NaN
1325420520,NaN,NaN,NaN,NaN,NaN,NaN,NaN
1325420580,NaN,NaN,NaN,NaN,NaN,NaN,NaN
1325420640,NaN,NaN,NaN,NaN,NaN,NaN,NaN
1325420700,NaN,NaN,NaN,NaN,NaN,NaN,NaN
1325420760,NaN,NaN,NaN,NaN,NaN,NaN,NaN
1325420820,NaN,NaN,NaN,NaN,NaN,NaN,NaN
1325420880,NaN,NaN,NaN,NaN,NaN,NaN,NaN
1325420940,NaN,NaN,NaN,NaN,NaN,NaN,NaN
1325421000,NaN,NaN,NaN,NaN,NaN,NaN,NaN
1325421060,NaN,NaN,NaN,NaN,NaN,NaN,NaN
1325421120,NaN,NaN,NaN,NaN,NaN,NaN,NaN
1325421180,NaN,NaN,NaN,NaN,NaN,NaN,NaN
1325421240,NaN,NaN,NaN,NaN,NaN,NaN,NaN
1325421300,NaN,NaN,NaN,NaN,NaN,NaN,NaN
1325421360,NaN,NaN,NaN,NaN,NaN,NaN,NaN
1325421420,NaN,NaN,NaN,NaN,NaN,NaN,NaN
1325421480,NaN,NaN,NaN,NaN,NaN,NaN,NaN
1325421540,NaN,NaN,NaN,NaN,NaN,NaN,NaN
1325421600,NaN,NaN,NaN,NaN,NaN,NaN,NaN
1325421660,NaN,NaN,NaN,NaN,NaN,NaN,NaN
1325421720,NaN,NaN,NaN,NaN,NaN,NaN,NaN
1325421780,NaN,NaN,NaN,NaN,NaN,NaN,NaN
1325421840,NaN,NaN,NaN,NaN,NaN,NaN,NaN
1325421900,NaN,NaN,NaN,NaN,NaN,NaN,NaN
1325421960,NaN,NaN,NaN,NaN,NaN,NaN,NaN
1325422020,NaN,NaN,NaN,NaN,NaN,NaN,NaN
1325422080,NaN,NaN,NaN,NaN,NaN,NaN,NaN
1325422140,NaN,NaN,NaN,NaN,NaN,NaN,NaN
1325422200,NaN,NaN,NaN,NaN,NaN,NaN,NaN
1325422260,NaN,NaN,NaN,NaN,NaN,NaN,NaN
1325422320,NaN,NaN,NaN,NaN,NaN,NaN,NaN
1325422380,NaN,NaN,NaN,NaN,NaN,NaN,NaN
1325422440,NaN,NaN,NaN,NaN,NaN,NaN,NaN
1325422500,NaN,NaN,NaN,NaN,NaN,NaN,NaN
1325422560,NaN,NaN,NaN,NaN,NaN,NaN,NaN
1325422620,NaN,NaN,NaN,NaN,NaN,NaN,NaN
1325422680,NaN,NaN,NaN,NaN,NaN,NaN,NaN
1325422740,NaN,NaN,NaN,NaN,NaN,NaN,NaN
1325422800,NaN,NaN,NaN,NaN,NaN,NaN,NaN
1325422860,NaN,NaN,NaN,NaN,NaN,NaN,NaN
1325422920,NaN,NaN,NaN,NaN,NaN,NaN,NaN
1325422980,NaN,NaN,NaN,NaN,NaN,NaN,NaN
1325423040,NaN,NaN,NaN,NaN,NaN,NaN,NaN
1325423100,NaN,NaN,NaN,NaN,NaN,NaN,NaN
1325423160,NaN,NaN,NaN,NaN,NaN,NaN,NaN
1325423220,NaN,NaN,NaN,NaN,NaN,NaN,NaN
1325423280,NaN,NaN,NaN,NaN,NaN,NaN,NaN
1325423340,NaN,NaN,NaN,NaN,NaN,NaN,NaN
1325423400,NaN,NaN,NaN,NaN,NaN,NaN,NaN
1325423460,NaN,NaN,NaN,NaN,NaN,NaN,NaN
1325423520,NaN,NaN,NaN,NaN,NaN,NaN,NaN
1325423580,NaN,NaN,NaN,NaN,NaN,NaN,NaN
1325423640,NaN,NaN,NaN,NaN,NaN,NaN,NaN
1325423700,NaN,NaN,NaN,NaN,NaN,NaN,NaN
1325423760,NaN,NaN,NaN,NaN,NaN,NaN,NaN
1325423820,NaN,NaN,NaN,NaN,NaN,NaN,NaN
1325423880,NaN,NaN,NaN,NaN,NaN,NaN,NaN
1325423940,NaN,NaN,NaN,NaN,NaN,NaN,NaN
1325424000,NaN,NaN,NaN,NaN,NaN,NaN,NaN
1325424060,NaN,NaN,NaN,NaN,NaN,NaN,NaN
1325424120,NaN,NaN,NaN,NaN,NaN,NaN,NaN
1325424180,NaN,NaN,NaN,NaN,NaN,NaN,NaN
1325424240,NaN,NaN,NaN,NaN,NaN,NaN,NaN
1325424300,NaN,NaN,NaN,NaN,NaN,NaN,NaN
1325424360,NaN,NaN,NaN,NaN,NaN,NaN,NaN
1325424420,NaN,NaN,NaN,NaN,NaN,NaN,NaN
1325424480,NaN,NaN,NaN,NaN,NaN,NaN,NaN
1325424540,NaN,NaN,NaN,NaN,NaN,NaN,NaN
1325424600,NaN,NaN,NaN,NaN,NaN,NaN,NaN
1325424660,NaN,NaN,NaN,NaN,NaN,NaN,NaN
1325424720,NaN,NaN,NaN,NaN,NaN,NaN,NaN
1325424780,NaN,NaN,NaN,NaN,NaN,NaN,NaN
1325424840,NaN,NaN,NaN,NaN,NaN,NaN,NaN
1325424900,NaN,NaN,NaN,NaN,NaN,NaN,NaN
1325424960,NaN,NaN,NaN,NaN,NaN,NaN,NaN
1325425020,NaN,NaN,NaN,NaN,NaN,NaN,NaN
1325425080,NaN,NaN,NaN,NaN,NaN,NaN,NaN
1325425140,NaN,NaN,NaN,NaN,NaN,NaN,NaN
1325425200,NaN,NaN,NaN,NaN,NaN,NaN,NaN
1325425260,NaN,NaN,NaN,NaN,NaN,NaN,NaN
1325425320,NaN,NaN,NaN,NaN,NaN,NaN,NaN
1325425380,NaN,NaN,NaN,NaN,NaN,NaN,NaN
1325425440,NaN,NaN,NaN,NaN,NaN,NaN,NaN
1325425500,NaN,NaN,NaN,NaN,NaN,NaN,NaN
1325425560,NaN,NaN,NaN,NaN,NaN,NaN,NaN
1325425620,NaN,NaN,NaN,NaN,NaN,NaN,NaN
1325425680,NaN,NaN,NaN,NaN,NaN,NaN,NaN
1325425740,NaN,NaN,NaN,NaN,NaN,NaN,NaN
1325425800,NaN,NaN,NaN,NaN,NaN,NaN,NaN
1325425860,NaN,NaN,NaN,NaN,NaN,NaN,NaN
1325425920,NaN,NaN,NaN,NaN,NaN,NaN,NaN
1325425980,NaN,NaN,NaN,NaN,NaN,NaN,NaN
1325426040,NaN,NaN,NaN,NaN,NaN,NaN,NaN
1325426100,NaN,NaN,NaN,NaN,NaN,NaN,NaN
1325426160,NaN,NaN,NaN,NaN,NaN,NaN,NaN
1325426220,NaN,NaN,NaN,NaN,NaN,NaN,NaN
1325426280,NaN,NaN,NaN,NaN,NaN,NaN,NaN
1325426340,NaN,NaN,NaN,NaN,NaN,NaN,NaN
1325426400,NaN,NaN,NaN,NaN,NaN,NaN,NaN
1325426460,NaN,NaN,NaN,NaN,NaN,NaN,NaN
1325426520,NaN,NaN,NaN,NaN,NaN,NaN,NaN
1325426580,NaN,NaN,NaN,NaN,NaN,NaN,NaN
1325426640,NaN,NaN,NaN,NaN,NaN,NaN,NaN
1325426700,NaN,NaN,NaN,NaN,NaN,NaN,NaN
1325426760,NaN,NaN,NaN,NaN,NaN,NaN,NaN
1325426820,NaN,NaN,NaN,NaN,NaN,NaN,NaN
1325426880,NaN,NaN,NaN,NaN,NaN,NaN,NaN
1325426940,NaN,NaN,NaN,NaN,NaN,NaN,NaN
1325427000,NaN,NaN,NaN,NaN,NaN,NaN,NaN
1325427060,NaN,NaN,NaN,NaN,NaN,NaN,NaN
1325427120,NaN,NaN,NaN,NaN,NaN,NaN,NaN
1325427180,NaN,NaN,NaN,NaN,NaN,NaN,NaN
1325427240,NaN,NaN,NaN,NaN,NaN,NaN,NaN
1325427300,NaN,NaN,NaN,NaN,NaN,NaN,NaN
1325427360,NaN,NaN,NaN,NaN,NaN,NaN,NaN
1325427420,NaN,NaN,NaN,NaN,NaN,NaN,NaN
1325427480,NaN,NaN,NaN,NaN,NaN,NaN,NaN
1325427540,NaN,NaN,NaN,NaN,NaN,NaN,NaN
1325427600,NaN,NaN,NaN,NaN,NaN,NaN,NaN
1325427660,NaN,NaN,NaN,NaN,NaN,NaN,NaN
1325427720,NaN,NaN,NaN,NaN,NaN,NaN,NaN
1325427780,NaN,NaN,NaN,NaN,NaN,NaN,NaN
1325427840,NaN,NaN,NaN,NaN,NaN,NaN,NaN
1325427900,NaN,NaN,NaN,NaN,NaN,NaN,NaN
1325427960,NaN,NaN,NaN,NaN,NaN,NaN,NaN
1325428020,NaN,NaN,NaN,NaN,NaN,NaN,NaN
1325428080,NaN,NaN,NaN,NaN,NaN,NaN,NaN
1325428140,NaN,NaN,NaN,NaN,NaN,NaN,NaN
1325428200,NaN,NaN,NaN,NaN,NaN,NaN,NaN
1325428260,NaN,NaN,NaN,NaN,NaN,NaN,NaN
1325428320,NaN,NaN,NaN,NaN,NaN,NaN,NaN
1325428380,NaN,NaN,NaN,NaN,NaN,NaN,NaN
1325428440,NaN,NaN,NaN,NaN,NaN,NaN,NaN
1325428500,NaN,NaN,NaN,NaN,NaN,NaN,NaN
1325428560,NaN,NaN,NaN,NaN,NaN,NaN,NaN
1325428620,NaN,NaN,NaN,NaN,NaN,NaN,NaN
1325428680,NaN,NaN,NaN,NaN,NaN,NaN,NaN
1325428740,NaN,NaN,NaN,NaN,NaN,NaN,NaN
1325428800,NaN,NaN,NaN,NaN,NaN,NaN,NaN
1325428860,NaN,NaN,NaN,NaN,NaN,NaN,NaN
1325428920,NaN,NaN,NaN,NaN,NaN,NaN,NaN
1325428980,NaN,NaN,NaN,NaN,NaN,NaN,NaN
1325429040,NaN,NaN,NaN,NaN,NaN,NaN,NaN
1325429100,NaN,NaN,NaN,NaN,NaN,NaN,NaN
1325429160,NaN,NaN,NaN,NaN,NaN,NaN,NaN
1325429220,NaN,NaN,NaN,NaN,NaN,NaN,NaN
1325429280,NaN,NaN,NaN,NaN,NaN,NaN,NaN
1325429340,NaN,NaN,NaN,NaN,NaN,NaN,NaN
1325429400,NaN,NaN,NaN,NaN,NaN,NaN,NaN
1325429460,NaN,NaN,NaN,NaN,NaN,NaN,NaN
1325429520,NaN,NaN,NaN,NaN,NaN,NaN,NaN
1325429580,NaN,NaN,NaN,NaN,NaN,NaN,NaN
1325429640,NaN,NaN,NaN,NaN,NaN,NaN,NaN
1325429700,NaN,NaN,NaN,NaN,NaN,NaN,NaN
1325429760,NaN,NaN,NaN,NaN,NaN,NaN,NaN
1325429820,NaN,NaN,NaN,NaN,NaN,NaN,NaN
1325429880,NaN,NaN,NaN,NaN,NaN,NaN,NaN
1325429940,NaN,NaN,NaN,NaN,NaN,NaN,NaN
1325430000,NaN,NaN,NaN,NaN,NaN,NaN,NaN
1325430060,NaN,NaN,NaN,NaN,NaN,NaN,NaN
1325430120,NaN,NaN,NaN,NaN,NaN,NaN,NaN
1325430180,NaN,NaN,NaN,NaN,NaN,NaN,NaN
1325430240,NaN,NaN,NaN,NaN,NaN,NaN,NaN
1325430300,NaN,NaN,NaN,NaN,NaN,NaN,NaN
1325430360,NaN,NaN,NaN,NaN,NaN,NaN,NaN
1325430420,NaN,NaN,NaN,NaN,NaN,NaN,NaN
1325430480,NaN,NaN,NaN,NaN,NaN,NaN,NaN
1325430540,NaN,NaN,NaN,NaN,NaN,NaN,NaN
1325430600,NaN,NaN,NaN,NaN,NaN,NaN,NaN
1325430660,NaN,NaN,NaN,NaN,NaN,NaN,NaN
1325430720,NaN,NaN,NaN,NaN,NaN,NaN,NaN
1325430780,NaN,NaN,NaN,NaN,NaN,NaN,NaN
1325430840,NaN,NaN,NaN,NaN,NaN,NaN,NaN
1325430900,NaN,NaN,NaN,NaN,NaN,NaN,NaN
1325430960,NaN,NaN,NaN,NaN,NaN,NaN,NaN
1325431020,NaN,NaN,NaN,NaN,NaN,NaN,NaN
1325431080,NaN,NaN,NaN,NaN,NaN,NaN,NaN
1325431140,NaN,NaN,NaN,NaN,NaN,NaN,NaN
1325431200,NaN,NaN,NaN,NaN,NaN,NaN,NaN
1325431260,NaN,NaN,NaN,NaN,NaN,NaN,NaN
1325431320,NaN,NaN,NaN,NaN,NaN,NaN,NaN
1325431380,NaN,NaN,NaN,NaN,NaN,NaN,NaN
1325431440,NaN,NaN,NaN,NaN,NaN,NaN,NaN
1325431500,NaN,NaN,NaN,NaN,NaN,NaN,NaN
1325431560,NaN,NaN,NaN,NaN,NaN,NaN,NaN
1325431620,NaN,NaN,NaN,NaN,NaN,NaN,NaN
1325431680,4.84,4.84,4.84,4.84,10,48.4,4.84
1325431740,NaN,NaN,NaN,NaN,NaN,NaN,NaN
1325431800,NaN,NaN,NaN,NaN,NaN,NaN,NaN
1325431860,NaN,NaN,NaN,NaN,NaN,NaN,NaN
1325431920,NaN,NaN,NaN,NaN,NaN,NaN,NaN
1325431980,NaN,NaN,NaN,NaN,NaN,NaN,NaN
1325432040,NaN,NaN,NaN,NaN,NaN,NaN,NaN
1325432100,NaN,NaN,NaN,NaN,NaN,NaN,NaN
1325432160,NaN,NaN,NaN,NaN,NaN,NaN,NaN
1325432220,NaN,NaN,NaN,NaN,NaN,NaN,NaN
1325432280,NaN,NaN,NaN,NaN,NaN,NaN,NaN
1325432340,NaN,NaN,NaN,NaN,NaN,NaN,NaN
1325432400,NaN,NaN,NaN,NaN,NaN,NaN,NaN
1325432460,NaN,NaN,NaN,NaN,NaN,NaN,NaN
1325432520,NaN,NaN,NaN,NaN,NaN,NaN,NaN
1325432580,NaN,NaN,NaN,NaN,NaN,NaN,NaN
1325432640,NaN,NaN,NaN,NaN,NaN,NaN,NaN
1325432700,NaN,NaN,NaN,NaN,NaN,NaN,NaN
1325432760,NaN,NaN,NaN,NaN,NaN,NaN,NaN
1325432820,NaN,NaN,NaN,NaN,NaN,NaN,NaN
1325432880,NaN,NaN,NaN,NaN,NaN,NaN,NaN
1325432940,NaN,NaN,NaN,NaN,NaN,NaN,NaN
1325433000,NaN,NaN,NaN,NaN,NaN,NaN,NaN
1325433060,NaN,NaN,NaN,NaN,NaN,NaN,NaN
1325433120,NaN,NaN,NaN,NaN,NaN,NaN,NaN
1325433180,NaN,NaN,NaN,NaN,NaN,NaN,NaN
1325433240,NaN,NaN,NaN,NaN,NaN,NaN,NaN
1325433300,NaN,NaN,NaN,NaN,NaN,NaN,NaN
1325433360,NaN,NaN,NaN,NaN,NaN,NaN,NaN
1325433420,NaN,NaN,NaN,NaN,NaN,NaN,NaN
1325433480,NaN,NaN,NaN,NaN,NaN,NaN,NaN
1325433540,NaN,NaN,NaN,NaN,NaN,NaN,NaN
1325433600,NaN,NaN,NaN,NaN,NaN,NaN,NaN
1325433660,NaN,NaN,NaN,NaN,NaN,NaN,NaN
1325433720,NaN,NaN,NaN,NaN,NaN,NaN,NaN
1325433780,NaN,NaN,NaN,NaN,NaN,NaN,NaN
1325433840,NaN,NaN,NaN,NaN,NaN,NaN,NaN
1325433900,NaN,NaN,NaN,NaN,NaN,NaN,NaN
1325433960,NaN,NaN,NaN,NaN,NaN,NaN,NaN
1325434020,NaN,NaN,NaN,NaN,NaN,NaN,NaN
1325434080,NaN,NaN,NaN,NaN,NaN,NaN,NaN
1325434140,NaN,NaN,NaN,NaN,NaN,NaN,NaN
1325434200,NaN,NaN,NaN,NaN,NaN,NaN,NaN
1325434260,NaN,NaN,NaN,NaN,NaN,NaN,NaN
1325434320,NaN,NaN,NaN,NaN,NaN,NaN,NaN
1325434380,NaN,NaN,NaN,NaN,NaN,NaN,NaN
1325434440,NaN,NaN,NaN,NaN,NaN,NaN,NaN
1325434500,NaN,NaN,NaN,NaN,NaN,NaN,NaN
1325434560,NaN,NaN,NaN,NaN,NaN,NaN,NaN
1325434620,NaN,NaN,NaN,NaN,NaN,NaN,NaN
1325434680,NaN,NaN,NaN,NaN,NaN,NaN,NaN
1325434740,NaN,NaN,NaN,NaN,NaN,NaN,NaN
1325434800,NaN,NaN,NaN,NaN,NaN,NaN,NaN
1325434860,NaN,NaN,NaN,NaN,NaN,NaN,NaN
1325434920,NaN,NaN,NaN,NaN,NaN,NaN,NaN
1325434980,NaN,NaN,NaN,NaN,NaN,NaN,NaN
1325435040,NaN,NaN,NaN,NaN,NaN,NaN,NaN
1325435100,NaN,NaN,NaN,NaN,NaN,NaN,NaN
1325435160,NaN,NaN,NaN,NaN,NaN,NaN,NaN
1325435220,NaN,NaN,NaN,NaN,NaN,NaN,NaN
1325435280,NaN,NaN,NaN,NaN,NaN,NaN,NaN
1325435340,NaN,NaN,NaN,NaN,NaN,NaN,NaN
1325435400,NaN,NaN,NaN,NaN,NaN,NaN,NaN
1325435460,NaN,NaN,NaN,NaN,NaN,NaN,NaN
1325435520,NaN,NaN,NaN,NaN,NaN,NaN,NaN
1325435580,NaN,NaN,NaN,NaN,NaN,NaN,NaN
1325435640,NaN,NaN,NaN,NaN,NaN,NaN,NaN
1325435700,NaN,NaN,NaN,NaN,NaN,NaN,NaN
1325435760,NaN,NaN,NaN,NaN,NaN,NaN,NaN
1325435820,NaN,NaN,NaN,NaN,NaN,NaN,NaN
1325435880,NaN,NaN,NaN,NaN,NaN,NaN,NaN
1325435940,NaN,NaN,NaN,NaN,NaN,NaN,NaN
1325436000,NaN,NaN,NaN,NaN,NaN,NaN,NaN
1325436060,NaN,NaN,NaN,NaN,NaN,NaN,NaN
1325436120,NaN,NaN,NaN,NaN,NaN,NaN,NaN
1325436180,NaN,NaN,NaN,NaN,NaN,NaN,NaN
1325436240,NaN,NaN,NaN,NaN,NaN,NaN,NaN
1325436300,NaN,NaN,NaN,NaN,NaN,NaN,NaN
1325436360,NaN,NaN,NaN,NaN,NaN,NaN,NaN
1325436420,NaN,NaN,NaN,NaN,NaN,NaN,NaN
1325436480,NaN,NaN,NaN,NaN,NaN,NaN,NaN
1325436540,NaN,NaN,NaN,NaN,NaN,NaN,NaN
1325436600,NaN,NaN,NaN,NaN,NaN,NaN,NaN
1325436660,NaN,NaN,NaN,NaN,NaN,NaN,NaN
1325436720,NaN,NaN,NaN,NaN,NaN,NaN,NaN
1325436780,NaN,NaN,NaN,NaN,NaN,NaN,NaN
1325436840,NaN,NaN,NaN,NaN,NaN,NaN,NaN
1325436900,NaN,NaN,NaN,NaN,NaN,NaN,NaN
1325436960,NaN,NaN,NaN,NaN,NaN,NaN,NaN
1325437020,NaN,NaN,NaN,NaN,NaN,NaN,NaN
1325437080,NaN,NaN,NaN,NaN,NaN,NaN,NaN
1325437140,NaN,NaN,NaN,NaN,NaN,NaN,NaN
1325437200,NaN,NaN,NaN,NaN,NaN,NaN,NaN
1325437260,NaN,NaN,NaN,NaN,NaN,NaN,NaN
1325437320,NaN,NaN,NaN,NaN,NaN,NaN,NaN
1325437380,NaN,NaN,NaN,NaN,NaN,NaN,NaN
1325437440,NaN,NaN,NaN,NaN,NaN,NaN,NaN
1325437500,NaN,NaN,NaN,NaN,NaN,NaN,NaN
1325437560,NaN,NaN,NaN,NaN,NaN,NaN,NaN
1325437620,NaN,NaN,NaN,NaN,NaN,NaN,NaN
1325437680,NaN,NaN,NaN,NaN,NaN,NaN,NaN
1325437740,NaN,NaN,NaN,NaN,NaN,NaN,NaN
1325437800,NaN,NaN,NaN,NaN,NaN,NaN,NaN
1325437860,NaN,NaN,NaN,NaN,NaN,NaN,NaN
1325437920,NaN,NaN,NaN,NaN,NaN,NaN,NaN
1325437980,NaN,NaN,NaN,NaN,NaN,NaN,NaN
1325438040,NaN,NaN,NaN,NaN,NaN,NaN,NaN
1325438100,NaN,NaN,NaN,NaN,NaN,NaN,NaN
1325438160,NaN,NaN,NaN,NaN,NaN,NaN,NaN
1325438220,NaN,NaN,NaN,NaN,NaN,NaN,NaN
1325438280,NaN,NaN,NaN,NaN,NaN,NaN,NaN
1325438340,NaN,NaN,NaN,NaN,NaN,NaN,NaN
1325438400,NaN,NaN,NaN,NaN,NaN,NaN,NaN
1325438460,NaN,NaN,NaN,NaN,NaN,NaN,NaN
1325438520,NaN,NaN,NaN,NaN,NaN,NaN,NaN
1325438580,NaN,NaN,NaN,NaN,NaN,NaN,NaN
1325438640,NaN,NaN,NaN,NaN,NaN,NaN,NaN
1325438700,NaN,NaN,NaN,NaN,NaN,NaN,NaN
1325438760,NaN,NaN,NaN,NaN,NaN,NaN,NaN
1325438820,NaN,NaN,NaN,NaN,NaN,NaN,NaN
1325438880,NaN,NaN,NaN,NaN,NaN,NaN,NaN
1325438940,NaN,NaN,NaN,NaN,NaN,NaN,NaN
1325439000,NaN,NaN,NaN,NaN,NaN,NaN,NaN
1325439060,NaN,NaN,NaN,NaN,NaN,NaN,NaN
1325439120,NaN,NaN,NaN,NaN,NaN,NaN,NaN
1325439180,NaN,NaN,NaN,NaN,NaN,NaN,NaN
1325439240,NaN,NaN,NaN,NaN,NaN,NaN,NaN
1325439300,NaN,NaN,NaN,NaN,NaN,NaN,NaN
1325439360,NaN,NaN,NaN,NaN,NaN,NaN,NaN
1325439420,NaN,NaN,NaN,NaN,NaN,NaN,NaN
1325439480,NaN,NaN,NaN,NaN,NaN,NaN,NaN
1325439540,NaN,NaN,NaN,NaN,NaN,NaN,NaN
1325439600,NaN,NaN,NaN,NaN,NaN,NaN,NaN
1325439660,NaN,NaN,NaN,NaN,NaN,NaN,NaN
1325439720,NaN,NaN,NaN,NaN,NaN,NaN,NaN
1325439780,NaN,NaN,NaN,NaN,NaN,NaN,NaN
1325439840,NaN,NaN,NaN,NaN,NaN,NaN,NaN
1325439900,NaN,NaN,NaN,NaN,NaN,NaN,NaN
1325439960,NaN,NaN,NaN,NaN,NaN,NaN,NaN
1325440020,NaN,NaN,NaN,NaN,NaN,NaN,NaN
1325440080,NaN,NaN,NaN,NaN,NaN,NaN,NaN
1325440140,NaN,NaN,NaN,NaN,NaN,NaN,NaN
1325440200,NaN,NaN,NaN,NaN,NaN,NaN,NaN
1325440260,NaN,NaN,NaN,NaN,NaN,NaN,NaN
1325440320,NaN,NaN,NaN,NaN,NaN,NaN,NaN
1325440380,NaN,NaN,NaN,NaN,NaN,NaN,NaN
1325440440,NaN,NaN,NaN,NaN,NaN,NaN,NaN
1325440500,NaN,NaN,NaN,NaN,NaN,NaN,NaN
1325440560,NaN,NaN,NaN,NaN,NaN,NaN,NaN
1325440620,NaN,NaN,NaN,NaN,NaN,NaN,NaN
1325440680,NaN,NaN,NaN,NaN,NaN,NaN,NaN
1325440740,NaN,NaN,NaN,NaN,NaN,NaN,NaN
1325440800,NaN,NaN,NaN,NaN,NaN,NaN,NaN
1325440860,NaN,NaN,NaN,NaN,NaN,NaN,NaN
1325440920,NaN,NaN,NaN,NaN,NaN,NaN,NaN
1325440980,NaN,NaN,NaN,NaN,NaN,NaN,NaN
1325441040,NaN,NaN,NaN,NaN,NaN,NaN,NaN
1325441100,NaN,NaN,NaN,NaN,NaN,NaN,NaN
1325441160,NaN,NaN,NaN,NaN,NaN,NaN,NaN
1325441220,NaN,NaN,NaN,NaN,NaN,NaN,NaN
1325441280,NaN,NaN,NaN,NaN,NaN,NaN,NaN
1325441340,NaN,NaN,NaN,NaN,NaN,NaN,NaN
1325441400,NaN,NaN,NaN,NaN,NaN,NaN,NaN
1325441460,NaN,NaN,NaN,NaN,NaN,NaN,NaN
1325441520,NaN,NaN,NaN,NaN,NaN,NaN,NaN
1325441580,NaN,NaN,NaN,NaN,NaN,NaN,NaN
1325441640,NaN,NaN,NaN,NaN,NaN,NaN,NaN
1325441700,NaN,NaN,NaN,NaN,NaN,NaN,NaN
1325441760,NaN,NaN,NaN,NaN,NaN,NaN,NaN
1325441820,NaN,NaN,NaN,NaN,NaN,NaN,NaN
1325441880,NaN,NaN,NaN,NaN,NaN,NaN,NaN
1325441940,NaN,NaN,NaN,NaN,NaN,NaN,NaN
1325442000,NaN,NaN,NaN,NaN,NaN,NaN,NaN
1325442060,NaN,NaN,NaN,NaN,NaN,NaN,NaN
1325442120,NaN,NaN,NaN,NaN,NaN,NaN,NaN
1325442180,NaN,NaN,NaN,NaN,NaN,NaN,NaN
1325442240,NaN,NaN,NaN,NaN,NaN,NaN,NaN
1325442300,NaN,NaN,NaN,NaN,NaN,NaN,NaN
1325442360,NaN,NaN,NaN,NaN,NaN,NaN,NaN
1325442420,NaN,NaN,NaN,NaN,NaN,NaN,NaN
1325442480,NaN,NaN,NaN,NaN,NaN,NaN,NaN
1325442540,NaN,NaN,NaN,NaN,NaN,NaN,NaN
1325442600,NaN,NaN,NaN,NaN,NaN,NaN,NaN
1325442660,NaN,NaN,NaN,NaN,NaN,NaN,NaN
1325442720,NaN,NaN,NaN,NaN,NaN,NaN,NaN
1325442780,NaN,NaN,NaN,NaN,NaN,NaN,NaN
1325442840,NaN,NaN,NaN,NaN,NaN,NaN,NaN
1325442900,NaN,NaN,NaN,NaN,NaN,NaN,NaN
1325442960,NaN,NaN,NaN,NaN,NaN,NaN,NaN
1325443020,NaN,NaN,NaN,NaN,NaN,NaN,NaN
1325443080,NaN,NaN,NaN,NaN,NaN,NaN,NaN
1325443140,NaN,NaN,NaN,NaN,NaN,NaN,NaN
1325443200,NaN,NaN,NaN,NaN,NaN,NaN,NaN
1325443260,NaN,NaN,NaN,NaN,NaN,NaN,NaN
1325443320,NaN,NaN,NaN,NaN,NaN,NaN,NaN
1325443380,NaN,NaN,NaN,NaN,NaN,NaN,NaN
1325443440,NaN,NaN,NaN,NaN,NaN,NaN,NaN
1325443500,NaN,NaN,NaN,NaN,NaN,NaN,NaN
1325443560,NaN,NaN,NaN,NaN,NaN,NaN,NaN
1325443620,NaN,NaN,NaN,NaN,NaN,NaN,NaN
1325443680,NaN,NaN,NaN,NaN,NaN,NaN,NaN
1325443740,NaN,NaN,NaN,NaN,NaN,NaN,NaN
1325443800,NaN,NaN,NaN,NaN,NaN,NaN,NaN
1325443860,NaN,NaN,NaN,NaN,NaN,NaN,NaN
1325443920,NaN,NaN,NaN,NaN,NaN,NaN,NaN
1325443980,NaN,NaN,NaN,NaN,NaN,NaN,NaN
1325444040,NaN,NaN,NaN,NaN,NaN,NaN,NaN
1325444100,NaN,NaN,NaN,NaN,NaN,NaN,NaN
1325444160,NaN,NaN,NaN,NaN,NaN,NaN,NaN
1325444220,NaN,NaN,NaN,NaN,NaN,NaN,NaN
1325444280,NaN,NaN,NaN,NaN,NaN,NaN,NaN
1325444340,NaN,NaN,NaN,NaN,NaN,NaN,NaN
1325444400,NaN,NaN,NaN,NaN,NaN,NaN,NaN
1325444460,NaN,NaN,NaN,NaN,NaN,NaN,NaN
1325444520,NaN,NaN,NaN,NaN,NaN,NaN,NaN
1325444580,NaN,NaN,NaN,NaN,NaN,NaN,NaN
1325444640,NaN,NaN,NaN,NaN,NaN,NaN,NaN
1325444700,NaN,NaN,NaN,NaN,NaN,NaN,NaN
1325444760,NaN,NaN,NaN,NaN,NaN,NaN,NaN
1325444820,NaN,NaN,NaN,NaN,NaN,NaN,NaN
1325444880,NaN,NaN,NaN,NaN,NaN,NaN,NaN
1325444940,NaN,NaN,NaN,NaN,NaN,NaN,NaN
1325445000,NaN,NaN,NaN,NaN,NaN,NaN,NaN
1325445060,NaN,NaN,NaN,NaN,NaN,NaN,NaN
1325445120,NaN,NaN,NaN,NaN,NaN,NaN,NaN
1325445180,NaN,NaN,NaN,NaN,NaN,NaN,NaN
1325445240,NaN,NaN,NaN,NaN,NaN,NaN,NaN
1325445300,NaN,NaN,NaN,NaN,NaN,NaN,NaN
1325445360,NaN,NaN,NaN,NaN,NaN,NaN,NaN
1325445420,NaN,NaN,NaN,NaN,NaN,NaN,NaN
1325445480,NaN,NaN,NaN,NaN,NaN,NaN,NaN
1325445540,NaN,NaN,NaN,NaN,NaN,NaN,NaN
1325445600,NaN,NaN,NaN,NaN,NaN,NaN,NaN
1325445660,NaN,NaN,NaN,NaN,NaN,NaN,NaN
1325445720,NaN,NaN,NaN,NaN,NaN,NaN,NaN
1325445780,NaN,NaN,NaN,NaN,NaN,NaN,NaN
1325445840,NaN,NaN,NaN,NaN,NaN,NaN,NaN
1325445900,NaN,NaN,NaN,NaN,NaN,NaN,NaN
1325445960,NaN,NaN,NaN,NaN,NaN,NaN,NaN
1325446020,NaN,NaN,NaN,NaN,NaN,NaN,NaN
1325446080,NaN,NaN,NaN,NaN,NaN,NaN,NaN
1325446140,NaN,NaN,NaN,NaN,NaN,NaN,NaN
1325446200,NaN,NaN,NaN,NaN,NaN,NaN,NaN
1325446260,NaN,NaN,NaN,NaN,NaN,NaN,NaN
1325446320,NaN,NaN,NaN,NaN,NaN,NaN,NaN
1325446380,NaN,NaN,NaN,NaN,NaN,NaN,NaN
1325446440,NaN,NaN,NaN,NaN,NaN,NaN,NaN
1325446500,NaN,NaN,NaN,NaN,NaN,NaN,NaN
1325446560,NaN,NaN,NaN,NaN,NaN,NaN,NaN
1325446620,NaN,NaN,NaN,NaN,NaN,NaN,NaN
1325446680,NaN,NaN,NaN,NaN,NaN,NaN,NaN
1325446740,NaN,NaN,NaN,NaN,NaN,NaN,NaN
1325446800,NaN,NaN,NaN,NaN,NaN,NaN,NaN
1325446860,NaN,NaN,NaN,NaN,NaN,NaN,NaN
1325446920,NaN,NaN,NaN,NaN,NaN,NaN,NaN
1325446980,NaN,NaN,NaN,NaN,NaN,NaN,NaN
1325447040,NaN,NaN,NaN,NaN,NaN,NaN,NaN
1325447100,NaN,NaN,NaN,NaN,NaN,NaN,NaN
1325447160,NaN,NaN,NaN,NaN,NaN,NaN,NaN
1325447220,NaN,NaN,NaN,NaN,NaN,NaN,NaN
1325447280,NaN,NaN,NaN,NaN,NaN,NaN,NaN
1325447340,NaN,NaN,NaN,NaN,NaN,NaN,NaN
1325447400,NaN,NaN,NaN,NaN,NaN,NaN,NaN
1325447460,NaN,NaN,NaN,NaN,NaN,NaN,NaN
1325447520,NaN,NaN,NaN,NaN,NaN,NaN,NaN
1325447580,NaN,NaN,NaN,NaN,NaN,NaN,NaN
1325447640,NaN,NaN,NaN,NaN,NaN,NaN,NaN
1325447700,NaN,NaN,NaN,NaN,NaN,NaN,NaN
1325447760,NaN,NaN,NaN,NaN,NaN,NaN,NaN
1325447820,NaN,NaN,NaN,NaN,NaN,NaN,NaN
1325447880,NaN,NaN,NaN,NaN,NaN,NaN,NaN
1325447940,NaN,NaN,NaN,NaN,NaN,NaN,NaN
1325448000,NaN,NaN,NaN,NaN,NaN,NaN,NaN
1325448060,NaN,NaN,NaN,NaN,NaN,NaN,NaN
1325448120,NaN,NaN,NaN,NaN,NaN,NaN,NaN
1325448180,NaN,NaN,NaN,NaN,NaN,NaN,NaN
1325448240,NaN,NaN,NaN,NaN,NaN,NaN,NaN
1325448300,NaN,NaN,NaN,NaN,NaN,NaN,NaN
1325448360,NaN,NaN,NaN,NaN,NaN,NaN,NaN
1325448420,NaN,NaN,NaN,NaN,NaN,NaN,NaN
1325448480,NaN,NaN,NaN,NaN,NaN,NaN,NaN
1325448540,NaN,NaN,NaN,NaN,NaN,NaN,NaN
1325448600,NaN,NaN,NaN,NaN,NaN,NaN,NaN
1325448660,NaN,NaN,NaN,NaN,NaN,NaN,NaN
1325448720,NaN,NaN,NaN,NaN,NaN,NaN,NaN
1325448780,NaN,NaN,NaN,NaN,NaN,NaN,NaN
1325448840,NaN,NaN,NaN,NaN,NaN,NaN,NaN
1325448900,NaN,NaN,NaN,NaN,NaN,NaN,NaN
1325448960,NaN,NaN,NaN,NaN,NaN,NaN,NaN
1325449020,NaN,NaN,NaN,NaN,NaN,NaN,NaN
1325449080,NaN,NaN,NaN,NaN,NaN,NaN,NaN
1325449140,NaN,NaN,NaN,NaN,NaN,NaN,NaN
1325449200,NaN,NaN,NaN,NaN,NaN,NaN,NaN
1325449260,NaN,NaN,NaN,NaN,NaN,NaN,NaN
1325449320,NaN,NaN,NaN,NaN,NaN,NaN,NaN
1325449380,NaN,NaN,NaN,NaN,NaN,NaN,NaN
1325449440,NaN,NaN,NaN,NaN,NaN,NaN,NaN
1325449500,NaN,NaN,NaN,NaN,NaN,NaN,NaN
1325449560,NaN,NaN,NaN,NaN,NaN,NaN,NaN
1325449620,NaN,NaN,NaN,NaN,NaN,NaN,NaN
1325449680,NaN,NaN,NaN,NaN,NaN,NaN,NaN
1325449740,NaN,NaN,NaN,NaN,NaN,NaN,NaN
1325449800,NaN,NaN,NaN,NaN,NaN,NaN,NaN
1325449860,NaN,NaN,NaN,NaN,NaN,NaN,NaN
1325449920,NaN,NaN,NaN,NaN,NaN,NaN,NaN
1325449980,NaN,NaN,NaN,NaN,NaN,NaN,NaN
1325450040,NaN,NaN,NaN,NaN,NaN,NaN,NaN
1325450100,NaN,NaN,NaN,NaN,NaN,NaN,NaN
1325450160,NaN,NaN,NaN,NaN,NaN,NaN,NaN
1325450220,NaN,NaN,NaN,NaN,NaN,NaN,NaN
1325450280,NaN,NaN,NaN,NaN,NaN,NaN,NaN
1325450340,NaN,NaN,NaN,NaN,NaN,NaN,NaN
1325450400,NaN,NaN,NaN,NaN,NaN,NaN,NaN
1325450460,NaN,NaN,NaN,NaN,NaN,NaN,NaN
1325450520,NaN,NaN,NaN,NaN,NaN,NaN,NaN
1325450580,NaN,NaN,NaN,NaN,NaN,NaN,NaN
1325450640,NaN,NaN,NaN,NaN,NaN,NaN,NaN
1325450700,NaN,NaN,NaN,NaN,NaN,NaN,NaN
1325450760,NaN,NaN,NaN,NaN,NaN,NaN,NaN
1325450820,NaN,NaN,NaN,NaN,NaN,NaN,NaN
1325450880,NaN,NaN,NaN,NaN,NaN,NaN,NaN
1325450940,NaN,NaN,NaN,NaN,NaN,NaN,NaN
1325451000,NaN,NaN,NaN,NaN,NaN,NaN,NaN
1325451060,NaN,NaN,NaN,NaN,NaN,NaN,NaN
1325451120,NaN,NaN,NaN,NaN,NaN,NaN,NaN
1325451180,NaN,NaN,NaN,NaN,NaN,NaN,NaN
1325451240,NaN,NaN,NaN,NaN,NaN,NaN,NaN
1325451300,NaN,NaN,NaN,NaN,NaN,NaN,NaN
1325451360,NaN,NaN,NaN,NaN,NaN,NaN,NaN
1325451420,NaN,NaN,NaN,NaN,NaN,NaN,NaN
1325451480,NaN,NaN,NaN,NaN,NaN,NaN,NaN
1325451540,NaN,NaN,NaN,NaN,NaN,NaN,NaN
1325451600,NaN,NaN,NaN,NaN,NaN,NaN,NaN
1325451660,NaN,NaN,NaN,NaN,NaN,NaN,NaN
1325451720,NaN,NaN,NaN,NaN,NaN,NaN,NaN
1325451780,NaN,NaN,NaN,NaN,NaN,NaN,NaN
1325451840,NaN,NaN,NaN,NaN,NaN,NaN,NaN
1325451900,NaN,NaN,NaN,NaN,NaN,NaN,NaN
1325451960,NaN,NaN,NaN,NaN,NaN,NaN,NaN
1325452020,NaN,NaN,NaN,NaN,NaN,NaN,NaN
1325452080,NaN,NaN,NaN,NaN,NaN,NaN,NaN
1325452140,NaN,NaN,NaN,NaN,NaN,NaN,NaN
1325452200,NaN,NaN,NaN,NaN,NaN,NaN,NaN
1325452260,NaN,NaN,NaN,NaN,NaN,NaN,NaN
1325452320,NaN,NaN,NaN,NaN,NaN,NaN,NaN
1325452380,NaN,NaN,NaN,NaN,NaN,NaN,NaN
1325452440,NaN,NaN,NaN,NaN,NaN,NaN,NaN
1325452500,NaN,NaN,NaN,NaN,NaN,NaN,NaN
1325452560,NaN,NaN,NaN,NaN,NaN,NaN,NaN
1325452620,NaN,NaN,NaN,NaN,NaN,NaN,NaN
1325452680,NaN,NaN,NaN,NaN,NaN,NaN,NaN
1325452740,NaN,NaN,NaN,NaN,NaN,NaN,NaN
1325452800,NaN,NaN,NaN,NaN,NaN,NaN,NaN
1325452860,NaN,NaN,NaN,NaN,NaN,NaN,NaN
1325452920,NaN,NaN,NaN,NaN,NaN,NaN,NaN
1325452980,NaN,NaN,NaN,NaN,NaN,NaN,NaN
1325453040,NaN,NaN,NaN,NaN,NaN,NaN,NaN
1325453100,NaN,NaN,NaN,NaN,NaN,NaN,NaN
1325453160,NaN,NaN,NaN,NaN,NaN,NaN,NaN
1325453220,NaN,NaN,NaN,NaN,NaN,NaN,NaN
1325453280,NaN,NaN,NaN,NaN,NaN,NaN,NaN
1325453340,NaN,NaN,NaN,NaN,NaN,NaN,NaN
1325453400,NaN,NaN,NaN,NaN,NaN,NaN,NaN
1325453460,NaN,NaN,NaN,NaN,NaN,NaN,NaN
1325453520,NaN,NaN,NaN,NaN,NaN,NaN,NaN
1325453580,NaN,NaN,NaN,NaN,NaN,NaN,NaN
1325453640,NaN,NaN,NaN,NaN,NaN,NaN,NaN
1325453700,NaN,NaN,NaN,NaN,NaN,NaN,NaN
1325453760,NaN,NaN,NaN,NaN,NaN,NaN,NaN
1325453820,NaN,NaN,NaN,NaN,NaN,NaN,NaN
1325453880,NaN,NaN,NaN,NaN,NaN,NaN,NaN
1325453940,NaN,NaN,NaN,NaN,NaN,NaN,NaN
1325454000,NaN,NaN,NaN,NaN,NaN,NaN,NaN
1325454060,NaN,NaN,NaN,NaN,NaN,NaN,NaN
1325454120,NaN,NaN,NaN,NaN,NaN,NaN,NaN
1325454180,NaN,NaN,NaN,NaN,NaN,NaN,NaN
1325454240,NaN,NaN,NaN,NaN,NaN,NaN,NaN
1325454300,NaN,NaN,NaN,NaN,NaN,NaN,NaN
1325454360,NaN,NaN,NaN,NaN,NaN,NaN,NaN
1325454420,NaN,NaN,NaN,NaN,NaN,NaN,NaN
1325454480,NaN,NaN,NaN,NaN,NaN,NaN,NaN
1325454540,NaN,NaN,NaN,NaN,NaN,NaN,NaN
1325454600,NaN,NaN,NaN,NaN,NaN,NaN,NaN
1325454660,NaN,NaN,NaN,NaN,NaN,NaN,NaN
1325454720,NaN,NaN,NaN,NaN,NaN,NaN,NaN
1325454780,NaN,NaN,NaN,NaN,NaN,NaN,NaN
1325454840,NaN,NaN,NaN,NaN,NaN,NaN,NaN
1325454900,NaN,NaN,NaN,NaN,NaN,NaN,NaN
1325454960,NaN,NaN,NaN,NaN,NaN,NaN,NaN
1325455020,NaN,NaN,NaN,NaN,NaN,NaN,NaN
1325455080,NaN,NaN,NaN,NaN,NaN,NaN,NaN
1325455140,NaN,NaN,NaN,NaN,NaN,NaN,NaN
1325455200,NaN,NaN,NaN,NaN,NaN,NaN,NaN
1325455260,NaN,NaN,NaN,NaN,NaN,NaN,NaN
1325455320,NaN,NaN,NaN,NaN,NaN,NaN,NaN
1325455380,NaN,NaN,NaN,NaN,NaN,NaN,NaN
1325455440,NaN,NaN,NaN,NaN,NaN,NaN,NaN
1325455500,NaN,NaN,NaN,NaN,NaN,NaN,NaN
1325455560,NaN,NaN,NaN,NaN,NaN,NaN,NaN
1325455620,NaN,NaN,NaN,NaN,NaN,NaN,NaN
1325455680,NaN,NaN,NaN,NaN,NaN,NaN,NaN
1325455740,NaN,NaN,NaN,NaN,NaN,NaN,NaN
1325455800,NaN,NaN,NaN,NaN,NaN,NaN,NaN
1325455860,NaN,NaN,NaN,NaN,NaN,NaN,NaN
1325455920,NaN,NaN,NaN,NaN,NaN,NaN,NaN
1325455980,NaN,NaN,NaN,NaN,NaN,NaN,NaN
1325456040,NaN,NaN,NaN,NaN,NaN,NaN,NaN
1325456100,NaN,NaN,NaN,NaN,NaN,NaN,NaN
1325456160,NaN,NaN,NaN,NaN,NaN,NaN,NaN
1325456220,NaN,NaN,NaN,NaN,NaN,NaN,NaN
1325456280,NaN,NaN,NaN,NaN,NaN,NaN,NaN
1325456340,NaN,NaN,NaN,NaN,NaN,NaN,NaN
1325456400,NaN,NaN,NaN,NaN,NaN,NaN,NaN
1325456460,NaN,NaN,NaN,NaN,NaN,NaN,NaN
1325456520,NaN,NaN,NaN,NaN,NaN,NaN,NaN
1325456580,NaN,NaN,NaN,NaN,NaN,NaN,NaN
1325456640,NaN,NaN,NaN,NaN,NaN,NaN,NaN
1325456700,NaN,NaN,NaN,NaN,NaN,NaN,NaN
1325456760,NaN,NaN,NaN,NaN,NaN,NaN,NaN
1325456820,NaN,NaN,NaN,NaN,NaN,NaN,NaN
1325456880,NaN,NaN,NaN,NaN,NaN,NaN,NaN
1325456940,NaN,NaN,NaN,NaN,NaN,NaN,NaN
1325457000,NaN,NaN,NaN,NaN,NaN,NaN,NaN
1325457060,NaN,NaN,NaN,NaN,NaN,NaN,NaN
1325457120,NaN,NaN,NaN,NaN,NaN,NaN,NaN
1325457180,NaN,NaN,NaN,NaN,NaN,NaN,NaN
1325457240,NaN,NaN,NaN,NaN,NaN,NaN,NaN
1325457300,NaN,NaN,NaN,NaN,NaN,NaN,NaN
1325457360,NaN,NaN,NaN,NaN,NaN,NaN,NaN
1325457420,NaN,NaN,NaN,NaN,NaN,NaN,NaN
1325457480,NaN,NaN,NaN,NaN,NaN,NaN,NaN
1325457540,NaN,NaN,NaN,NaN,NaN,NaN,NaN
1325457600,NaN,NaN,NaN,NaN,NaN,NaN,NaN
1325457660,NaN,NaN,NaN,NaN,NaN,NaN,NaN
1325457720,NaN,NaN,NaN,NaN,NaN,NaN,NaN
1325457780,NaN,NaN,NaN,NaN,NaN,NaN,NaN
1325457840,NaN,NaN,NaN,NaN,NaN,NaN,NaN
1325457900,5,5,5,5,10.1,50.5,5
1325457960,NaN,NaN,NaN,NaN,NaN,NaN,NaN
1325458020,NaN,NaN,NaN,NaN,NaN,NaN,NaN
1325458080,NaN,NaN,NaN,NaN,NaN,NaN,NaN
1325458140,NaN,NaN,NaN,NaN,NaN,NaN,NaN
1325458200,NaN,NaN,NaN,NaN,NaN,NaN,NaN
1325458260,NaN,NaN,NaN,NaN,NaN,NaN,NaN
1325458320,NaN,NaN,NaN,NaN,NaN,NaN,NaN
1325458380,NaN,NaN,NaN,NaN,NaN,NaN,NaN
1325458440,NaN,NaN,NaN,NaN,NaN,NaN,NaN
1325458500,NaN,NaN,NaN,NaN,NaN,NaN,NaN
1325458560,NaN,NaN,NaN,NaN,NaN,NaN,NaN
1325458620,NaN,NaN,NaN,NaN,NaN,NaN,NaN
1325458680,NaN,NaN,NaN,NaN,NaN,NaN,NaN
1325458740,NaN,NaN,NaN,NaN,NaN,NaN,NaN
1325458800,NaN,NaN,NaN,NaN,NaN,NaN,NaN
1325458860,NaN,NaN,NaN,NaN,NaN,NaN,NaN
1325458920,NaN,NaN,NaN,NaN,NaN,NaN,NaN
1325458980,NaN,NaN,NaN,NaN,NaN,NaN,NaN
1325459040,NaN,NaN,NaN,NaN,NaN,NaN,NaN
1325459100,NaN,NaN,NaN,NaN,NaN,NaN,NaN
1325459160,NaN,NaN,NaN,NaN,NaN,NaN,NaN
1325459220,NaN,NaN,NaN,NaN,NaN,NaN,NaN
1325459280,NaN,NaN,NaN,NaN,NaN,NaN,NaN
1325459340,NaN,NaN,NaN,NaN,NaN,NaN,NaN
1325459400,NaN,NaN,NaN,NaN,NaN,NaN,NaN
1325459460,NaN,NaN,NaN,NaN,NaN,NaN,NaN
1325459520,NaN,NaN,NaN,NaN,NaN,NaN,NaN
1325459580,NaN,NaN,NaN,NaN,NaN,NaN,NaN
1325459640,NaN,NaN,NaN,NaN,NaN,NaN,NaN
1325459700,NaN,NaN,NaN,NaN,NaN,NaN,NaN
1325459760,NaN,NaN,NaN,NaN,NaN,NaN,NaN
1325459820,NaN,NaN,NaN,NaN,NaN,NaN,NaN
1325459880,NaN,NaN,NaN,NaN,NaN,NaN,NaN
1325459940,NaN,NaN,NaN,NaN,NaN,NaN,NaN
1325460000,NaN,NaN,NaN,NaN,NaN,NaN,NaN
1325460060,NaN,NaN,NaN,NaN,NaN,NaN,NaN
1325460120,NaN,NaN,NaN,NaN,NaN,NaN,NaN
1325460180,NaN,NaN,NaN,NaN,NaN,NaN,NaN
1325460240,NaN,NaN,NaN,NaN,NaN,NaN,NaN
1325460300,NaN,NaN,NaN,NaN,NaN,NaN,NaN
1325460360,NaN,NaN,NaN,NaN,NaN,NaN,NaN
1325460420,NaN,NaN,NaN,NaN,NaN,NaN,NaN
1325460480,NaN,NaN,NaN,NaN,NaN,NaN,NaN
1325460540,NaN,NaN,NaN,NaN,NaN,NaN,NaN
1325460600,NaN,NaN,NaN,NaN,NaN,NaN,NaN
1325460660,NaN,NaN,NaN,NaN,NaN,NaN,NaN
1325460720,NaN,NaN,NaN,NaN,NaN,NaN,NaN
1325460780,NaN,NaN,NaN,NaN,NaN,NaN,NaN
1325460840,NaN,NaN,NaN,NaN,NaN,NaN,NaN
1325460900,NaN,NaN,NaN,NaN,NaN,NaN,NaN
1325460960,NaN,NaN,NaN,NaN,NaN,NaN,NaN
1325461020,NaN,NaN,NaN,NaN,NaN,NaN,NaN
1325461080,NaN,NaN,NaN,NaN,NaN,NaN,NaN
1325461140,NaN,NaN,NaN,NaN,NaN,NaN,NaN
1325461200,NaN,NaN,NaN,NaN,NaN,NaN,NaN
1325461260,NaN,NaN,NaN,NaN,NaN,NaN,NaN
1325461320,NaN,NaN,NaN,NaN,NaN,NaN,NaN
1325461380,NaN,NaN,NaN,NaN,NaN,NaN,NaN
1325461440,NaN,NaN,NaN,NaN,NaN,NaN,NaN
1325461500,NaN,NaN,NaN,NaN,NaN,NaN,NaN
1325461560,NaN,NaN,NaN,NaN,NaN,NaN,NaN
1325461620,NaN,NaN,NaN,NaN,NaN,NaN,NaN
1325461680,NaN,NaN,NaN,NaN,NaN,NaN,NaN
1325461740,NaN,NaN,NaN,NaN,NaN,NaN,NaN
1325461800,NaN,NaN,NaN,NaN,NaN,NaN,NaN
1325461860,NaN,NaN,NaN,NaN,NaN,NaN,NaN
1325461920,NaN,NaN,NaN,NaN,NaN,NaN,NaN
1325461980,NaN,NaN,NaN,NaN,NaN,NaN,NaN
1325462040,NaN,NaN,NaN,NaN,NaN,NaN,NaN
1325462100,NaN,NaN,NaN,NaN,NaN,NaN,NaN
1325462160,NaN,NaN,NaN,NaN,NaN,NaN,NaN
1325462220,NaN,NaN,NaN,NaN,NaN,NaN,NaN
1325462280,NaN,NaN,NaN,NaN,NaN,NaN,NaN
1325462340,NaN,NaN,NaN,NaN,NaN,NaN,NaN
1325462400,NaN,NaN,NaN,NaN,NaN,NaN,NaN
1325462460,NaN,NaN,NaN,NaN,NaN,NaN,NaN
1325462520,NaN,NaN,NaN,NaN,NaN,NaN,NaN
1325462580,NaN,NaN,NaN,NaN,NaN,NaN,NaN
1325462640,NaN,NaN,NaN,NaN,NaN,NaN,NaN
1325462700,NaN,NaN,NaN,NaN,NaN,NaN,NaN
1325462760,NaN,NaN,NaN,NaN,NaN,NaN,NaN
1325462820,NaN,NaN,NaN,NaN,NaN,NaN,NaN
1325462880,NaN,NaN,NaN,NaN,NaN,NaN,NaN
1325462940,NaN,NaN,NaN,NaN,NaN,NaN,NaN
1325463000,NaN,NaN,NaN,NaN,NaN,NaN,NaN
1325463060,NaN,NaN,NaN,NaN,NaN,NaN,NaN
1325463120,NaN,NaN,NaN,NaN,NaN,NaN,NaN
1325463180,NaN,NaN,NaN,NaN,NaN,NaN,NaN
1325463240,NaN,NaN,NaN,NaN,NaN,NaN,NaN
1325463300,NaN,NaN,NaN,NaN,NaN,NaN,NaN
1325463360,NaN,NaN,NaN,NaN,NaN,NaN,NaN
1325463420,NaN,NaN,NaN,NaN,NaN,NaN,NaN
1325463480,NaN,NaN,NaN,NaN,NaN,NaN,NaN
1325463540,NaN,NaN,NaN,NaN,NaN,NaN,NaN
1325463600,NaN,NaN,NaN,NaN,NaN,NaN,NaN
1325463660,NaN,NaN,NaN,NaN,NaN,NaN,NaN
1325463720,NaN,NaN,NaN,NaN,NaN,NaN,NaN
1325463780,NaN,NaN,NaN,NaN,NaN,NaN,NaN
1325463840,NaN,NaN,NaN,NaN,NaN,NaN,NaN
1325463900,NaN,NaN,NaN,NaN,NaN,NaN,NaN
1325463960,NaN,NaN,NaN,NaN,NaN,NaN,NaN
1325464020,NaN,NaN,NaN,NaN,NaN,NaN,NaN
1325464080,NaN,NaN,NaN,NaN,NaN,NaN,NaN
1325464140,NaN,NaN,NaN,NaN,NaN,NaN,NaN
1325464200,NaN,NaN,NaN,NaN,NaN,NaN,NaN
1325464260,NaN,NaN,NaN,NaN,NaN,NaN,NaN
1325464320,NaN,NaN,NaN,NaN,NaN,NaN,NaN
1325464380,NaN,NaN,NaN,NaN,NaN,NaN,NaN
1325464440,NaN,NaN,NaN,NaN,NaN,NaN,NaN
1325464500,NaN,NaN,NaN,NaN,NaN,NaN,NaN
1325464560,NaN,NaN,NaN,NaN,NaN,NaN,NaN
1325464620,NaN,NaN,NaN,NaN,NaN,NaN,NaN
1325464680,NaN,NaN,NaN,NaN,NaN,NaN,NaN
1325464740,NaN,NaN,NaN,NaN,NaN,NaN,NaN
1325464800,NaN,NaN,NaN,NaN,NaN,NaN,NaN
1325464860,NaN,NaN,NaN,NaN,NaN,NaN,NaN
1325464920,NaN,NaN,NaN,NaN,NaN,NaN,NaN
1325464980,NaN,NaN,NaN,NaN,NaN,NaN,NaN
1325465040,NaN,NaN,NaN,NaN,NaN,NaN,NaN
1325465100,NaN,NaN,NaN,NaN,NaN,NaN,NaN
1325465160,NaN,NaN,NaN,NaN,NaN,NaN,NaN
1325465220,NaN,NaN,NaN,NaN,NaN,NaN,NaN
1325465280,NaN,NaN,NaN,NaN,NaN,NaN,NaN
1325465340,NaN,NaN,NaN,NaN,NaN,NaN,NaN
1325465400,NaN,NaN,NaN,NaN,NaN,NaN,NaN
1325465460,NaN,NaN,NaN,NaN,NaN,NaN,NaN
1325465520,NaN,NaN,NaN,NaN,NaN,NaN,NaN
1325465580,NaN,NaN,NaN,NaN,NaN,NaN,NaN
1325465640,NaN,NaN,NaN,NaN,NaN,NaN,NaN
1325465700,NaN,NaN,NaN,NaN,NaN,NaN,NaN
1325465760,NaN,NaN,NaN,NaN,NaN,NaN,NaN
1325465820,NaN,NaN,NaN,NaN,NaN,NaN,NaN
1325465880,NaN,NaN,NaN,NaN,NaN,NaN,NaN
1325465940,NaN,NaN,NaN,NaN,NaN,NaN,NaN
1325466000,NaN,NaN,NaN,NaN,NaN,NaN,NaN
1325466060,NaN,NaN,NaN,NaN,NaN,NaN,NaN
1325466120,NaN,NaN,NaN,NaN,NaN,NaN,NaN
1325466180,NaN,NaN,NaN,NaN,NaN,NaN,NaN
1325466240,NaN,NaN,NaN,NaN,NaN,NaN,NaN
1325466300,NaN,NaN,NaN,NaN,NaN,NaN,NaN
1325466360,NaN,NaN,NaN,NaN,NaN,NaN,NaN
1325466420,NaN,NaN,NaN,NaN,NaN,NaN,NaN
1325466480,NaN,NaN,NaN,NaN,NaN,NaN,NaN
1325466540,NaN,NaN,NaN,NaN,NaN,NaN,NaN
1325466600,NaN,NaN,NaN,NaN,NaN,NaN,NaN
1325466660,NaN,NaN,NaN,NaN,NaN,NaN,NaN
1325466720,NaN,NaN,NaN,NaN,NaN,NaN,NaN
1325466780,NaN,NaN,NaN,NaN,NaN,NaN,NaN
1325466840,NaN,NaN,NaN,NaN,NaN,NaN,NaN
1325466900,NaN,NaN,NaN,NaN,NaN,NaN,NaN
1325466960,NaN,NaN,NaN,NaN,NaN,NaN,NaN
1325467020,NaN,NaN,NaN,NaN,NaN,NaN,NaN
1325467080,NaN,NaN,NaN,NaN,NaN,NaN,NaN
1325467140,NaN,NaN,NaN,NaN,NaN,NaN,NaN
1325467200,NaN,NaN,NaN,NaN,NaN,NaN,NaN
1325467260,NaN,NaN,NaN,NaN,NaN,NaN,NaN
1325467320,NaN,NaN,NaN,NaN,NaN,NaN,NaN
1325467380,NaN,NaN,NaN,NaN,NaN,NaN,NaN
1325467440,NaN,NaN,NaN,NaN,NaN,NaN,NaN
1325467500,NaN,NaN,NaN,NaN,NaN,NaN,NaN
1325467560,NaN,NaN,NaN,NaN,NaN,NaN,NaN
1325467620,NaN,NaN,NaN,NaN,NaN,NaN,NaN
1325467680,NaN,NaN,NaN,NaN,NaN,NaN,NaN
1325467740,NaN,NaN,NaN,NaN,NaN,NaN,NaN
1325467800,NaN,NaN,NaN,NaN,NaN,NaN,NaN
1325467860,NaN,NaN,NaN,NaN,NaN,NaN,NaN
1325467920,NaN,NaN,NaN,NaN,NaN,NaN,NaN
1325467980,NaN,NaN,NaN,NaN,NaN,NaN,NaN
1325468040,NaN,NaN,NaN,NaN,NaN,NaN,NaN
1325468100,NaN,NaN,NaN,NaN,NaN,NaN,NaN
1325468160,NaN,NaN,NaN,NaN,NaN,NaN,NaN
1325468220,NaN,NaN,NaN,NaN,NaN,NaN,NaN
1325468280,NaN,NaN,NaN,NaN,NaN,NaN,NaN
1325468340,NaN,NaN,NaN,NaN,NaN,NaN,NaN
1325468400,NaN,NaN,NaN,NaN,NaN,NaN,NaN
1325468460,NaN,NaN,NaN,NaN,NaN,NaN,NaN
1325468520,NaN,NaN,NaN,NaN,NaN,NaN,NaN
1325468580,NaN,NaN,NaN,NaN,NaN,NaN,NaN
1325468640,NaN,NaN,NaN,NaN,NaN,NaN,NaN
1325468700,NaN,NaN,NaN,NaN,NaN,NaN,NaN
1325468760,NaN,NaN,NaN,NaN,NaN,NaN,NaN
1325468820,NaN,NaN,NaN,NaN,NaN,NaN,NaN
1325468880,NaN,NaN,NaN,NaN,NaN,NaN,NaN
1325468940,NaN,NaN,NaN,NaN,NaN,NaN,NaN
1325469000,NaN,NaN,NaN,NaN,NaN,NaN,NaN
1325469060,NaN,NaN,NaN,NaN,NaN,NaN,NaN
1325469120,NaN,NaN,NaN,NaN,NaN,NaN,NaN
1325469180,NaN,NaN,NaN,NaN,NaN,NaN,NaN
1325469240,NaN,NaN,NaN,NaN,NaN,NaN,NaN
1325469300,NaN,NaN,NaN,NaN,NaN,NaN,NaN
1325469360,NaN,NaN,NaN,NaN,NaN,NaN,NaN
1325469420,NaN,NaN,NaN,NaN,NaN,NaN,NaN
1325469480,NaN,NaN,NaN,NaN,NaN,NaN,NaN
1325469540,NaN,NaN,NaN,NaN,NaN,NaN,NaN
1325469600,NaN,NaN,NaN,NaN,NaN,NaN,NaN
1325469660,NaN,NaN,NaN,NaN,NaN,NaN,NaN
1325469720,NaN,NaN,NaN,NaN,NaN,NaN,NaN
1325469780,NaN,NaN,NaN,NaN,NaN,NaN,NaN
1325469840,NaN,NaN,NaN,NaN,NaN,NaN,NaN
1325469900,NaN,NaN,NaN,NaN,NaN,NaN,NaN
1325469960,NaN,NaN,NaN,NaN,NaN,NaN,NaN
1325470020,NaN,NaN,NaN,NaN,NaN,NaN,NaN
1325470080,NaN,NaN,NaN,NaN,NaN,NaN,NaN
1325470140,NaN,NaN,NaN,NaN,NaN,NaN,NaN
1325470200,NaN,NaN,NaN,NaN,NaN,NaN,NaN
1325470260,NaN,NaN,NaN,NaN,NaN,NaN,NaN
1325470320,NaN,NaN,NaN,NaN,NaN,NaN,NaN
1325470380,NaN,NaN,NaN,NaN,NaN,NaN,NaN
1325470440,NaN,NaN,NaN,NaN,NaN,NaN,NaN
1325470500,NaN,NaN,NaN,NaN,NaN,NaN,NaN
1325470560,NaN,NaN,NaN,NaN,NaN,NaN,NaN
1325470620,NaN,NaN,NaN,NaN,NaN,NaN,NaN
1325470680,NaN,NaN,NaN,NaN,NaN,NaN,NaN
1325470740,NaN,NaN,NaN,NaN,NaN,NaN,NaN
1325470800,NaN,NaN,NaN,NaN,NaN,NaN,NaN
1325470860,NaN,NaN,NaN,NaN,NaN,NaN,NaN
1325470920,NaN,NaN,NaN,NaN,NaN,NaN,NaN
1325470980,NaN,NaN,NaN,NaN,NaN,NaN,NaN
1325471040,NaN,NaN,NaN,NaN,NaN,NaN,NaN
1325471100,NaN,NaN,NaN,NaN,NaN,NaN,NaN
1325471160,NaN,NaN,NaN,NaN,NaN,NaN,NaN
1325471220,NaN,NaN,NaN,NaN,NaN,NaN,NaN
1325471280,NaN,NaN,NaN,NaN,NaN,NaN,NaN
1325471340,NaN,NaN,NaN,NaN,NaN,NaN,NaN
1325471400,NaN,NaN,NaN,NaN,NaN,NaN,NaN
1325471460,NaN,NaN,NaN,NaN,NaN,NaN,NaN
1325471520,NaN,NaN,NaN,NaN,NaN,NaN,NaN
1325471580,NaN,NaN,NaN,NaN,NaN,NaN,NaN
1325471640,NaN,NaN,NaN,NaN,NaN,NaN,NaN
1325471700,NaN,NaN,NaN,NaN,NaN,NaN,NaN
1325471760,NaN,NaN,NaN,NaN,NaN,NaN,NaN
1325471820,NaN,NaN,NaN,NaN,NaN,NaN,NaN
1325471880,NaN,NaN,NaN,NaN,NaN,NaN,NaN
1325471940,NaN,NaN,NaN,NaN,NaN,NaN,NaN
1325472000,NaN,NaN,NaN,NaN,NaN,NaN,NaN
1325472060,NaN,NaN,NaN,NaN,NaN,NaN,NaN
1325472120,NaN,NaN,NaN,NaN,NaN,NaN,NaN
1325472180,NaN,NaN,NaN,NaN,NaN,NaN,NaN
1325472240,NaN,NaN,NaN,NaN,NaN,NaN,NaN
1325472300,NaN,NaN,NaN,NaN,NaN,NaN,NaN
1325472360,NaN,NaN,NaN,NaN,NaN,NaN,NaN
1325472420,NaN,NaN,NaN,NaN,NaN,NaN,NaN
1325472480,NaN,NaN,NaN,NaN,NaN,NaN,NaN
1325472540,NaN,NaN,NaN,NaN,NaN,NaN,NaN
1325472600,NaN,NaN,NaN,NaN,NaN,NaN,NaN
1325472660,NaN,NaN,NaN,NaN,NaN,NaN,NaN
1325472720,NaN,NaN,NaN,NaN,NaN,NaN,NaN
1325472780,NaN,NaN,NaN,NaN,NaN,NaN,NaN
1325472840,NaN,NaN,NaN,NaN,NaN,NaN,NaN
1325472900,NaN,NaN,NaN,NaN,NaN,NaN,NaN
1325472960,NaN,NaN,NaN,NaN,NaN,NaN,NaN
1325473020,NaN,NaN,NaN,NaN,NaN,NaN,NaN
1325473080,NaN,NaN,NaN,NaN,NaN,NaN,NaN
1325473140,NaN,NaN,NaN,NaN,NaN,NaN,NaN
1325473200,NaN,NaN,NaN,NaN,NaN,NaN,NaN
1325473260,NaN,NaN,NaN,NaN,NaN,NaN,NaN
1325473320,NaN,NaN,NaN,NaN,NaN,NaN,NaN
1325473380,NaN,NaN,NaN,NaN,NaN,NaN,NaN
1325473440,NaN,NaN,NaN,NaN,NaN,NaN,NaN
1325473500,NaN,NaN,NaN,NaN,NaN,NaN,NaN
1325473560,NaN,NaN,NaN,NaN,NaN,NaN,NaN
1325473620,NaN,NaN,NaN,NaN,NaN,NaN,NaN
1325473680,NaN,NaN,NaN,NaN,NaN,NaN,NaN
1325473740,NaN,NaN,NaN,NaN,NaN,NaN,NaN
1325473800,NaN,NaN,NaN,NaN,NaN,NaN,NaN
1325473860,NaN,NaN,NaN,NaN,NaN,NaN,NaN
1325473920,NaN,NaN,NaN,NaN,NaN,NaN,NaN
1325473980,NaN,NaN,NaN,NaN,NaN,NaN,NaN
1325474040,NaN,NaN,NaN,NaN,NaN,NaN,NaN
1325474100,NaN,NaN,NaN,NaN,NaN,NaN,NaN
1325474160,NaN,NaN,NaN,NaN,NaN,NaN,NaN
1325474220,NaN,NaN,NaN,NaN,NaN,NaN,NaN
1325474280,NaN,NaN,NaN,NaN,NaN,NaN,NaN
1325474340,NaN,NaN,NaN,NaN,NaN,NaN,NaN
1325474400,NaN,NaN,NaN,NaN,NaN,NaN,NaN
1325474460,NaN,NaN,NaN,NaN,NaN,NaN,NaN
1325474520,NaN,NaN,NaN,NaN,NaN,NaN,NaN
1325474580,NaN,NaN,NaN,NaN,NaN,NaN,NaN
1325474640,NaN,NaN,NaN,NaN,NaN,NaN,NaN
1325474700,NaN,NaN,NaN,NaN,NaN,NaN,NaN
1325474760,NaN,NaN,NaN,NaN,NaN,NaN,NaN
1325474820,NaN,NaN,NaN,NaN,NaN,NaN,NaN
1325474880,NaN,NaN,NaN,NaN,NaN,NaN,NaN
1325474940,NaN,NaN,NaN,NaN,NaN,NaN,NaN
1325475000,NaN,NaN,NaN,NaN,NaN,NaN,NaN
1325475060,NaN,NaN,NaN,NaN,NaN,NaN,NaN
1325475120,NaN,NaN,NaN,NaN,NaN,NaN,NaN
1325475180,NaN,NaN,NaN,NaN,NaN,NaN,NaN
1325475240,NaN,NaN,NaN,NaN,NaN,NaN,NaN
1325475300,NaN,NaN,NaN,NaN,NaN,NaN,NaN
1325475360,NaN,NaN,NaN,NaN,NaN,NaN,NaN
1325475420,NaN,NaN,NaN,NaN,NaN,NaN,NaN
1325475480,NaN,NaN,NaN,NaN,NaN,NaN,NaN
1325475540,NaN,NaN,NaN,NaN,NaN,NaN,NaN
1325475600,NaN,NaN,NaN,NaN,NaN,NaN,NaN
1325475660,NaN,NaN,NaN,NaN,NaN,NaN,NaN
1325475720,NaN,NaN,NaN,NaN,NaN,NaN,NaN
1325475780,NaN,NaN,NaN,NaN,NaN,NaN,NaN
1325475840,NaN,NaN,NaN,NaN,NaN,NaN,NaN
1325475900,NaN,NaN,NaN,NaN,NaN,NaN,NaN
1325475960,NaN,NaN,NaN,NaN,NaN,NaN,NaN
1325476020,NaN,NaN,NaN,NaN,NaN,NaN,NaN
1325476080,NaN,NaN,NaN,NaN,NaN,NaN,NaN
1325476140,NaN,NaN,NaN,NaN,NaN,NaN,NaN
1325476200,NaN,NaN,NaN,NaN,NaN,NaN,NaN
1325476260,NaN,NaN,NaN,NaN,NaN,NaN,NaN
1325476320,NaN,NaN,NaN,NaN,NaN,NaN,NaN
1325476380,NaN,NaN,NaN,NaN,NaN,NaN,NaN
1325476440,NaN,NaN,NaN,NaN,NaN,NaN,NaN
1325476500,NaN,NaN,NaN,NaN,NaN,NaN,NaN
1325476560,NaN,NaN,NaN,NaN,NaN,NaN,NaN
1325476620,NaN,NaN,NaN,NaN,NaN,NaN,NaN
1325476680,NaN,NaN,NaN,NaN,NaN,NaN,NaN
1325476740,NaN,NaN,NaN,NaN,NaN,NaN,NaN
1325476800,NaN,NaN,NaN,NaN,NaN,NaN,NaN
1325476860,NaN,NaN,NaN,NaN,NaN,NaN,NaN
1325476920,NaN,NaN,NaN,NaN,NaN,NaN,NaN
1325476980,NaN,NaN,NaN,NaN,NaN,NaN,NaN
1325477040,NaN,NaN,NaN,NaN,NaN,NaN,NaN
1325477100,NaN,NaN,NaN,NaN,NaN,NaN,NaN
1325477160,NaN,NaN,NaN,NaN,NaN,NaN,NaN
1325477220,NaN,NaN,NaN,NaN,NaN,NaN,NaN
1325477280,NaN,NaN,NaN,NaN,NaN,NaN,NaN
1325477340,NaN,NaN,NaN,NaN,NaN,NaN,NaN
1325477400,NaN,NaN,NaN,NaN,NaN,NaN,NaN
1325477460,NaN,NaN,NaN,NaN,NaN,NaN,NaN
1325477520,NaN,NaN,NaN,NaN,NaN,NaN,NaN
1325477580,NaN,NaN,NaN,NaN,NaN,NaN,NaN
1325477640,NaN,NaN,NaN,NaN,NaN,NaN,NaN
1325477700,NaN,NaN,NaN,NaN,NaN,NaN,NaN
1325477760,NaN,NaN,NaN,NaN,NaN,NaN,NaN
1325477820,NaN,NaN,NaN,NaN,NaN,NaN,NaN
1325477880,NaN,NaN,NaN,NaN,NaN,NaN,NaN
1325477940,NaN,NaN,NaN,NaN,NaN,NaN,NaN
1325478000,NaN,NaN,NaN,NaN,NaN,NaN,NaN
1325478060,NaN,NaN,NaN,NaN,NaN,NaN,NaN
1325478120,NaN,NaN,NaN,NaN,NaN,NaN,NaN
1325478180,NaN,NaN,NaN,NaN,NaN,NaN,NaN
1325478240,NaN,NaN,NaN,NaN,NaN,NaN,NaN
1325478300,NaN,NaN,NaN,NaN,NaN,NaN,NaN
1325478360,NaN,NaN,NaN,NaN,NaN,NaN,NaN
1325478420,NaN,NaN,NaN,NaN,NaN,NaN,NaN
1325478480,NaN,NaN,NaN,NaN,NaN,NaN,NaN
1325478540,NaN,NaN,NaN,NaN,NaN,NaN,NaN
1325478600,NaN,NaN,NaN,NaN,NaN,NaN,NaN
1325478660,NaN,NaN,NaN,NaN,NaN,NaN,NaN
1325478720,NaN,NaN,NaN,NaN,NaN,NaN,NaN
1325478780,NaN,NaN,NaN,NaN,NaN,NaN,NaN
1325478840,NaN,NaN,NaN,NaN,NaN,NaN,NaN
1325478900,NaN,NaN,NaN,NaN,NaN,NaN,NaN
1325478960,NaN,NaN,NaN,NaN,NaN,NaN,NaN
1325479020,NaN,NaN,NaN,NaN,NaN,NaN,NaN
1325479080,NaN,NaN,NaN,NaN,NaN,NaN,NaN
1325479140,NaN,NaN,NaN,NaN,NaN,NaN,NaN
1325479200,NaN,NaN,NaN,NaN,NaN,NaN,NaN
1325479260,NaN,NaN,NaN,NaN,NaN,NaN,NaN
1325479320,NaN,NaN,NaN,NaN,NaN,NaN,NaN
1325479380,NaN,NaN,NaN,NaN,NaN,NaN,NaN
1325479440,NaN,NaN,NaN,NaN,NaN,NaN,NaN
1325479500,NaN,NaN,NaN,NaN,NaN,NaN,NaN
1325479560,NaN,NaN,NaN,NaN,NaN,NaN,NaN
1325479620,NaN,NaN,NaN,NaN,NaN,NaN,NaN
1325479680,NaN,NaN,NaN,NaN,NaN,NaN,NaN
1325479740,NaN,NaN,NaN,NaN,NaN,NaN,NaN
1325479800,NaN,NaN,NaN,NaN,NaN,NaN,NaN
1325479860,NaN,NaN,NaN,NaN,NaN,NaN,NaN
1325479920,NaN,NaN,NaN,NaN,NaN,NaN,NaN
1325479980,NaN,NaN,NaN,NaN,NaN,NaN,NaN
1325480040,NaN,NaN,NaN,NaN,NaN,NaN,NaN
1325480100,NaN,NaN,NaN,NaN,NaN,NaN,NaN
1325480160,NaN,NaN,NaN,NaN,NaN,NaN,NaN
1325480220,NaN,NaN,NaN,NaN,NaN,NaN,NaN
1325480280,NaN,NaN,NaN,NaN,NaN,NaN,NaN
1325480340,NaN,NaN,NaN,NaN,NaN,NaN,NaN
1325480400,NaN,NaN,NaN,NaN,NaN,NaN,NaN
1325480460,NaN,NaN,NaN,NaN,NaN,NaN,NaN
1325480520,NaN,NaN,NaN,NaN,NaN,NaN,NaN
1325480580,NaN,NaN,NaN,NaN,NaN,NaN,NaN
1325480640,NaN,NaN,NaN,NaN,NaN,NaN,NaN
1325480700,NaN,NaN,NaN,NaN,NaN,NaN,NaN
1325480760,NaN,NaN,NaN,NaN,NaN,NaN,NaN
1325480820,NaN,NaN,NaN,NaN,NaN,NaN,NaN
1325480880,NaN,NaN,NaN,NaN,NaN,NaN,NaN
1325480940,NaN,NaN,NaN,NaN,NaN,NaN,NaN
1325481000,NaN,NaN,NaN,NaN,NaN,NaN,NaN
1325481060,NaN,NaN,NaN,NaN,NaN,NaN,NaN
1325481120,NaN,NaN,NaN,NaN,NaN,NaN,NaN
1325481180,NaN,NaN,NaN,NaN,NaN,NaN,NaN
1325481240,NaN,NaN,NaN,NaN,NaN,NaN,NaN
1325481300,NaN,NaN,NaN,NaN,NaN,NaN,NaN
1325481360,NaN,NaN,NaN,NaN,NaN,NaN,NaN
1325481420,NaN,NaN,NaN,NaN,NaN,NaN,NaN
1325481480,NaN,NaN,NaN,NaN,NaN,NaN,NaN
1325481540,NaN,NaN,NaN,NaN,NaN,NaN,NaN
1325481600,NaN,NaN,NaN,NaN,NaN,NaN,NaN
1325481660,NaN,NaN,NaN,NaN,NaN,NaN,NaN
1325481720,NaN,NaN,NaN,NaN,NaN,NaN,NaN
1325481780,NaN,NaN,NaN,NaN,NaN,NaN,NaN
1325481840,NaN,NaN,NaN,NaN,NaN,NaN,NaN
1325481900,NaN,NaN,NaN,NaN,NaN,NaN,NaN
1325481960,NaN,NaN,NaN,NaN,NaN,NaN,NaN
1325482020,NaN,NaN,NaN,NaN,NaN,NaN,NaN
1325482080,NaN,NaN,NaN,NaN,NaN,NaN,NaN
1325482140,NaN,NaN,NaN,NaN,NaN,NaN,NaN
1325482200,NaN,NaN,NaN,NaN,NaN,NaN,NaN
1325482260,NaN,NaN,NaN,NaN,NaN,NaN,NaN
1325482320,NaN,NaN,NaN,NaN,NaN,NaN,NaN
1325482380,NaN,NaN,NaN,NaN,NaN,NaN,NaN
1325482440,NaN,NaN,NaN,NaN,NaN,NaN,NaN
1325482500,NaN,NaN,NaN,NaN,NaN,NaN,NaN
1325482560,NaN,NaN,NaN,NaN,NaN,NaN,NaN
1325482620,NaN,NaN,NaN,NaN,NaN,NaN,NaN
1325482680,NaN,NaN,NaN,NaN,NaN,NaN,NaN
1325482740,NaN,NaN,NaN,NaN,NaN,NaN,NaN
1325482800,NaN,NaN,NaN,NaN,NaN,NaN,NaN
1325482860,NaN,NaN,NaN,NaN,NaN,NaN,NaN
1325482920,NaN,NaN,NaN,NaN,NaN,NaN,NaN
1325482980,NaN,NaN,NaN,NaN,NaN,NaN,NaN
1325483040,NaN,NaN,NaN,NaN,NaN,NaN,NaN
1325483100,NaN,NaN,NaN,NaN,NaN,NaN,NaN
1325483160,NaN,NaN,NaN,NaN,NaN,NaN,NaN
1325483220,NaN,NaN,NaN,NaN,NaN,NaN,NaN
1325483280,NaN,NaN,NaN,NaN,NaN,NaN,NaN
1325483340,NaN,NaN,NaN,NaN,NaN,NaN,NaN
1325483400,NaN,NaN,NaN,NaN,NaN,NaN,NaN
1325483460,NaN,NaN,NaN,NaN,NaN,NaN,NaN
1325483520,NaN,NaN,NaN,NaN,NaN,NaN,NaN
1325483580,NaN,NaN,NaN,NaN,NaN,NaN,NaN
1325483640,NaN,NaN,NaN,NaN,NaN,NaN,NaN
1325483700,NaN,NaN,NaN,NaN,NaN,NaN,NaN
1325483760,NaN,NaN,NaN,NaN,NaN,NaN,NaN
1325483820,NaN,NaN,NaN,NaN,NaN,NaN,NaN
1325483880,NaN,NaN,NaN,NaN,NaN,NaN,NaN
1325483940,NaN,NaN,NaN,NaN,NaN,NaN,NaN
1325484000,NaN,NaN,NaN,NaN,NaN,NaN,NaN
1325484060,NaN,NaN,NaN,NaN,NaN,NaN,NaN
1325484120,NaN,NaN,NaN,NaN,NaN,NaN,NaN
1325484180,NaN,NaN,NaN,NaN,NaN,NaN,NaN
1325484240,NaN,NaN,NaN,NaN,NaN,NaN,NaN
1325484300,NaN,NaN,NaN,NaN,NaN,NaN,NaN
1325484360,NaN,NaN,NaN,NaN,NaN,NaN,NaN
1325484420,NaN,NaN,NaN,NaN,NaN,NaN,NaN
1325484480,NaN,NaN,NaN,NaN,NaN,NaN,NaN
1325484540,NaN,NaN,NaN,NaN,NaN,NaN,NaN
1325484600,NaN,NaN,NaN,NaN,NaN,NaN,NaN
1325484660,NaN,NaN,NaN,NaN,NaN,NaN,NaN
1325484720,NaN,NaN,NaN,NaN,NaN,NaN,NaN
1325484780,NaN,NaN,NaN,NaN,NaN,NaN,NaN
1325484840,NaN,NaN,NaN,NaN,NaN,NaN,NaN
1325484900,NaN,NaN,NaN,NaN,NaN,NaN,NaN
1325484960,NaN,NaN,NaN,NaN,NaN,NaN,NaN
1325485020,NaN,NaN,NaN,NaN,NaN,NaN,NaN
1325485080,NaN,NaN,NaN,NaN,NaN,NaN,NaN
1325485140,NaN,NaN,NaN,NaN,NaN,NaN,NaN
1325485200,NaN,NaN,NaN,NaN,NaN,NaN,NaN
1325485260,NaN,NaN,NaN,NaN,NaN,NaN,NaN
1325485320,NaN,NaN,NaN,NaN,NaN,NaN,NaN
1325485380,NaN,NaN,NaN,NaN,NaN,NaN,NaN
1325485440,NaN,NaN,NaN,NaN,NaN,NaN,NaN
1325485500,NaN,NaN,NaN,NaN,NaN,NaN,NaN
1325485560,NaN,NaN,NaN,NaN,NaN,NaN,NaN
1325485620,NaN,NaN,NaN,NaN,NaN,NaN,NaN
1325485680,NaN,NaN,NaN,NaN,NaN,NaN,NaN
1325485740,NaN,NaN,NaN,NaN,NaN,NaN,NaN
1325485800,NaN,NaN,NaN,NaN,NaN,NaN,NaN
1325485860,NaN,NaN,NaN,NaN,NaN,NaN,NaN
1325485920,NaN,NaN,NaN,NaN,NaN,NaN,NaN
1325485980,NaN,NaN,NaN,NaN,NaN,NaN,NaN
1325486040,NaN,NaN,NaN,NaN,NaN,NaN,NaN
1325486100,NaN,NaN,NaN,NaN,NaN,NaN,NaN
1325486160,NaN,NaN,NaN,NaN,NaN,NaN,NaN
1325486220,NaN,NaN,NaN,NaN,NaN,NaN,NaN
1325486280,NaN,NaN,NaN,NaN,NaN,NaN,NaN
1325486340,NaN,NaN,NaN,NaN,NaN,NaN,NaN
1325486400,NaN,NaN,NaN,NaN,NaN,NaN,NaN
1325486460,NaN,NaN,NaN,NaN,NaN,NaN,NaN
1325486520,NaN,NaN,NaN,NaN,NaN,NaN,NaN
1325486580,NaN,NaN,NaN,NaN,NaN,NaN,NaN
1325486640,NaN,NaN,NaN,NaN,NaN,NaN,NaN
1325486700,NaN,NaN,NaN,NaN,NaN,NaN,NaN
1325486760,NaN,NaN,NaN,NaN,NaN,NaN,NaN
1325486820,NaN,NaN,NaN,NaN,NaN,NaN,NaN
1325486880,NaN,NaN,NaN,NaN,NaN,NaN,NaN
1325486940,NaN,NaN,NaN,NaN,NaN,NaN,NaN
1325487000,NaN,NaN,NaN,NaN,NaN,NaN,NaN
1325487060,NaN,NaN,NaN,NaN,NaN,NaN,NaN
1325487120,NaN,NaN,NaN,NaN,NaN,NaN,NaN
1325487180,NaN,NaN,NaN,NaN,NaN,NaN,NaN
1325487240,NaN,NaN,NaN,NaN,NaN,NaN,NaN
1325487300,NaN,NaN,NaN,NaN,NaN,NaN,NaN
1325487360,NaN,NaN,NaN,NaN,NaN,NaN,NaN
1325487420,NaN,NaN,NaN,NaN,NaN,NaN,NaN
1325487480,NaN,NaN,NaN,NaN,NaN,NaN,NaN
1325487540,NaN,NaN,NaN,NaN,NaN,NaN,NaN
1325487600,NaN,NaN,NaN,NaN,NaN,NaN,NaN
1325487660,NaN,NaN,NaN,NaN,NaN,NaN,NaN
1325487720,NaN,NaN,NaN,NaN,NaN,NaN,NaN
1325487780,NaN,NaN,NaN,NaN,NaN,NaN,NaN
1325487840,NaN,NaN,NaN,NaN,NaN,NaN,NaN
1325487900,NaN,NaN,NaN,NaN,NaN,NaN,NaN
1325487960,NaN,NaN,NaN,NaN,NaN,NaN,NaN
1325488020,NaN,NaN,NaN,NaN,NaN,NaN,NaN
1325488080,NaN,NaN,NaN,NaN,NaN,NaN,NaN
1325488140,NaN,NaN,NaN,NaN,NaN,NaN,NaN
1325488200,NaN,NaN,NaN,NaN,NaN,NaN,NaN
1325488260,NaN,NaN,NaN,NaN,NaN,NaN,NaN
1325488320,NaN,NaN,NaN,NaN,NaN,NaN,NaN
1325488380,NaN,NaN,NaN,NaN,NaN,NaN,NaN
1325488440,NaN,NaN,NaN,NaN,NaN,NaN,NaN
1325488500,NaN,NaN,NaN,NaN,NaN,NaN,NaN
1325488560,NaN,NaN,NaN,NaN,NaN,NaN,NaN
1325488620,NaN,NaN,NaN,NaN,NaN,NaN,NaN
1325488680,NaN,NaN,NaN,NaN,NaN,NaN,NaN
1325488740,NaN,NaN,NaN,NaN,NaN,NaN,NaN
1325488800,NaN,NaN,NaN,NaN,NaN,NaN,NaN
1325488860,NaN,NaN,NaN,NaN,NaN,NaN,NaN
1325488920,NaN,NaN,NaN,NaN,NaN,NaN,NaN
1325488980,NaN,NaN,NaN,NaN,NaN,NaN,NaN
1325489040,NaN,NaN,NaN,NaN,NaN,NaN,NaN
1325489100,NaN,NaN,NaN,NaN,NaN,NaN,NaN
1325489160,NaN,NaN,NaN,NaN,NaN,NaN,NaN
1325489220,NaN,NaN,NaN,NaN,NaN,NaN,NaN
1325489280,NaN,NaN,NaN,NaN,NaN,NaN,NaN
1325489340,NaN,NaN,NaN,NaN,NaN,NaN,NaN
1325489400,NaN,NaN,NaN,NaN,NaN,NaN,NaN
1325489460,NaN,NaN,NaN,NaN,NaN,NaN,NaN
1325489520,NaN,NaN,NaN,NaN,NaN,NaN,NaN
1325489580,NaN,NaN,NaN,NaN,NaN,NaN,NaN
1325489640,NaN,NaN,NaN,NaN,NaN,NaN,NaN
1325489700,NaN,NaN,NaN,NaN,NaN,NaN,NaN
1325489760,NaN,NaN,NaN,NaN,NaN,NaN,NaN
1325489820,NaN,NaN,NaN,NaN,NaN,NaN,NaN
1325489880,NaN,NaN,NaN,NaN,NaN,NaN,NaN
1325489940,NaN,NaN,NaN,NaN,NaN,NaN,NaN
1325490000,NaN,NaN,NaN,NaN,NaN,NaN,NaN
1325490060,NaN,NaN,NaN,NaN,NaN,NaN,NaN
1325490120,NaN,NaN,NaN,NaN,NaN,NaN,NaN
1325490180,NaN,NaN,NaN,NaN,NaN,NaN,NaN
1325490240,NaN,NaN,NaN,NaN,NaN,NaN,NaN
1325490300,NaN,NaN,NaN,NaN,NaN,NaN,NaN
1325490360,NaN,NaN,NaN,NaN,NaN,NaN,NaN
1325490420,NaN,NaN,NaN,NaN,NaN,NaN,NaN
1325490480,NaN,NaN,NaN,NaN,NaN,NaN,NaN
1325490540,NaN,NaN,NaN,NaN,NaN,NaN,NaN
1325490600,NaN,NaN,NaN,NaN,NaN,NaN,NaN
1325490660,NaN,NaN,NaN,NaN,NaN,NaN,NaN
1325490720,NaN,NaN,NaN,NaN,NaN,NaN,NaN
1325490780,NaN,NaN,NaN,NaN,NaN,NaN,NaN
1325490840,NaN,NaN,NaN,NaN,NaN,NaN,NaN
1325490900,NaN,NaN,NaN,NaN,NaN,NaN,NaN
1325490960,NaN,NaN,NaN,NaN,NaN,NaN,NaN
1325491020,NaN,NaN,NaN,NaN,NaN,NaN,NaN
1325491080,NaN,NaN,NaN,NaN,NaN,NaN,NaN
1325491140,NaN,NaN,NaN,NaN,NaN,NaN,NaN
1325491200,NaN,NaN,NaN,NaN,NaN,NaN,NaN
1325491260,NaN,NaN,NaN,NaN,NaN,NaN,NaN
1325491320,NaN,NaN,NaN,NaN,NaN,NaN,NaN
1325491380,NaN,NaN,NaN,NaN,NaN,NaN,NaN
1325491440,NaN,NaN,NaN,NaN,NaN,NaN,NaN
1325491500,NaN,NaN,NaN,NaN,NaN,NaN,NaN
1325491560,NaN,NaN,NaN,NaN,NaN,NaN,NaN
1325491620,NaN,NaN,NaN,NaN,NaN,NaN,NaN
1325491680,NaN,NaN,NaN,NaN,NaN,NaN,NaN
1325491740,NaN,NaN,NaN,NaN,NaN,NaN,NaN
1325491800,NaN,NaN,NaN,NaN,NaN,NaN,NaN
1325491860,NaN,NaN,NaN,NaN,NaN,NaN,NaN
1325491920,NaN,NaN,NaN,NaN,NaN,NaN,NaN
1325491980,NaN,NaN,NaN,NaN,NaN,NaN,NaN
1325492040,NaN,NaN,NaN,NaN,NaN,NaN,NaN
1325492100,NaN,NaN,NaN,NaN,NaN,NaN,NaN
1325492160,NaN,NaN,NaN,NaN,NaN,NaN,NaN
1325492220,NaN,NaN,NaN,NaN,NaN,NaN,NaN
1325492280,NaN,NaN,NaN,NaN,NaN,NaN,NaN
1325492340,NaN,NaN,NaN,NaN,NaN,NaN,NaN
1325492400,NaN,NaN,NaN,NaN,NaN,NaN,NaN
1325492460,NaN,NaN,NaN,NaN,NaN,NaN,NaN
1325492520,NaN,NaN,NaN,NaN,NaN,NaN,NaN
1325492580,NaN,NaN,NaN,NaN,NaN,NaN,NaN
1325492640,NaN,NaN,NaN,NaN,NaN,NaN,NaN
1325492700,NaN,NaN,NaN,NaN,NaN,NaN,NaN
1325492760,NaN,NaN,NaN,NaN,NaN,NaN,NaN
1325492820,NaN,NaN,NaN,NaN,NaN,NaN,NaN
1325492880,NaN,NaN,NaN,NaN,NaN,NaN,NaN
1325492940,NaN,NaN,NaN,NaN,NaN,NaN,NaN
1325493000,NaN,NaN,NaN,NaN,NaN,NaN,NaN
1325493060,NaN,NaN,NaN,NaN,NaN,NaN,NaN
1325493120,NaN,NaN,NaN,NaN,NaN,NaN,NaN
1325493180,NaN,NaN,NaN,NaN,NaN,NaN,NaN
1325493240,NaN,NaN,NaN,NaN,NaN,NaN,NaN
1325493300,NaN,NaN,NaN,NaN,NaN,NaN,NaN
1325493360,NaN,NaN,NaN,NaN,NaN,NaN,NaN
1325493420,NaN,NaN,NaN,NaN,NaN,NaN,NaN
1325493480,NaN,NaN,NaN,NaN,NaN,NaN,NaN
1325493540,NaN,NaN,NaN,NaN,NaN,NaN,NaN
1325493600,NaN,NaN,NaN,NaN,NaN,NaN,NaN
1325493660,NaN,NaN,NaN,NaN,NaN,NaN,NaN
1325493720,NaN,NaN,NaN,NaN,NaN,NaN,NaN
1325493780,NaN,NaN,NaN,NaN,NaN,NaN,NaN
1325493840,NaN,NaN,NaN,NaN,NaN,NaN,NaN
1325493900,NaN,NaN,NaN,NaN,NaN,NaN,NaN
1325493960,NaN,NaN,NaN,NaN,NaN,NaN,NaN
1325494020,NaN,NaN,NaN,NaN,NaN,NaN,NaN
1325494080,NaN,NaN,NaN,NaN,NaN,NaN,NaN
1325494140,NaN,NaN,NaN,NaN,NaN,NaN,NaN
1325494200,NaN,NaN,NaN,NaN,NaN,NaN,NaN
1325494260,NaN,NaN,NaN,NaN,NaN,NaN,NaN
1325494320,NaN,NaN,NaN,NaN,NaN,NaN,NaN
1325494380,NaN,NaN,NaN,NaN,NaN,NaN,NaN
1325494440,NaN,NaN,NaN,NaN,NaN,NaN,NaN
1325494500,NaN,NaN,NaN,NaN,NaN,NaN,NaN
1325494560,NaN,NaN,NaN,NaN,NaN,NaN,NaN
1325494620,NaN,NaN,NaN,NaN,NaN,NaN,NaN
1325494680,NaN,NaN,NaN,NaN,NaN,NaN,NaN
1325494740,NaN,NaN,NaN,NaN,NaN,NaN,NaN
1325494800,NaN,NaN,NaN,NaN,NaN,NaN,NaN
1325494860,NaN,NaN,NaN,NaN,NaN,NaN,NaN
1325494920,NaN,NaN,NaN,NaN,NaN,NaN,NaN
1325494980,NaN,NaN,NaN,NaN,NaN,NaN,NaN
1325495040,NaN,NaN,NaN,NaN,NaN,NaN,NaN
1325495100,NaN,NaN,NaN,NaN,NaN,NaN,NaN
1325495160,NaN,NaN,NaN,NaN,NaN,NaN,NaN
1325495220,NaN,NaN,NaN,NaN,NaN,NaN,NaN
1325495280,NaN,NaN,NaN,NaN,NaN,NaN,NaN
1325495340,NaN,NaN,NaN,NaN,NaN,NaN,NaN
1325495400,NaN,NaN,NaN,NaN,NaN,NaN,NaN
1325495460,NaN,NaN,NaN,NaN,NaN,NaN,NaN
1325495520,NaN,NaN,NaN,NaN,NaN,NaN,NaN
1325495580,NaN,NaN,NaN,NaN,NaN,NaN,NaN
1325495640,NaN,NaN,NaN,NaN,NaN,NaN,NaN
1325495700,NaN,NaN,NaN,NaN,NaN,NaN,NaN
1325495760,NaN,NaN,NaN,NaN,NaN,NaN,NaN
1325495820,NaN,NaN,NaN,NaN,NaN,NaN,NaN
1325495880,NaN,NaN,NaN,NaN,NaN,NaN,NaN
1325495940,NaN,NaN,NaN,NaN,NaN,NaN,NaN
1325496000,NaN,NaN,NaN,NaN,NaN,NaN,NaN
1325496060,NaN,NaN,NaN,NaN,NaN,NaN,NaN
1325496120,NaN,NaN,NaN,NaN,NaN,NaN,NaN
1325496180,NaN,NaN,NaN,NaN,NaN,NaN,NaN
1325496240,NaN,NaN,NaN,NaN,NaN,NaN,NaN
1325496300,NaN,NaN,NaN,NaN,NaN,NaN,NaN
1325496360,NaN,NaN,NaN,NaN,NaN,NaN,NaN
1325496420,NaN,NaN,NaN,NaN,NaN,NaN,NaN
1325496480,NaN,NaN,NaN,NaN,NaN,NaN,NaN
1325496540,NaN,NaN,NaN,NaN,NaN,NaN,NaN
1325496600,NaN,NaN,NaN,NaN,NaN,NaN,NaN
1325496660,NaN,NaN,NaN,NaN,NaN,NaN,NaN
1325496720,NaN,NaN,NaN,NaN,NaN,NaN,NaN
1325496780,NaN,NaN,NaN,NaN,NaN,NaN,NaN
1325496840,NaN,NaN,NaN,NaN,NaN,NaN,NaN
1325496900,NaN,NaN,NaN,NaN,NaN,NaN,NaN
1325496960,NaN,NaN,NaN,NaN,NaN,NaN,NaN
1325497020,NaN,NaN,NaN,NaN,NaN,NaN,NaN
1325497080,NaN,NaN,NaN,NaN,NaN,NaN,NaN
1325497140,NaN,NaN,NaN,NaN,NaN,NaN,NaN
1325497200,NaN,NaN,NaN,NaN,NaN,NaN,NaN
1325497260,NaN,NaN,NaN,NaN,NaN,NaN,NaN
1325497320,NaN,NaN,NaN,NaN,NaN,NaN,NaN
1325497380,NaN,NaN,NaN,NaN,NaN,NaN,NaN
1325497440,NaN,NaN,NaN,NaN,NaN,NaN,NaN
1325497500,NaN,NaN,NaN,NaN,NaN,NaN,NaN
1325497560,NaN,NaN,NaN,NaN,NaN,NaN,NaN
1325497620,NaN,NaN,NaN,NaN,NaN,NaN,NaN
1325497680,NaN,NaN,NaN,NaN,NaN,NaN,NaN
1325497740,NaN,NaN,NaN,NaN,NaN,NaN,NaN
1325497800,NaN,NaN,NaN,NaN,NaN,NaN,NaN
1325497860,NaN,NaN,NaN,NaN,NaN,NaN,NaN
1325497920,NaN,NaN,NaN,NaN,NaN,NaN,NaN
1325497980,NaN,NaN,NaN,NaN,NaN,NaN,NaN
1325498040,NaN,NaN,NaN,NaN,NaN,NaN,NaN
1325498100,NaN,NaN,NaN,NaN,NaN,NaN,NaN
1325498160,NaN,NaN,NaN,NaN,NaN,NaN,NaN
1325498220,NaN,NaN,NaN,NaN,NaN,NaN,NaN
1325498280,NaN,NaN,NaN,NaN,NaN,NaN,NaN
1325498340,NaN,NaN,NaN,NaN,NaN,NaN,NaN
1325498400,NaN,NaN,NaN,NaN,NaN,NaN,NaN
1325498460,NaN,NaN,NaN,NaN,NaN,NaN,NaN
1325498520,NaN,NaN,NaN,NaN,NaN,NaN,NaN
1325498580,NaN,NaN,NaN,NaN,NaN,NaN,NaN
1325498640,NaN,NaN,NaN,NaN,NaN,NaN,NaN
1325498700,NaN,NaN,NaN,NaN,NaN,NaN,NaN
1325498760,NaN,NaN,NaN,NaN,NaN,NaN,NaN
1325498820,NaN,NaN,NaN,NaN,NaN,NaN,NaN
1325498880,NaN,NaN,NaN,NaN,NaN,NaN,NaN
1325498940,NaN,NaN,NaN,NaN,NaN,NaN,NaN
1325499000,NaN,NaN,NaN,NaN,NaN,NaN,NaN
1325499060,NaN,NaN,NaN,NaN,NaN,NaN,NaN
1325499120,NaN,NaN,NaN,NaN,NaN,NaN,NaN
1325499180,NaN,NaN,NaN,NaN,NaN,NaN,NaN
1325499240,NaN,NaN,NaN,NaN,NaN,NaN,NaN
1325499300,NaN,NaN,NaN,NaN,NaN,NaN,NaN
1325499360,NaN,NaN,NaN,NaN,NaN,NaN,NaN
1325499420,NaN,NaN,NaN,NaN,NaN,NaN,NaN
1325499480,NaN,NaN,NaN,NaN,NaN,NaN,NaN
1325499540,NaN,NaN,NaN,NaN,NaN,NaN,NaN
1325499600,NaN,NaN,NaN,NaN,NaN,NaN,NaN
1325499660,NaN,NaN,NaN,NaN,NaN,NaN,NaN
1325499720,NaN,NaN,NaN,NaN,NaN,NaN,NaN
1325499780,NaN,NaN,NaN,NaN,NaN,NaN,NaN
1325499840,NaN,NaN,NaN,NaN,NaN,NaN,NaN
1325499900,NaN,NaN,NaN,NaN,NaN,NaN,NaN
1325499960,NaN,NaN,NaN,NaN,NaN,NaN,NaN
1325500020,NaN,NaN,NaN,NaN,NaN,NaN,NaN
1325500080,NaN,NaN,NaN,NaN,NaN,NaN,NaN
1325500140,NaN,NaN,NaN,NaN,NaN,NaN,NaN
1325500200,NaN,NaN,NaN,NaN,NaN,NaN,NaN
1325500260,NaN,NaN,NaN,NaN,NaN,NaN,NaN
1325500320,NaN,NaN,NaN,NaN,NaN,NaN,NaN
1325500380,NaN,NaN,NaN,NaN,NaN,NaN,NaN
1325500440,NaN,NaN,NaN,NaN,NaN,NaN,NaN
1325500500,NaN,NaN,NaN,NaN,NaN,NaN,NaN
1325500560,NaN,NaN,NaN,NaN,NaN,NaN,NaN
1325500620,NaN,NaN,NaN,NaN,NaN,NaN,NaN
1325500680,NaN,NaN,NaN,NaN,NaN,NaN,NaN
1325500740,NaN,NaN,NaN,NaN,NaN,NaN,NaN
1325500800,NaN,NaN,NaN,NaN,NaN,NaN,NaN
1325500860,NaN,NaN,NaN,NaN,NaN,NaN,NaN
1325500920,NaN,NaN,NaN,NaN,NaN,NaN,NaN
1325500980,NaN,NaN,NaN,NaN,NaN,NaN,NaN
1325501040,NaN,NaN,NaN,NaN,NaN,NaN,NaN
1325501100,NaN,NaN,NaN,NaN,NaN,NaN,NaN
1325501160,NaN,NaN,NaN,NaN,NaN,NaN,NaN
1325501220,NaN,NaN,NaN,NaN,NaN,NaN,NaN
1325501280,NaN,NaN,NaN,NaN,NaN,NaN,NaN
1325501340,NaN,NaN,NaN,NaN,NaN,NaN,NaN
1325501400,NaN,NaN,NaN,NaN,NaN,NaN,NaN
1325501460,NaN,NaN,NaN,NaN,NaN,NaN,NaN
1325501520,NaN,NaN,NaN,NaN,NaN,NaN,NaN
1325501580,NaN,NaN,NaN,NaN,NaN,NaN,NaN
1325501640,NaN,NaN,NaN,NaN,NaN,NaN,NaN
1325501700,NaN,NaN,NaN,NaN,NaN,NaN,NaN
1325501760,NaN,NaN,NaN,NaN,NaN,NaN,NaN
1325501820,NaN,NaN,NaN,NaN,NaN,NaN,NaN
1325501880,NaN,NaN,NaN,NaN,NaN,NaN,NaN
1325501940,NaN,NaN,NaN,NaN,NaN,NaN,NaN
1325502000,NaN,NaN,NaN,NaN,NaN,NaN,NaN
1325502060,NaN,NaN,NaN,NaN,NaN,NaN,NaN
1325502120,NaN,NaN,NaN,NaN,NaN,NaN,NaN
1325502180,NaN,NaN,NaN,NaN,NaN,NaN,NaN
1325502240,NaN,NaN,NaN,NaN,NaN,NaN,NaN
1325502300,NaN,NaN,NaN,NaN,NaN,NaN,NaN
1325502360,NaN,NaN,NaN,NaN,NaN,NaN,NaN
1325502420,NaN,NaN,NaN,NaN,NaN,NaN,NaN
1325502480,NaN,NaN,NaN,NaN,NaN,NaN,NaN
1325502540,NaN,NaN,NaN,NaN,NaN,NaN,NaN
1325502600,NaN,NaN,NaN,NaN,NaN,NaN,NaN
1325502660,NaN,NaN,NaN,NaN,NaN,NaN,NaN
1325502720,NaN,NaN,NaN,NaN,NaN,NaN,NaN
1325502780,NaN,NaN,NaN,NaN,NaN,NaN,NaN
1325502840,NaN,NaN,NaN,NaN,NaN,NaN,NaN
1325502900,NaN,NaN,NaN,NaN,NaN,NaN,NaN
1325502960,NaN,NaN,NaN,NaN,NaN,NaN,NaN
1325503020,NaN,NaN,NaN,NaN,NaN,NaN,NaN
1325503080,NaN,NaN,NaN,NaN,NaN,NaN,NaN
1325503140,NaN,NaN,NaN,NaN,NaN,NaN,NaN
1325503200,NaN,NaN,NaN,NaN,NaN,NaN,NaN
1325503260,NaN,NaN,NaN,NaN,NaN,NaN,NaN
1325503320,NaN,NaN,NaN,NaN,NaN,NaN,NaN
1325503380,NaN,NaN,NaN,NaN,NaN,NaN,NaN
1325503440,NaN,NaN,NaN,NaN,NaN,NaN,NaN
1325503500,NaN,NaN,NaN,NaN,NaN,NaN,NaN
1325503560,NaN,NaN,NaN,NaN,NaN,NaN,NaN
1325503620,NaN,NaN,NaN,NaN,NaN,NaN,NaN
1325503680,NaN,NaN,NaN,NaN,NaN,NaN,NaN
1325503740,NaN,NaN,NaN,NaN,NaN,NaN,NaN
1325503800,NaN,NaN,NaN,NaN,NaN,NaN,NaN
1325503860,NaN,NaN,NaN,NaN,NaN,NaN,NaN
1325503920,NaN,NaN,NaN,NaN,NaN,NaN,NaN
1325503980,NaN,NaN,NaN,NaN,NaN,NaN,NaN
1325504040,NaN,NaN,NaN,NaN,NaN,NaN,NaN
1325504100,NaN,NaN,NaN,NaN,NaN,NaN,NaN
1325504160,NaN,NaN,NaN,NaN,NaN,NaN,NaN
1325504220,NaN,NaN,NaN,NaN,NaN,NaN,NaN
1325504280,NaN,NaN,NaN,NaN,NaN,NaN,NaN
1325504340,NaN,NaN,NaN,NaN,NaN,NaN,NaN
1325504400,NaN,NaN,NaN,NaN,NaN,NaN,NaN
1325504460,NaN,NaN,NaN,NaN,NaN,NaN,NaN
1325504520,NaN,NaN,NaN,NaN,NaN,NaN,NaN
1325504580,NaN,NaN,NaN,NaN,NaN,NaN,NaN
1325504640,NaN,NaN,NaN,NaN,NaN,NaN,NaN
1325504700,NaN,NaN,NaN,NaN,NaN,NaN,NaN
1325504760,NaN,NaN,NaN,NaN,NaN,NaN,NaN
1325504820,NaN,NaN,NaN,NaN,NaN,NaN,NaN
1325504880,NaN,NaN,NaN,NaN,NaN,NaN,NaN
1325504940,NaN,NaN,NaN,NaN,NaN,NaN,NaN
1325505000,NaN,NaN,NaN,NaN,NaN,NaN,NaN
1325505060,NaN,NaN,NaN,NaN,NaN,NaN,NaN
1325505120,NaN,NaN,NaN,NaN,NaN,NaN,NaN
1325505180,NaN,NaN,NaN,NaN,NaN,NaN,NaN
1325505240,NaN,NaN,NaN,NaN,NaN,NaN,NaN
1325505300,NaN,NaN,NaN,NaN,NaN,NaN,NaN
1325505360,NaN,NaN,NaN,NaN,NaN,NaN,NaN
1325505420,NaN,NaN,NaN,NaN,NaN,NaN,NaN
1325505480,NaN,NaN,NaN,NaN,NaN,NaN,NaN
1325505540,NaN,NaN,NaN,NaN,NaN,NaN,NaN
1325505600,NaN,NaN,NaN,NaN,NaN,NaN,NaN
1325505660,NaN,NaN,NaN,NaN,NaN,NaN,NaN
1325505720,NaN,NaN,NaN,NaN,NaN,NaN,NaN
1325505780,NaN,NaN,NaN,NaN,NaN,NaN,NaN
1325505840,NaN,NaN,NaN,NaN,NaN,NaN,NaN
1325505900,NaN,NaN,NaN,NaN,NaN,NaN,NaN
1325505960,NaN,NaN,NaN,NaN,NaN,NaN,NaN
1325506020,NaN,NaN,NaN,NaN,NaN,NaN,NaN
1325506080,NaN,NaN,NaN,NaN,NaN,NaN,NaN
1325506140,NaN,NaN,NaN,NaN,NaN,NaN,NaN
1325506200,NaN,NaN,NaN,NaN,NaN,NaN,NaN
1325506260,NaN,NaN,NaN,NaN,NaN,NaN,NaN
1325506320,NaN,NaN,NaN,NaN,NaN,NaN,NaN
1325506380,NaN,NaN,NaN,NaN,NaN,NaN,NaN
1325506440,NaN,NaN,NaN,NaN,NaN,NaN,NaN
1325506500,NaN,NaN,NaN,NaN,NaN,NaN,NaN
1325506560,NaN,NaN,NaN,NaN,NaN,NaN,NaN
1325506620,NaN,NaN,NaN,NaN,NaN,NaN,NaN
1325506680,NaN,NaN,NaN,NaN,NaN,NaN,NaN
1325506740,NaN,NaN,NaN,NaN,NaN,NaN,NaN
1325506800,NaN,NaN,NaN,NaN,NaN,NaN,NaN
1325506860,NaN,NaN,NaN,NaN,NaN,NaN,NaN
1325506920,NaN,NaN,NaN,NaN,NaN,NaN,NaN
1325506980,NaN,NaN,NaN,NaN,NaN,NaN,NaN
1325507040,NaN,NaN,NaN,NaN,NaN,NaN,NaN
1325507100,NaN,NaN,NaN,NaN,NaN,NaN,NaN
1325507160,NaN,NaN,NaN,NaN,NaN,NaN,NaN
1325507220,NaN,NaN,NaN,NaN,NaN,NaN,NaN
1325507280,NaN,NaN,NaN,NaN,NaN,NaN,NaN
1325507340,NaN,NaN,NaN,NaN,NaN,NaN,NaN
1325507400,NaN,NaN,NaN,NaN,NaN,NaN,NaN
1325507460,NaN,NaN,NaN,NaN,NaN,NaN,NaN
1325507520,NaN,NaN,NaN,NaN,NaN,NaN,NaN
1325507580,NaN,NaN,NaN,NaN,NaN,NaN,NaN
1325507640,NaN,NaN,NaN,NaN,NaN,NaN,NaN
1325507700,NaN,NaN,NaN,NaN,NaN,NaN,NaN
1325507760,NaN,NaN,NaN,NaN,NaN,NaN,NaN
1325507820,NaN,NaN,NaN,NaN,NaN,NaN,NaN
1325507880,NaN,NaN,NaN,NaN,NaN,NaN,NaN
1325507940,NaN,NaN,NaN,NaN,NaN,NaN,NaN
1325508000,NaN,NaN,NaN,NaN,NaN,NaN,NaN
1325508060,NaN,NaN,NaN,NaN,NaN,NaN,NaN
1325508120,NaN,NaN,NaN,NaN,NaN,NaN,NaN
1325508180,NaN,NaN,NaN,NaN,NaN,NaN,NaN
1325508240,NaN,NaN,NaN,NaN,NaN,NaN,NaN
1325508300,NaN,NaN,NaN,NaN,NaN,NaN,NaN
1325508360,NaN,NaN,NaN,NaN,NaN,NaN,NaN
1325508420,NaN,NaN,NaN,NaN,NaN,NaN,NaN
1325508480,NaN,NaN,NaN,NaN,NaN,NaN,NaN
1325508540,NaN,NaN,NaN,NaN,NaN,NaN,NaN
1325508600,NaN,NaN,NaN,NaN,NaN,NaN,NaN
1325508660,NaN,NaN,NaN,NaN,NaN,NaN,NaN
1325508720,NaN,NaN,NaN,NaN,NaN,NaN,NaN
1325508780,NaN,NaN,NaN,NaN,NaN,NaN,NaN
1325508840,NaN,NaN,NaN,NaN,NaN,NaN,NaN
1325508900,NaN,NaN,NaN,NaN,NaN,NaN,NaN
1325508960,NaN,NaN,NaN,NaN,NaN,NaN,NaN
1325509020,NaN,NaN,NaN,NaN,NaN,NaN,NaN
1325509080,NaN,NaN,NaN,NaN,NaN,NaN,NaN
1325509140,NaN,NaN,NaN,NaN,NaN,NaN,NaN
1325509200,NaN,NaN,NaN,NaN,NaN,NaN,NaN
1325509260,NaN,NaN,NaN,NaN,NaN,NaN,NaN
1325509320,NaN,NaN,NaN,NaN,NaN,NaN,NaN
1325509380,NaN,NaN,NaN,NaN,NaN,NaN,NaN
1325509440,NaN,NaN,NaN,NaN,NaN,NaN,NaN
1325509500,NaN,NaN,NaN,NaN,NaN,NaN,NaN
1325509560,NaN,NaN,NaN,NaN,NaN,NaN,NaN
1325509620,NaN,NaN,NaN,NaN,NaN,NaN,NaN
1325509680,NaN,NaN,NaN,NaN,NaN,NaN,NaN
1325509740,NaN,NaN,NaN,NaN,NaN,NaN,NaN
1325509800,NaN,NaN,NaN,NaN,NaN,NaN,NaN
1325509860,NaN,NaN,NaN,NaN,NaN,NaN,NaN
1325509920,NaN,NaN,NaN,NaN,NaN,NaN,NaN
1325509980,NaN,NaN,NaN,NaN,NaN,NaN,NaN
1325510040,NaN,NaN,NaN,NaN,NaN,NaN,NaN
1325510100,NaN,NaN,NaN,NaN,NaN,NaN,NaN
1325510160,NaN,NaN,NaN,NaN,NaN,NaN,NaN
1325510220,NaN,NaN,NaN,NaN,NaN,NaN,NaN
1325510280,NaN,NaN,NaN,NaN,NaN,NaN,NaN
1325510340,NaN,NaN,NaN,NaN,NaN,NaN,NaN
1325510400,NaN,NaN,NaN,NaN,NaN,NaN,NaN
1325510460,NaN,NaN,NaN,NaN,NaN,NaN,NaN
1325510520,NaN,NaN,NaN,NaN,NaN,NaN,NaN
1325510580,NaN,NaN,NaN,NaN,NaN,NaN,NaN
1325510640,NaN,NaN,NaN,NaN,NaN,NaN,NaN
1325510700,NaN,NaN,NaN,NaN,NaN,NaN,NaN
1325510760,NaN,NaN,NaN,NaN,NaN,NaN,NaN
1325510820,NaN,NaN,NaN,NaN,NaN,NaN,NaN
1325510880,NaN,NaN,NaN,NaN,NaN,NaN,NaN
1325510940,NaN,NaN,NaN,NaN,NaN,NaN,NaN
1325511000,NaN,NaN,NaN,NaN,NaN,NaN,NaN
1325511060,NaN,NaN,NaN,NaN,NaN,NaN,NaN
1325511120,NaN,NaN,NaN,NaN,NaN,NaN,NaN
1325511180,NaN,NaN,NaN,NaN,NaN,NaN,NaN
1325511240,NaN,NaN,NaN,NaN,NaN,NaN,NaN
1325511300,NaN,NaN,NaN,NaN,NaN,NaN,NaN
1325511360,NaN,NaN,NaN,NaN,NaN,NaN,NaN
1325511420,NaN,NaN,NaN,NaN,NaN,NaN,NaN
1325511480,NaN,NaN,NaN,NaN,NaN,NaN,NaN
1325511540,NaN,NaN,NaN,NaN,NaN,NaN,NaN
1325511600,NaN,NaN,NaN,NaN,NaN,NaN,NaN
1325511660,NaN,NaN,NaN,NaN,NaN,NaN,NaN
1325511720,NaN,NaN,NaN,NaN,NaN,NaN,NaN
1325511780,NaN,NaN,NaN,NaN,NaN,NaN,NaN
1325511840,NaN,NaN,NaN,NaN,NaN,NaN,NaN
1325511900,NaN,NaN,NaN,NaN,NaN,NaN,NaN
1325511960,NaN,NaN,NaN,NaN,NaN,NaN,NaN
1325512020,NaN,NaN,NaN,NaN,NaN,NaN,NaN
1325512080,NaN,NaN,NaN,NaN,NaN,NaN,NaN
1325512140,NaN,NaN,NaN,NaN,NaN,NaN,NaN
1325512200,NaN,NaN,NaN,NaN,NaN,NaN,NaN
1325512260,NaN,NaN,NaN,NaN,NaN,NaN,NaN
1325512320,NaN,NaN,NaN,NaN,NaN,NaN,NaN
1325512380,NaN,NaN,NaN,NaN,NaN,NaN,NaN
1325512440,NaN,NaN,NaN,NaN,NaN,NaN,NaN
1325512500,NaN,NaN,NaN,NaN,NaN,NaN,NaN
1325512560,NaN,NaN,NaN,NaN,NaN,NaN,NaN
1325512620,NaN,NaN,NaN,NaN,NaN,NaN,NaN
1325512680,NaN,NaN,NaN,NaN,NaN,NaN,NaN
1325512740,NaN,NaN,NaN,NaN,NaN,NaN,NaN
1325512800,NaN,NaN,NaN,NaN,NaN,NaN,NaN
1325512860,NaN,NaN,NaN,NaN,NaN,NaN,NaN
1325512920,NaN,NaN,NaN,NaN,NaN,NaN,NaN
1325512980,NaN,NaN,NaN,NaN,NaN,NaN,NaN
1325513040,NaN,NaN,NaN,NaN,NaN,NaN,NaN
1325513100,NaN,NaN,NaN,NaN,NaN,NaN,NaN
1325513160,NaN,NaN,NaN,NaN,NaN,NaN,NaN
1325513220,NaN,NaN,NaN,NaN,NaN,NaN,NaN
1325513280,NaN,NaN,NaN,NaN,NaN,NaN,NaN
1325513340,NaN,NaN,NaN,NaN,NaN,NaN,NaN
1325513400,NaN,NaN,NaN,NaN,NaN,NaN,NaN
1325513460,NaN,NaN,NaN,NaN,NaN,NaN,NaN
1325513520,NaN,NaN,NaN,NaN,NaN,NaN,NaN
1325513580,NaN,NaN,NaN,NaN,NaN,NaN,NaN
1325513640,NaN,NaN,NaN,NaN,NaN,NaN,NaN
1325513700,NaN,NaN,NaN,NaN,NaN,NaN,NaN
1325513760,NaN,NaN,NaN,NaN,NaN,NaN,NaN
1325513820,NaN,NaN,NaN,NaN,NaN,NaN,NaN
1325513880,NaN,NaN,NaN,NaN,NaN,NaN,NaN
1325513940,NaN,NaN,NaN,NaN,NaN,NaN,NaN
1325514000,NaN,NaN,NaN,NaN,NaN,NaN,NaN
1325514060,NaN,NaN,NaN,NaN,NaN,NaN,NaN
1325514120,NaN,NaN,NaN,NaN,NaN,NaN,NaN
1325514180,NaN,NaN,NaN,NaN,NaN,NaN,NaN
1325514240,NaN,NaN,NaN,NaN,NaN,NaN,NaN
1325514300,NaN,NaN,NaN,NaN,NaN,NaN,NaN
1325514360,NaN,NaN,NaN,NaN,NaN,NaN,NaN
1325514420,NaN,NaN,NaN,NaN,NaN,NaN,NaN
1325514480,NaN,NaN,NaN,NaN,NaN,NaN,NaN
1325514540,NaN,NaN,NaN,NaN,NaN,NaN,NaN
1325514600,NaN,NaN,NaN,NaN,NaN,NaN,NaN
1325514660,NaN,NaN,NaN,NaN,NaN,NaN,NaN
1325514720,NaN,NaN,NaN,NaN,NaN,NaN,NaN
1325514780,NaN,NaN,NaN,NaN,NaN,NaN,NaN
1325514840,NaN,NaN,NaN,NaN,NaN,NaN,NaN
1325514900,NaN,NaN,NaN,NaN,NaN,NaN,NaN
1325514960,NaN,NaN,NaN,NaN,NaN,NaN,NaN
1325515020,NaN,NaN,NaN,NaN,NaN,NaN,NaN
1325515080,NaN,NaN,NaN,NaN,NaN,NaN,NaN
1325515140,NaN,NaN,NaN,NaN,NaN,NaN,NaN
1325515200,NaN,NaN,NaN,NaN,NaN,NaN,NaN
1325515260,NaN,NaN,NaN,NaN,NaN,NaN,NaN
1325515320,NaN,NaN,NaN,NaN,NaN,NaN,NaN
1325515380,NaN,NaN,NaN,NaN,NaN,NaN,NaN
1325515440,NaN,NaN,NaN,NaN,NaN,NaN,NaN
1325515500,NaN,NaN,NaN,NaN,NaN,NaN,NaN
1325515560,NaN,NaN,NaN,NaN,NaN,NaN,NaN
1325515620,NaN,NaN,NaN,NaN,NaN,NaN,NaN
1325515680,NaN,NaN,NaN,NaN,NaN,NaN,NaN
1325515740,NaN,NaN,NaN,NaN,NaN,NaN,NaN
1325515800,NaN,NaN,NaN,NaN,NaN,NaN,NaN
1325515860,NaN,NaN,NaN,NaN,NaN,NaN,NaN
1325515920,NaN,NaN,NaN,NaN,NaN,NaN,NaN
1325515980,NaN,NaN,NaN,NaN,NaN,NaN,NaN
1325516040,NaN,NaN,NaN,NaN,NaN,NaN,NaN
1325516100,NaN,NaN,NaN,NaN,NaN,NaN,NaN
1325516160,NaN,NaN,NaN,NaN,NaN,NaN,NaN
1325516220,NaN,NaN,NaN,NaN,NaN,NaN,NaN
1325516280,NaN,NaN,NaN,NaN,NaN,NaN,NaN
1325516340,NaN,NaN,NaN,NaN,NaN,NaN,NaN
1325516400,NaN,NaN,NaN,NaN,NaN,NaN,NaN
1325516460,NaN,NaN,NaN,NaN,NaN,NaN,NaN
1325516520,NaN,NaN,NaN,NaN,NaN,NaN,NaN
1325516580,NaN,NaN,NaN,NaN,NaN,NaN,NaN
1325516640,NaN,NaN,NaN,NaN,NaN,NaN,NaN
1325516700,NaN,NaN,NaN,NaN,NaN,NaN,NaN
1325516760,NaN,NaN,NaN,NaN,NaN,NaN,NaN
1325516820,NaN,NaN,NaN,NaN,NaN,NaN,NaN
1325516880,NaN,NaN,NaN,NaN,NaN,NaN,NaN
1325516940,NaN,NaN,NaN,NaN,NaN,NaN,NaN
1325517000,NaN,NaN,NaN,NaN,NaN,NaN,NaN
1325517060,NaN,NaN,NaN,NaN,NaN,NaN,NaN
1325517120,NaN,NaN,NaN,NaN,NaN,NaN,NaN
1325517180,NaN,NaN,NaN,NaN,NaN,NaN,NaN
1325517240,NaN,NaN,NaN,NaN,NaN,NaN,NaN
1325517300,NaN,NaN,NaN,NaN,NaN,NaN,NaN
1325517360,NaN,NaN,NaN,NaN,NaN,NaN,NaN
1325517420,NaN,NaN,NaN,NaN,NaN,NaN,NaN
1325517480,NaN,NaN,NaN,NaN,NaN,NaN,NaN
1325517540,NaN,NaN,NaN,NaN,NaN,NaN,NaN
1325517600,NaN,NaN,NaN,NaN,NaN,NaN,NaN
1325517660,NaN,NaN,NaN,NaN,NaN,NaN,NaN
1325517720,NaN,NaN,NaN,NaN,NaN,NaN,NaN
1325517780,NaN,NaN,NaN,NaN,NaN,NaN,NaN
1325517840,NaN,NaN,NaN,NaN,NaN,NaN,NaN
1325517900,NaN,NaN,NaN,NaN,NaN,NaN,NaN
1325517960,NaN,NaN,NaN,NaN,NaN,NaN,NaN
1325518020,NaN,NaN,NaN,NaN,NaN,NaN,NaN
1325518080,NaN,NaN,NaN,NaN,NaN,NaN,NaN
1325518140,NaN,NaN,NaN,NaN,NaN,NaN,NaN
1325518200,NaN,NaN,NaN,NaN,NaN,NaN,NaN
1325518260,NaN,NaN,NaN,NaN,NaN,NaN,NaN
1325518320,NaN,NaN,NaN,NaN,NaN,NaN,NaN
1325518380,NaN,NaN,NaN,NaN,NaN,NaN,NaN
1325518440,NaN,NaN,NaN,NaN,NaN,NaN,NaN
1325518500,NaN,NaN,NaN,NaN,NaN,NaN,NaN
1325518560,NaN,NaN,NaN,NaN,NaN,NaN,NaN
1325518620,NaN,NaN,NaN,NaN,NaN,NaN,NaN
1325518680,NaN,NaN,NaN,NaN,NaN,NaN,NaN
1325518740,NaN,NaN,NaN,NaN,NaN,NaN,NaN
1325518800,NaN,NaN,NaN,NaN,NaN,NaN,NaN
1325518860,NaN,NaN,NaN,NaN,NaN,NaN,NaN
1325518920,NaN,NaN,NaN,NaN,NaN,NaN,NaN
1325518980,NaN,NaN,NaN,NaN,NaN,NaN,NaN
1325519040,NaN,NaN,NaN,NaN,NaN,NaN,NaN
1325519100,NaN,NaN,NaN,NaN,NaN,NaN,NaN
1325519160,NaN,NaN,NaN,NaN,NaN,NaN,NaN
1325519220,NaN,NaN,NaN,NaN,NaN,NaN,NaN
1325519280,NaN,NaN,NaN,NaN,NaN,NaN,NaN
1325519340,NaN,NaN,NaN,NaN,NaN,NaN,NaN
1325519400,NaN,NaN,NaN,NaN,NaN,NaN,NaN
1325519460,NaN,NaN,NaN,NaN,NaN,NaN,NaN
1325519520,NaN,NaN,NaN,NaN,NaN,NaN,NaN
1325519580,NaN,NaN,NaN,NaN,NaN,NaN,NaN
1325519640,NaN,NaN,NaN,NaN,NaN,NaN,NaN
1325519700,NaN,NaN,NaN,NaN,NaN,NaN,NaN
1325519760,NaN,NaN,NaN,NaN,NaN,NaN,NaN
1325519820,NaN,NaN,NaN,NaN,NaN,NaN,NaN
1325519880,NaN,NaN,NaN,NaN,NaN,NaN,NaN
1325519940,NaN,NaN,NaN,NaN,NaN,NaN,NaN
1325520000,NaN,NaN,NaN,NaN,NaN,NaN,NaN
1325520060,NaN,NaN,NaN,NaN,NaN,NaN,NaN
1325520120,NaN,NaN,NaN,NaN,NaN,NaN,NaN
1325520180,NaN,NaN,NaN,NaN,NaN,NaN,NaN
1325520240,NaN,NaN,NaN,NaN,NaN,NaN,NaN
1325520300,NaN,NaN,NaN,NaN,NaN,NaN,NaN
1325520360,NaN,NaN,NaN,NaN,NaN,NaN,NaN
1325520420,NaN,NaN,NaN,NaN,NaN,NaN,NaN
1325520480,NaN,NaN,NaN,NaN,NaN,NaN,NaN
1325520540,NaN,NaN,NaN,NaN,NaN,NaN,NaN
1325520600,NaN,NaN,NaN,NaN,NaN,NaN,NaN
1325520660,NaN,NaN,NaN,NaN,NaN,NaN,NaN
1325520720,NaN,NaN,NaN,NaN,NaN,NaN,NaN
1325520780,NaN,NaN,NaN,NaN,NaN,NaN,NaN
1325520840,NaN,NaN,NaN,NaN,NaN,NaN,NaN
1325520900,NaN,NaN,NaN,NaN,NaN,NaN,NaN
1325520960,NaN,NaN,NaN,NaN,NaN,NaN,NaN
1325521020,NaN,NaN,NaN,NaN,NaN,NaN,NaN
1325521080,NaN,NaN,NaN,NaN,NaN,NaN,NaN
1325521140,NaN,NaN,NaN,NaN,NaN,NaN,NaN
1325521200,NaN,NaN,NaN,NaN,NaN,NaN,NaN
1325521260,NaN,NaN,NaN,NaN,NaN,NaN,NaN
1325521320,NaN,NaN,NaN,NaN,NaN,NaN,NaN
1325521380,NaN,NaN,NaN,NaN,NaN,NaN,NaN
1325521440,NaN,NaN,NaN,NaN,NaN,NaN,NaN
1325521500,NaN,NaN,NaN,NaN,NaN,NaN,NaN
1325521560,NaN,NaN,NaN,NaN,NaN,NaN,NaN
1325521620,NaN,NaN,NaN,NaN,NaN,NaN,NaN
1325521680,NaN,NaN,NaN,NaN,NaN,NaN,NaN
1325521740,NaN,NaN,NaN,NaN,NaN,NaN,NaN
1325521800,NaN,NaN,NaN,NaN,NaN,NaN,NaN
1325521860,NaN,NaN,NaN,NaN,NaN,NaN,NaN
1325521920,NaN,NaN,NaN,NaN,NaN,NaN,NaN
1325521980,NaN,NaN,NaN,NaN,NaN,NaN,NaN
1325522040,NaN,NaN,NaN,NaN,NaN,NaN,NaN
1325522100,NaN,NaN,NaN,NaN,NaN,NaN,NaN
1325522160,NaN,NaN,NaN,NaN,NaN,NaN,NaN
1325522220,NaN,NaN,NaN,NaN,NaN,NaN,NaN
1325522280,NaN,NaN,NaN,NaN,NaN,NaN,NaN
1325522340,NaN,NaN,NaN,NaN,NaN,NaN,NaN
1325522400,NaN,NaN,NaN,NaN,NaN,NaN,NaN
1325522460,NaN,NaN,NaN,NaN,NaN,NaN,NaN
1325522520,NaN,NaN,NaN,NaN,NaN,NaN,NaN
1325522580,NaN,NaN,NaN,NaN,NaN,NaN,NaN
1325522640,NaN,NaN,NaN,NaN,NaN,NaN,NaN
1325522700,NaN,NaN,NaN,NaN,NaN,NaN,NaN
1325522760,NaN,NaN,NaN,NaN,NaN,NaN,NaN
1325522820,NaN,NaN,NaN,NaN,NaN,NaN,NaN
1325522880,NaN,NaN,NaN,NaN,NaN,NaN,NaN
1325522940,NaN,NaN,NaN,NaN,NaN,NaN,NaN
1325523000,NaN,NaN,NaN,NaN,NaN,NaN,NaN
1325523060,NaN,NaN,NaN,NaN,NaN,NaN,NaN
1325523120,NaN,NaN,NaN,NaN,NaN,NaN,NaN
1325523180,NaN,NaN,NaN,NaN,NaN,NaN,NaN
1325523240,NaN,NaN,NaN,NaN,NaN,NaN,NaN
1325523300,NaN,NaN,NaN,NaN,NaN,NaN,NaN
1325523360,NaN,NaN,NaN,NaN,NaN,NaN,NaN
1325523420,NaN,NaN,NaN,NaN,NaN,NaN,NaN
1325523480,NaN,NaN,NaN,NaN,NaN,NaN,NaN
1325523540,NaN,NaN,NaN,NaN,NaN,NaN,NaN
1325523600,NaN,NaN,NaN,NaN,NaN,NaN,NaN
1325523660,NaN,NaN,NaN,NaN,NaN,NaN,NaN
1325523720,NaN,NaN,NaN,NaN,NaN,NaN,NaN
1325523780,NaN,NaN,NaN,NaN,NaN,NaN,NaN
1325523840,NaN,NaN,NaN,NaN,NaN,NaN,NaN
1325523900,NaN,NaN,NaN,NaN,NaN,NaN,NaN
1325523960,NaN,NaN,NaN,NaN,NaN,NaN,NaN
1325524020,NaN,NaN,NaN,NaN,NaN,NaN,NaN
1325524080,NaN,NaN,NaN,NaN,NaN,NaN,NaN
1325524140,NaN,NaN,NaN,NaN,NaN,NaN,NaN
1325524200,NaN,NaN,NaN,NaN,NaN,NaN,NaN
1325524260,NaN,NaN,NaN,NaN,NaN,NaN,NaN
1325524320,NaN,NaN,NaN,NaN,NaN,NaN,NaN
1325524380,NaN,NaN,NaN,NaN,NaN,NaN,NaN
1325524440,NaN,NaN,NaN,NaN,NaN,NaN,NaN
1325524500,NaN,NaN,NaN,NaN,NaN,NaN,NaN
1325524560,NaN,NaN,NaN,NaN,NaN,NaN,NaN
1325524620,NaN,NaN,NaN,NaN,NaN,NaN,NaN
1325524680,NaN,NaN,NaN,NaN,NaN,NaN,NaN
1325524740,NaN,NaN,NaN,NaN,NaN,NaN,NaN
1325524800,NaN,NaN,NaN,NaN,NaN,NaN,NaN
1325524860,NaN,NaN,NaN,NaN,NaN,NaN,NaN
1325524920,NaN,NaN,NaN,NaN,NaN,NaN,NaN
1325524980,NaN,NaN,NaN,NaN,NaN,NaN,NaN
1325525040,NaN,NaN,NaN,NaN,NaN,NaN,NaN
1325525100,NaN,NaN,NaN,NaN,NaN,NaN,NaN
1325525160,NaN,NaN,NaN,NaN,NaN,NaN,NaN
1325525220,NaN,NaN,NaN,NaN,NaN,NaN,NaN
1325525280,NaN,NaN,NaN,NaN,NaN,NaN,NaN
1325525340,NaN,NaN,NaN,NaN,NaN,NaN,NaN
1325525400,NaN,NaN,NaN,NaN,NaN,NaN,NaN
1325525460,NaN,NaN,NaN,NaN,NaN,NaN,NaN
1325525520,NaN,NaN,NaN,NaN,NaN,NaN,NaN
1325525580,NaN,NaN,NaN,NaN,NaN,NaN,NaN
1325525640,NaN,NaN,NaN,NaN,NaN,NaN,NaN
1325525700,NaN,NaN,NaN,NaN,NaN,NaN,NaN
1325525760,NaN,NaN,NaN,NaN,NaN,NaN,NaN
1325525820,NaN,NaN,NaN,NaN,NaN,NaN,NaN
1325525880,NaN,NaN,NaN,NaN,NaN,NaN,NaN
1325525940,NaN,NaN,NaN,NaN,NaN,NaN,NaN
1325526000,NaN,NaN,NaN,NaN,NaN,NaN,NaN
1325526060,NaN,NaN,NaN,NaN,NaN,NaN,NaN
1325526120,NaN,NaN,NaN,NaN,NaN,NaN,NaN
1325526180,NaN,NaN,NaN,NaN,NaN,NaN,NaN
1325526240,NaN,NaN,NaN,NaN,NaN,NaN,NaN
1325526300,NaN,NaN,NaN,NaN,NaN,NaN,NaN
1325526360,NaN,NaN,NaN,NaN,NaN,NaN,NaN
1325526420,NaN,NaN,NaN,NaN,NaN,NaN,NaN
1325526480,NaN,NaN,NaN,NaN,NaN,NaN,NaN
1325526540,NaN,NaN,NaN,NaN,NaN,NaN,NaN
1325526600,NaN,NaN,NaN,NaN,NaN,NaN,NaN
1325526660,NaN,NaN,NaN,NaN,NaN,NaN,NaN
1325526720,NaN,NaN,NaN,NaN,NaN,NaN,NaN
1325526780,NaN,NaN,NaN,NaN,NaN,NaN,NaN
1325526840,NaN,NaN,NaN,NaN,NaN,NaN,NaN
1325526900,NaN,NaN,NaN,NaN,NaN,NaN,NaN
1325526960,NaN,NaN,NaN,NaN,NaN,NaN,NaN
1325527020,NaN,NaN,NaN,NaN,NaN,NaN,NaN
1325527080,NaN,NaN,NaN,NaN,NaN,NaN,NaN
1325527140,NaN,NaN,NaN,NaN,NaN,NaN,NaN
1325527200,NaN,NaN,NaN,NaN,NaN,NaN,NaN
1325527260,NaN,NaN,NaN,NaN,NaN,NaN,NaN
1325527320,NaN,NaN,NaN,NaN,NaN,NaN,NaN
1325527380,NaN,NaN,NaN,NaN,NaN,NaN,NaN
1325527440,NaN,NaN,NaN,NaN,NaN,NaN,NaN
1325527500,NaN,NaN,NaN,NaN,NaN,NaN,NaN
1325527560,NaN,NaN,NaN,NaN,NaN,NaN,NaN
1325527620,NaN,NaN,NaN,NaN,NaN,NaN,NaN
1325527680,NaN,NaN,NaN,NaN,NaN,NaN,NaN
1325527740,NaN,NaN,NaN,NaN,NaN,NaN,NaN
1325527800,NaN,NaN,NaN,NaN,NaN,NaN,NaN
1325527860,NaN,NaN,NaN,NaN,NaN,NaN,NaN
1325527920,NaN,NaN,NaN,NaN,NaN,NaN,NaN
1325527980,NaN,NaN,NaN,NaN,NaN,NaN,NaN
1325528040,NaN,NaN,NaN,NaN,NaN,NaN,NaN
1325528100,NaN,NaN,NaN,NaN,NaN,NaN,NaN
1325528160,NaN,NaN,NaN,NaN,NaN,NaN,NaN
1325528220,NaN,NaN,NaN,NaN,NaN,NaN,NaN
1325528280,NaN,NaN,NaN,NaN,NaN,NaN,NaN
1325528340,NaN,NaN,NaN,NaN,NaN,NaN,NaN
1325528400,NaN,NaN,NaN,NaN,NaN,NaN,NaN
1325528460,NaN,NaN,NaN,NaN,NaN,NaN,NaN
1325528520,NaN,NaN,NaN,NaN,NaN,NaN,NaN
1325528580,NaN,NaN,NaN,NaN,NaN,NaN,NaN
1325528640,NaN,NaN,NaN,NaN,NaN,NaN,NaN
1325528700,NaN,NaN,NaN,NaN,NaN,NaN,NaN
1325528760,NaN,NaN,NaN,NaN,NaN,NaN,NaN
1325528820,NaN,NaN,NaN,NaN,NaN,NaN,NaN
1325528880,NaN,NaN,NaN,NaN,NaN,NaN,NaN
1325528940,NaN,NaN,NaN,NaN,NaN,NaN,NaN
1325529000,NaN,NaN,NaN,NaN,NaN,NaN,NaN
1325529060,NaN,NaN,NaN,NaN,NaN,NaN,NaN
1325529120,NaN,NaN,NaN,NaN,NaN,NaN,NaN
1325529180,NaN,NaN,NaN,NaN,NaN,NaN,NaN
1325529240,NaN,NaN,NaN,NaN,NaN,NaN,NaN
1325529300,NaN,NaN,NaN,NaN,NaN,NaN,NaN
1325529360,NaN,NaN,NaN,NaN,NaN,NaN,NaN
1325529420,NaN,NaN,NaN,NaN,NaN,NaN,NaN
1325529480,NaN,NaN,NaN,NaN,NaN,NaN,NaN
1325529540,NaN,NaN,NaN,NaN,NaN,NaN,NaN
1325529600,NaN,NaN,NaN,NaN,NaN,NaN,NaN
1325529660,NaN,NaN,NaN,NaN,NaN,NaN,NaN
1325529720,NaN,NaN,NaN,NaN,NaN,NaN,NaN
1325529780,NaN,NaN,NaN,NaN,NaN,NaN,NaN
1325529840,NaN,NaN,NaN,NaN,NaN,NaN,NaN
1325529900,NaN,NaN,NaN,NaN,NaN,NaN,NaN
1325529960,NaN,NaN,NaN,NaN,NaN,NaN,NaN
1325530020,NaN,NaN,NaN,NaN,NaN,NaN,NaN
1325530080,NaN,NaN,NaN,NaN,NaN,NaN,NaN
1325530140,NaN,NaN,NaN,NaN,NaN,NaN,NaN
1325530200,NaN,NaN,NaN,NaN,NaN,NaN,NaN
1325530260,NaN,NaN,NaN,NaN,NaN,NaN,NaN
1325530320,NaN,NaN,NaN,NaN,NaN,NaN,NaN
1325530380,NaN,NaN,NaN,NaN,NaN,NaN,NaN
1325530440,NaN,NaN,NaN,NaN,NaN,NaN,NaN
1325530500,NaN,NaN,NaN,NaN,NaN,NaN,NaN
1325530560,NaN,NaN,NaN,NaN,NaN,NaN,NaN
1325530620,NaN,NaN,NaN,NaN,NaN,NaN,NaN
1325530680,NaN,NaN,NaN,NaN,NaN,NaN,NaN
1325530740,NaN,NaN,NaN,NaN,NaN,NaN,NaN
1325530800,NaN,NaN,NaN,NaN,NaN,NaN,NaN
1325530860,NaN,NaN,NaN,NaN,NaN,NaN,NaN
1325530920,NaN,NaN,NaN,NaN,NaN,NaN,NaN
1325530980,NaN,NaN,NaN,NaN,NaN,NaN,NaN
1325531040,NaN,NaN,NaN,NaN,NaN,NaN,NaN
1325531100,NaN,NaN,NaN,NaN,NaN,NaN,NaN
1325531160,NaN,NaN,NaN,NaN,NaN,NaN,NaN
1325531220,NaN,NaN,NaN,NaN,NaN,NaN,NaN
1325531280,NaN,NaN,NaN,NaN,NaN,NaN,NaN
1325531340,NaN,NaN,NaN,NaN,NaN,NaN,NaN
1325531400,NaN,NaN,NaN,NaN,NaN,NaN,NaN
1325531460,NaN,NaN,NaN,NaN,NaN,NaN,NaN
1325531520,NaN,NaN,NaN,NaN,NaN,NaN,NaN
1325531580,NaN,NaN,NaN,NaN,NaN,NaN,NaN
1325531640,NaN,NaN,NaN,NaN,NaN,NaN,NaN
1325531700,NaN,NaN,NaN,NaN,NaN,NaN,NaN
1325531760,NaN,NaN,NaN,NaN,NaN,NaN,NaN
1325531820,NaN,NaN,NaN,NaN,NaN,NaN,NaN
1325531880,NaN,NaN,NaN,NaN,NaN,NaN,NaN
1325531940,NaN,NaN,NaN,NaN,NaN,NaN,NaN
1325532000,NaN,NaN,NaN,NaN,NaN,NaN,NaN
1325532060,NaN,NaN,NaN,NaN,NaN,NaN,NaN
1325532120,NaN,NaN,NaN,NaN,NaN,NaN,NaN
1325532180,NaN,NaN,NaN,NaN,NaN,NaN,NaN
1325532240,NaN,NaN,NaN,NaN,NaN,NaN,NaN
1325532300,NaN,NaN,NaN,NaN,NaN,NaN,NaN
1325532360,NaN,NaN,NaN,NaN,NaN,NaN,NaN
1325532420,NaN,NaN,NaN,NaN,NaN,NaN,NaN
1325532480,NaN,NaN,NaN,NaN,NaN,NaN,NaN
1325532540,NaN,NaN,NaN,NaN,NaN,NaN,NaN
1325532600,NaN,NaN,NaN,NaN,NaN,NaN,NaN
1325532660,NaN,NaN,NaN,NaN,NaN,NaN,NaN
1325532720,NaN,NaN,NaN,NaN,NaN,NaN,NaN
1325532780,NaN,NaN,NaN,NaN,NaN,NaN,NaN
1325532840,NaN,NaN,NaN,NaN,NaN,NaN,NaN
1325532900,NaN,NaN,NaN,NaN,NaN,NaN,NaN
1325532960,NaN,NaN,NaN,NaN,NaN,NaN,NaN
1325533020,NaN,NaN,NaN,NaN,NaN,NaN,NaN
1325533080,NaN,NaN,NaN,NaN,NaN,NaN,NaN
1325533140,NaN,NaN,NaN,NaN,NaN,NaN,NaN
1325533200,NaN,NaN,NaN,NaN,NaN,NaN,NaN
1325533260,NaN,NaN,NaN,NaN,NaN,NaN,NaN
1325533320,NaN,NaN,NaN,NaN,NaN,NaN,NaN
1325533380,NaN,NaN,NaN,NaN,NaN,NaN,NaN
1325533440,NaN,NaN,NaN,NaN,NaN,NaN,NaN
1325533500,NaN,NaN,NaN,NaN,NaN,NaN,NaN
1325533560,NaN,NaN,NaN,NaN,NaN,NaN,NaN
1325533620,NaN,NaN,NaN,NaN,NaN,NaN,NaN
1325533680,NaN,NaN,NaN,NaN,NaN,NaN,NaN
1325533740,NaN,NaN,NaN,NaN,NaN,NaN,NaN
1325533800,NaN,NaN,NaN,NaN,NaN,NaN,NaN
1325533860,NaN,NaN,NaN,NaN,NaN,NaN,NaN
1325533920,NaN,NaN,NaN,NaN,NaN,NaN,NaN
1325533980,NaN,NaN,NaN,NaN,NaN,NaN,NaN
1325534040,NaN,NaN,NaN,NaN,NaN,NaN,NaN
1325534100,NaN,NaN,NaN,NaN,NaN,NaN,NaN
1325534160,NaN,NaN,NaN,NaN,NaN,NaN,NaN
1325534220,NaN,NaN,NaN,NaN,NaN,NaN,NaN
1325534280,NaN,NaN,NaN,NaN,NaN,NaN,NaN
1325534340,NaN,NaN,NaN,NaN,NaN,NaN,NaN
1325534400,NaN,NaN,NaN,NaN,NaN,NaN,NaN
1325534460,NaN,NaN,NaN,NaN,NaN,NaN,NaN
1325534520,NaN,NaN,NaN,NaN,NaN,NaN,NaN
1325534580,NaN,NaN,NaN,NaN,NaN,NaN,NaN
1325534640,5,5,5,5,19.048,95.24,5
1325534700,NaN,NaN,NaN,NaN,NaN,NaN,NaN
1325534760,NaN,NaN,NaN,NaN,NaN,NaN,NaN
1325534820,NaN,NaN,NaN,NaN,NaN,NaN,NaN
1325534880,NaN,NaN,NaN,NaN,NaN,NaN,NaN
1325534940,NaN,NaN,NaN,NaN,NaN,NaN,NaN
1325535000,NaN,NaN,NaN,NaN,NaN,NaN,NaN
1325535060,NaN,NaN,NaN,NaN,NaN,NaN,NaN
1325535120,NaN,NaN,NaN,NaN,NaN,NaN,NaN
1325535180,NaN,NaN,NaN,NaN,NaN,NaN,NaN
1325535240,NaN,NaN,NaN,NaN,NaN,NaN,NaN
1325535300,NaN,NaN,NaN,NaN,NaN,NaN,NaN
1325535360,NaN,NaN,NaN,NaN,NaN,NaN,NaN
1325535420,NaN,NaN,NaN,NaN,NaN,NaN,NaN
1325535480,NaN,NaN,NaN,NaN,NaN,NaN,NaN
1325535540,NaN,NaN,NaN,NaN,NaN,NaN,NaN
1325535600,NaN,NaN,NaN,NaN,NaN,NaN,NaN
1325535660,NaN,NaN,NaN,NaN,NaN,NaN,NaN
1325535720,NaN,NaN,NaN,NaN,NaN,NaN,NaN
1325535780,NaN,NaN,NaN,NaN,NaN,NaN,NaN
1325535840,NaN,NaN,NaN,NaN,NaN,NaN,NaN
1325535900,NaN,NaN,NaN,NaN,NaN,NaN,NaN
1325535960,NaN,NaN,NaN,NaN,NaN,NaN,NaN
1325536020,NaN,NaN,NaN,NaN,NaN,NaN,NaN
1325536080,NaN,NaN,NaN,NaN,NaN,NaN,NaN
1325536140,NaN,NaN,NaN,NaN,NaN,NaN,NaN
1325536200,NaN,NaN,NaN,NaN,NaN,NaN,NaN
1325536260,NaN,NaN,NaN,NaN,NaN,NaN,NaN
1325536320,NaN,NaN,NaN,NaN,NaN,NaN,NaN
1325536380,NaN,NaN,NaN,NaN,NaN,NaN,NaN
1325536440,NaN,NaN,NaN,NaN,NaN,NaN,NaN
1325536500,NaN,NaN,NaN,NaN,NaN,NaN,NaN
1325536560,NaN,NaN,NaN,NaN,NaN,NaN,NaN
1325536620,NaN,NaN,NaN,NaN,NaN,NaN,NaN
1325536680,NaN,NaN,NaN,NaN,NaN,NaN,NaN
1325536740,NaN,NaN,NaN,NaN,NaN,NaN,NaN
1325536800,NaN,NaN,NaN,NaN,NaN,NaN,NaN
1325536860,NaN,NaN,NaN,NaN,NaN,NaN,NaN
1325536920,NaN,NaN,NaN,NaN,NaN,NaN,NaN
1325536980,NaN,NaN,NaN,NaN,NaN,NaN,NaN
1325537040,NaN,NaN,NaN,NaN,NaN,NaN,NaN
1325537100,NaN,NaN,NaN,NaN,NaN,NaN,NaN
1325537160,NaN,NaN,NaN,NaN,NaN,NaN,NaN
1325537220,NaN,NaN,NaN,NaN,NaN,NaN,NaN
1325537280,NaN,NaN,NaN,NaN,NaN,NaN,NaN
1325537340,NaN,NaN,NaN,NaN,NaN,NaN,NaN
1325537400,NaN,NaN,NaN,NaN,NaN,NaN,NaN
1325537460,NaN,NaN,NaN,NaN,NaN,NaN,NaN
1325537520,NaN,NaN,NaN,NaN,NaN,NaN,NaN
1325537580,NaN,NaN,NaN,NaN,NaN,NaN,NaN
1325537640,NaN,NaN,NaN,NaN,NaN,NaN,NaN
1325537700,NaN,NaN,NaN,NaN,NaN,NaN,NaN
1325537760,NaN,NaN,NaN,NaN,NaN,NaN,NaN
1325537820,NaN,NaN,NaN,NaN,NaN,NaN,NaN
1325537880,NaN,NaN,NaN,NaN,NaN,NaN,NaN
1325537940,NaN,NaN,NaN,NaN,NaN,NaN,NaN
1325538000,NaN,NaN,NaN,NaN,NaN,NaN,NaN
1325538060,NaN,NaN,NaN,NaN,NaN,NaN,NaN
1325538120,NaN,NaN,NaN,NaN,NaN,NaN,NaN
1325538180,NaN,NaN,NaN,NaN,NaN,NaN,NaN
1325538240,NaN,NaN,NaN,NaN,NaN,NaN,NaN
1325538300,NaN,NaN,NaN,NaN,NaN,NaN,NaN
1325538360,NaN,NaN,NaN,NaN,NaN,NaN,NaN
1325538420,NaN,NaN,NaN,NaN,NaN,NaN,NaN
1325538480,NaN,NaN,NaN,NaN,NaN,NaN,NaN
1325538540,NaN,NaN,NaN,NaN,NaN,NaN,NaN
1325538600,NaN,NaN,NaN,NaN,NaN,NaN,NaN
1325538660,NaN,NaN,NaN,NaN,NaN,NaN,NaN
1325538720,NaN,NaN,NaN,NaN,NaN,NaN,NaN
1325538780,NaN,NaN,NaN,NaN,NaN,NaN,NaN
1325538840,NaN,NaN,NaN,NaN,NaN,NaN,NaN
1325538900,NaN,NaN,NaN,NaN,NaN,NaN,NaN
1325538960,NaN,NaN,NaN,NaN,NaN,NaN,NaN
1325539020,NaN,NaN,NaN,NaN,NaN,NaN,NaN
1325539080,NaN,NaN,NaN,NaN,NaN,NaN,NaN
1325539140,NaN,NaN,NaN,NaN,NaN,NaN,NaN
1325539200,NaN,NaN,NaN,NaN,NaN,NaN,NaN
1325539260,NaN,NaN,NaN,NaN,NaN,NaN,NaN
1325539320,NaN,NaN,NaN,NaN,NaN,NaN,NaN
1325539380,NaN,NaN,NaN,NaN,NaN,NaN,NaN
1325539440,NaN,NaN,NaN,NaN,NaN,NaN,NaN
1325539500,NaN,NaN,NaN,NaN,NaN,NaN,NaN
1325539560,NaN,NaN,NaN,NaN,NaN,NaN,NaN
1325539620,NaN,NaN,NaN,NaN,NaN,NaN,NaN
1325539680,NaN,NaN,NaN,NaN,NaN,NaN,NaN
1325539740,NaN,NaN,NaN,NaN,NaN,NaN,NaN
1325539800,NaN,NaN,NaN,NaN,NaN,NaN,NaN
1325539860,NaN,NaN,NaN,NaN,NaN,NaN,NaN
1325539920,NaN,NaN,NaN,NaN,NaN,NaN,NaN
1325539980,NaN,NaN,NaN,NaN,NaN,NaN,NaN
1325540040,NaN,NaN,NaN,NaN,NaN,NaN,NaN
1325540100,NaN,NaN,NaN,NaN,NaN,NaN,NaN
1325540160,NaN,NaN,NaN,NaN,NaN,NaN,NaN
1325540220,NaN,NaN,NaN,NaN,NaN,NaN,NaN
1325540280,NaN,NaN,NaN,NaN,NaN,NaN,NaN
1325540340,NaN,NaN,NaN,NaN,NaN,NaN,NaN
1325540400,NaN,NaN,NaN,NaN,NaN,NaN,NaN
1325540460,NaN,NaN,NaN,NaN,NaN,NaN,NaN
1325540520,NaN,NaN,NaN,NaN,NaN,NaN,NaN
1325540580,NaN,NaN,NaN,NaN,NaN,NaN,NaN
1325540640,NaN,NaN,NaN,NaN,NaN,NaN,NaN
1325540700,NaN,NaN,NaN,NaN,NaN,NaN,NaN
1325540760,NaN,NaN,NaN,NaN,NaN,NaN,NaN
1325540820,NaN,NaN,NaN,NaN,NaN,NaN,NaN
1325540880,NaN,NaN,NaN,NaN,NaN,NaN,NaN
1325540940,NaN,NaN,NaN,NaN,NaN,NaN,NaN
1325541000,NaN,NaN,NaN,NaN,NaN,NaN,NaN
1325541060,NaN,NaN,NaN,NaN,NaN,NaN,NaN
1325541120,NaN,NaN,NaN,NaN,NaN,NaN,NaN
1325541180,NaN,NaN,NaN,NaN,NaN,NaN,NaN
1325541240,NaN,NaN,NaN,NaN,NaN,NaN,NaN
1325541300,NaN,NaN,NaN,NaN,NaN,NaN,NaN
1325541360,NaN,NaN,NaN,NaN,NaN,NaN,NaN
1325541420,NaN,NaN,NaN,NaN,NaN,NaN,NaN
1325541480,NaN,NaN,NaN,NaN,NaN,NaN,NaN
1325541540,NaN,NaN,NaN,NaN,NaN,NaN,NaN
1325541600,NaN,NaN,NaN,NaN,NaN,NaN,NaN
1325541660,NaN,NaN,NaN,NaN,NaN,NaN,NaN
1325541720,NaN,NaN,NaN,NaN,NaN,NaN,NaN
1325541780,NaN,NaN,NaN,NaN,NaN,NaN,NaN
1325541840,NaN,NaN,NaN,NaN,NaN,NaN,NaN
1325541900,NaN,NaN,NaN,NaN,NaN,NaN,NaN
1325541960,NaN,NaN,NaN,NaN,NaN,NaN,NaN
1325542020,NaN,NaN,NaN,NaN,NaN,NaN,NaN
1325542080,NaN,NaN,NaN,NaN,NaN,NaN,NaN
1325542140,NaN,NaN,NaN,NaN,NaN,NaN,NaN
1325542200,NaN,NaN,NaN,NaN,NaN,NaN,NaN
1325542260,NaN,NaN,NaN,NaN,NaN,NaN,NaN
1325542320,NaN,NaN,NaN,NaN,NaN,NaN,NaN
1325542380,NaN,NaN,NaN,NaN,NaN,NaN,NaN
1325542440,NaN,NaN,NaN,NaN,NaN,NaN,NaN
1325542500,NaN,NaN,NaN,NaN,NaN,NaN,NaN
1325542560,NaN,NaN,NaN,NaN,NaN,NaN,NaN
1325542620,NaN,NaN,NaN,NaN,NaN,NaN,NaN
1325542680,NaN,NaN,NaN,NaN,NaN,NaN,NaN
1325542740,NaN,NaN,NaN,NaN,NaN,NaN,NaN
1325542800,NaN,NaN,NaN,NaN,NaN,NaN,NaN
1325542860,NaN,NaN,NaN,NaN,NaN,NaN,NaN
1325542920,NaN,NaN,NaN,NaN,NaN,NaN,NaN
1325542980,NaN,NaN,NaN,NaN,NaN,NaN,NaN
1325543040,NaN,NaN,NaN,NaN,NaN,NaN,NaN
1325543100,NaN,NaN,NaN,NaN,NaN,NaN,NaN
1325543160,NaN,NaN,NaN,NaN,NaN,NaN,NaN
1325543220,NaN,NaN,NaN,NaN,NaN,NaN,NaN
1325543280,NaN,NaN,NaN,NaN,NaN,NaN,NaN
1325543340,NaN,NaN,NaN,NaN,NaN,NaN,NaN
1325543400,NaN,NaN,NaN,NaN,NaN,NaN,NaN
1325543460,NaN,NaN,NaN,NaN,NaN,NaN,NaN
1325543520,NaN,NaN,NaN,NaN,NaN,NaN,NaN
1325543580,NaN,NaN,NaN,NaN,NaN,NaN,NaN
1325543640,NaN,NaN,NaN,NaN,NaN,NaN,NaN
1325543700,NaN,NaN,NaN,NaN,NaN,NaN,NaN
1325543760,NaN,NaN,NaN,NaN,NaN,NaN,NaN
1325543820,NaN,NaN,NaN,NaN,NaN,NaN,NaN
1325543880,NaN,NaN,NaN,NaN,NaN,NaN,NaN
1325543940,NaN,NaN,NaN,NaN,NaN,NaN,NaN
1325544000,NaN,NaN,NaN,NaN,NaN,NaN,NaN
1325544060,NaN,NaN,NaN,NaN,NaN,NaN,NaN
1325544120,NaN,NaN,NaN,NaN,NaN,NaN,NaN
1325544180,NaN,NaN,NaN,NaN,NaN,NaN,NaN
1325544240,NaN,NaN,NaN,NaN,NaN,NaN,NaN
1325544300,NaN,NaN,NaN,NaN,NaN,NaN,NaN
1325544360,NaN,NaN,NaN,NaN,NaN,NaN,NaN
1325544420,NaN,NaN,NaN,NaN,NaN,NaN,NaN
1325544480,NaN,NaN,NaN,NaN,NaN,NaN,NaN
1325544540,NaN,NaN,NaN,NaN,NaN,NaN,NaN
1325544600,NaN,NaN,NaN,NaN,NaN,NaN,NaN
1325544660,NaN,NaN,NaN,NaN,NaN,NaN,NaN
1325544720,NaN,NaN,NaN,NaN,NaN,NaN,NaN
1325544780,NaN,NaN,NaN,NaN,NaN,NaN,NaN
1325544840,NaN,NaN,NaN,NaN,NaN,NaN,NaN
1325544900,NaN,NaN,NaN,NaN,NaN,NaN,NaN
1325544960,NaN,NaN,NaN,NaN,NaN,NaN,NaN
1325545020,NaN,NaN,NaN,NaN,NaN,NaN,NaN
1325545080,NaN,NaN,NaN,NaN,NaN,NaN,NaN
1325545140,NaN,NaN,NaN,NaN,NaN,NaN,NaN
1325545200,NaN,NaN,NaN,NaN,NaN,NaN,NaN
1325545260,NaN,NaN,NaN,NaN,NaN,NaN,NaN
1325545320,NaN,NaN,NaN,NaN,NaN,NaN,NaN
1325545380,NaN,NaN,NaN,NaN,NaN,NaN,NaN
1325545440,NaN,NaN,NaN,NaN,NaN,NaN,NaN
1325545500,NaN,NaN,NaN,NaN,NaN,NaN,NaN
1325545560,NaN,NaN,NaN,NaN,NaN,NaN,NaN
1325545620,NaN,NaN,NaN,NaN,NaN,NaN,NaN
1325545680,NaN,NaN,NaN,NaN,NaN,NaN,NaN
1325545740,NaN,NaN,NaN,NaN,NaN,NaN,NaN
1325545800,NaN,NaN,NaN,NaN,NaN,NaN,NaN
1325545860,NaN,NaN,NaN,NaN,NaN,NaN,NaN
1325545920,NaN,NaN,NaN,NaN,NaN,NaN,NaN
1325545980,NaN,NaN,NaN,NaN,NaN,NaN,NaN
1325546040,NaN,NaN,NaN,NaN,NaN,NaN,NaN
1325546100,NaN,NaN,NaN,NaN,NaN,NaN,NaN
1325546160,NaN,NaN,NaN,NaN,NaN,NaN,NaN
1325546220,NaN,NaN,NaN,NaN,NaN,NaN,NaN
1325546280,NaN,NaN,NaN,NaN,NaN,NaN,NaN
1325546340,NaN,NaN,NaN,NaN,NaN,NaN,NaN
1325546400,NaN,NaN,NaN,NaN,NaN,NaN,NaN
1325546460,NaN,NaN,NaN,NaN,NaN,NaN,NaN
1325546520,NaN,NaN,NaN,NaN,NaN,NaN,NaN
1325546580,NaN,NaN,NaN,NaN,NaN,NaN,NaN
1325546640,NaN,NaN,NaN,NaN,NaN,NaN,NaN
1325546700,NaN,NaN,NaN,NaN,NaN,NaN,NaN
1325546760,NaN,NaN,NaN,NaN,NaN,NaN,NaN
1325546820,NaN,NaN,NaN,NaN,NaN,NaN,NaN
1325546880,NaN,NaN,NaN,NaN,NaN,NaN,NaN
1325546940,NaN,NaN,NaN,NaN,NaN,NaN,NaN
1325547000,NaN,NaN,NaN,NaN,NaN,NaN,NaN
1325547060,NaN,NaN,NaN,NaN,NaN,NaN,NaN
1325547120,NaN,NaN,NaN,NaN,NaN,NaN,NaN
1325547180,NaN,NaN,NaN,NaN,NaN,NaN,NaN
1325547240,NaN,NaN,NaN,NaN,NaN,NaN,NaN
1325547300,NaN,NaN,NaN,NaN,NaN,NaN,NaN
1325547360,NaN,NaN,NaN,NaN,NaN,NaN,NaN
1325547420,NaN,NaN,NaN,NaN,NaN,NaN,NaN
1325547480,NaN,NaN,NaN,NaN,NaN,NaN,NaN
1325547540,NaN,NaN,NaN,NaN,NaN,NaN,NaN
1325547600,NaN,NaN,NaN,NaN,NaN,NaN,NaN
1325547660,NaN,NaN,NaN,NaN,NaN,NaN,NaN
1325547720,NaN,NaN,NaN,NaN,NaN,NaN,NaN
1325547780,NaN,NaN,NaN,NaN,NaN,NaN,NaN
1325547840,NaN,NaN,NaN,NaN,NaN,NaN,NaN
1325547900,NaN,NaN,NaN,NaN,NaN,NaN,NaN
1325547960,NaN,NaN,NaN,NaN,NaN,NaN,NaN
1325548020,NaN,NaN,NaN,NaN,NaN,NaN,NaN
1325548080,NaN,NaN,NaN,NaN,NaN,NaN,NaN
1325548140,NaN,NaN,NaN,NaN,NaN,NaN,NaN
1325548200,NaN,NaN,NaN,NaN,NaN,NaN,NaN
1325548260,NaN,NaN,NaN,NaN,NaN,NaN,NaN
1325548320,NaN,NaN,NaN,NaN,NaN,NaN,NaN
1325548380,NaN,NaN,NaN,NaN,NaN,NaN,NaN
1325548440,NaN,NaN,NaN,NaN,NaN,NaN,NaN
1325548500,NaN,NaN,NaN,NaN,NaN,NaN,NaN
1325548560,NaN,NaN,NaN,NaN,NaN,NaN,NaN
1325548620,NaN,NaN,NaN,NaN,NaN,NaN,NaN
1325548680,NaN,NaN,NaN,NaN,NaN,NaN,NaN
1325548740,NaN,NaN,NaN,NaN,NaN,NaN,NaN
1325548800,NaN,NaN,NaN,NaN,NaN,NaN,NaN
1325548860,NaN,NaN,NaN,NaN,NaN,NaN,NaN
1325548920,NaN,NaN,NaN,NaN,NaN,NaN,NaN
1325548980,NaN,NaN,NaN,NaN,NaN,NaN,NaN
1325549040,NaN,NaN,NaN,NaN,NaN,NaN,NaN
1325549100,NaN,NaN,NaN,NaN,NaN,NaN,NaN
1325549160,NaN,NaN,NaN,NaN,NaN,NaN,NaN
1325549220,NaN,NaN,NaN,NaN,NaN,NaN,NaN
1325549280,NaN,NaN,NaN,NaN,NaN,NaN,NaN
1325549340,NaN,NaN,NaN,NaN,NaN,NaN,NaN
1325549400,NaN,NaN,NaN,NaN,NaN,NaN,NaN
1325549460,NaN,NaN,NaN,NaN,NaN,NaN,NaN
1325549520,NaN,NaN,NaN,NaN,NaN,NaN,NaN
1325549580,NaN,NaN,NaN,NaN,NaN,NaN,NaN
1325549640,NaN,NaN,NaN,NaN,NaN,NaN,NaN
1325549700,NaN,NaN,NaN,NaN,NaN,NaN,NaN
1325549760,NaN,NaN,NaN,NaN,NaN,NaN,NaN
1325549820,NaN,NaN,NaN,NaN,NaN,NaN,NaN
1325549880,NaN,NaN,NaN,NaN,NaN,NaN,NaN
1325549940,NaN,NaN,NaN,NaN,NaN,NaN,NaN
1325550000,NaN,NaN,NaN,NaN,NaN,NaN,NaN
1325550060,NaN,NaN,NaN,NaN,NaN,NaN,NaN
1325550120,NaN,NaN,NaN,NaN,NaN,NaN,NaN
1325550180,NaN,NaN,NaN,NaN,NaN,NaN,NaN
1325550240,NaN,NaN,NaN,NaN,NaN,NaN,NaN
1325550300,NaN,NaN,NaN,NaN,NaN,NaN,NaN
1325550360,NaN,NaN,NaN,NaN,NaN,NaN,NaN
1325550420,NaN,NaN,NaN,NaN,NaN,NaN,NaN
1325550480,NaN,NaN,NaN,NaN,NaN,NaN,NaN
1325550540,NaN,NaN,NaN,NaN,NaN,NaN,NaN
1325550600,NaN,NaN,NaN,NaN,NaN,NaN,NaN
1325550660,NaN,NaN,NaN,NaN,NaN,NaN,NaN
1325550720,NaN,NaN,NaN,NaN,NaN,NaN,NaN
1325550780,NaN,NaN,NaN,NaN,NaN,NaN,NaN
1325550840,NaN,NaN,NaN,NaN,NaN,NaN,NaN
1325550900,NaN,NaN,NaN,NaN,NaN,NaN,NaN
1325550960,NaN,NaN,NaN,NaN,NaN,NaN,NaN
1325551020,NaN,NaN,NaN,NaN,NaN,NaN,NaN
1325551080,NaN,NaN,NaN,NaN,NaN,NaN,NaN
1325551140,NaN,NaN,NaN,NaN,NaN,NaN,NaN
1325551200,NaN,NaN,NaN,NaN,NaN,NaN,NaN
1325551260,NaN,NaN,NaN,NaN,NaN,NaN,NaN
1325551320,NaN,NaN,NaN,NaN,NaN,NaN,NaN
1325551380,NaN,NaN,NaN,NaN,NaN,NaN,NaN
1325551440,NaN,NaN,NaN,NaN,NaN,NaN,NaN
1325551500,NaN,NaN,NaN,NaN,NaN,NaN,NaN
1325551560,NaN,NaN,NaN,NaN,NaN,NaN,NaN
1325551620,NaN,NaN,NaN,NaN,NaN,NaN,NaN
1325551680,NaN,NaN,NaN,NaN,NaN,NaN,NaN
1325551740,NaN,NaN,NaN,NaN,NaN,NaN,NaN
1325551800,NaN,NaN,NaN,NaN,NaN,NaN,NaN
1325551860,NaN,NaN,NaN,NaN,NaN,NaN,NaN
1325551920,NaN,NaN,NaN,NaN,NaN,NaN,NaN
1325551980,NaN,NaN,NaN,NaN,NaN,NaN,NaN
1325552040,NaN,NaN,NaN,NaN,NaN,NaN,NaN
1325552100,NaN,NaN,NaN,NaN,NaN,NaN,NaN
1325552160,NaN,NaN,NaN,NaN,NaN,NaN,NaN
1325552220,NaN,NaN,NaN,NaN,NaN,NaN,NaN
1325552280,NaN,NaN,NaN,NaN,NaN,NaN,NaN
1325552340,NaN,NaN,NaN,NaN,NaN,NaN,NaN
1325552400,NaN,NaN,NaN,NaN,NaN,NaN,NaN
1325552460,NaN,NaN,NaN,NaN,NaN,NaN,NaN
1325552520,NaN,NaN,NaN,NaN,NaN,NaN,NaN
1325552580,NaN,NaN,NaN,NaN,NaN,NaN,NaN
1325552640,NaN,NaN,NaN,NaN,NaN,NaN,NaN
1325552700,NaN,NaN,NaN,NaN,NaN,NaN,NaN
1325552760,NaN,NaN,NaN,NaN,NaN,NaN,NaN
1325552820,NaN,NaN,NaN,NaN,NaN,NaN,NaN
1325552880,NaN,NaN,NaN,NaN,NaN,NaN,NaN
1325552940,NaN,NaN,NaN,NaN,NaN,NaN,NaN
1325553000,NaN,NaN,NaN,NaN,NaN,NaN,NaN
1325553060,NaN,NaN,NaN,NaN,NaN,NaN,NaN
1325553120,NaN,NaN,NaN,NaN,NaN,NaN,NaN
1325553180,NaN,NaN,NaN,NaN,NaN,NaN,NaN
1325553240,NaN,NaN,NaN,NaN,NaN,NaN,NaN
1325553300,NaN,NaN,NaN,NaN,NaN,NaN,NaN
1325553360,NaN,NaN,NaN,NaN,NaN,NaN,NaN
1325553420,NaN,NaN,NaN,NaN,NaN,NaN,NaN
1325553480,NaN,NaN,NaN,NaN,NaN,NaN,NaN
1325553540,NaN,NaN,NaN,NaN,NaN,NaN,NaN
1325553600,NaN,NaN,NaN,NaN,NaN,NaN,NaN
1325553660,NaN,NaN,NaN,NaN,NaN,NaN,NaN
1325553720,NaN,NaN,NaN,NaN,NaN,NaN,NaN
1325553780,NaN,NaN,NaN,NaN,NaN,NaN,NaN
1325553840,NaN,NaN,NaN,NaN,NaN,NaN,NaN
1325553900,NaN,NaN,NaN,NaN,NaN,NaN,NaN
1325553960,NaN,NaN,NaN,NaN,NaN,NaN,NaN
1325554020,NaN,NaN,NaN,NaN,NaN,NaN,NaN
1325554080,NaN,NaN,NaN,NaN,NaN,NaN,NaN
1325554140,NaN,NaN,NaN,NaN,NaN,NaN,NaN
1325554200,NaN,NaN,NaN,NaN,NaN,NaN,NaN
1325554260,NaN,NaN,NaN,NaN,NaN,NaN,NaN
1325554320,NaN,NaN,NaN,NaN,NaN,NaN,NaN
1325554380,NaN,NaN,NaN,NaN,NaN,NaN,NaN
1325554440,NaN,NaN,NaN,NaN,NaN,NaN,NaN
1325554500,NaN,NaN,NaN,NaN,NaN,NaN,NaN
1325554560,NaN,NaN,NaN,NaN,NaN,NaN,NaN
1325554620,NaN,NaN,NaN,NaN,NaN,NaN,NaN
1325554680,NaN,NaN,NaN,NaN,NaN,NaN,NaN
1325554740,NaN,NaN,NaN,NaN,NaN,NaN,NaN
1325554800,NaN,NaN,NaN,NaN,NaN,NaN,NaN
1325554860,NaN,NaN,NaN,NaN,NaN,NaN,NaN
1325554920,NaN,NaN,NaN,NaN,NaN,NaN,NaN
1325554980,NaN,NaN,NaN,NaN,NaN,NaN,NaN
1325555040,NaN,NaN,NaN,NaN,NaN,NaN,NaN
1325555100,NaN,NaN,NaN,NaN,NaN,NaN,NaN
1325555160,NaN,NaN,NaN,NaN,NaN,NaN,NaN
1325555220,NaN,NaN,NaN,NaN,NaN,NaN,NaN
1325555280,NaN,NaN,NaN,NaN,NaN,NaN,NaN
1325555340,NaN,NaN,NaN,NaN,NaN,NaN,NaN
1325555400,NaN,NaN,NaN,NaN,NaN,NaN,NaN
1325555460,NaN,NaN,NaN,NaN,NaN,NaN,NaN
1325555520,NaN,NaN,NaN,NaN,NaN,NaN,NaN
1325555580,NaN,NaN,NaN,NaN,NaN,NaN,NaN
1325555640,NaN,NaN,NaN,NaN,NaN,NaN,NaN
1325555700,NaN,NaN,NaN,NaN,NaN,NaN,NaN
1325555760,NaN,NaN,NaN,NaN,NaN,NaN,NaN
1325555820,NaN,NaN,NaN,NaN,NaN,NaN,NaN
1325555880,NaN,NaN,NaN,NaN,NaN,NaN,NaN
1325555940,NaN,NaN,NaN,NaN,NaN,NaN,NaN
1325556000,NaN,NaN,NaN,NaN,NaN,NaN,NaN
1325556060,NaN,NaN,NaN,NaN,NaN,NaN,NaN
1325556120,NaN,NaN,NaN,NaN,NaN,NaN,NaN
1325556180,NaN,NaN,NaN,NaN,NaN,NaN,NaN
1325556240,NaN,NaN,NaN,NaN,NaN,NaN,NaN
1325556300,NaN,NaN,NaN,NaN,NaN,NaN,NaN
1325556360,NaN,NaN,NaN,NaN,NaN,NaN,NaN
1325556420,NaN,NaN,NaN,NaN,NaN,NaN,NaN
1325556480,NaN,NaN,NaN,NaN,NaN,NaN,NaN
1325556540,NaN,NaN,NaN,NaN,NaN,NaN,NaN
1325556600,NaN,NaN,NaN,NaN,NaN,NaN,NaN
1325556660,NaN,NaN,NaN,NaN,NaN,NaN,NaN
1325556720,NaN,NaN,NaN,NaN,NaN,NaN,NaN
1325556780,NaN,NaN,NaN,NaN,NaN,NaN,NaN
1325556840,NaN,NaN,NaN,NaN,NaN,NaN,NaN
1325556900,NaN,NaN,NaN,NaN,NaN,NaN,NaN
1325556960,NaN,NaN,NaN,NaN,NaN,NaN,NaN
1325557020,NaN,NaN,NaN,NaN,NaN,NaN,NaN
1325557080,NaN,NaN,NaN,NaN,NaN,NaN,NaN
1325557140,NaN,NaN,NaN,NaN,NaN,NaN,NaN
1325557200,NaN,NaN,NaN,NaN,NaN,NaN,NaN
1325557260,NaN,NaN,NaN,NaN,NaN,NaN,NaN
1325557320,NaN,NaN,NaN,NaN,NaN,NaN,NaN
1325557380,NaN,NaN,NaN,NaN,NaN,NaN,NaN
1325557440,NaN,NaN,NaN,NaN,NaN,NaN,NaN
1325557500,NaN,NaN,NaN,NaN,NaN,NaN,NaN
1325557560,NaN,NaN,NaN,NaN,NaN,NaN,NaN
1325557620,NaN,NaN,NaN,NaN,NaN,NaN,NaN
1325557680,NaN,NaN,NaN,NaN,NaN,NaN,NaN
1325557740,NaN,NaN,NaN,NaN,NaN,NaN,NaN
1325557800,NaN,NaN,NaN,NaN,NaN,NaN,NaN
1325557860,NaN,NaN,NaN,NaN,NaN,NaN,NaN
1325557920,NaN,NaN,NaN,NaN,NaN,NaN,NaN
1325557980,NaN,NaN,NaN,NaN,NaN,NaN,NaN
1325558040,NaN,NaN,NaN,NaN,NaN,NaN,NaN
1325558100,NaN,NaN,NaN,NaN,NaN,NaN,NaN
1325558160,NaN,NaN,NaN,NaN,NaN,NaN,NaN
1325558220,NaN,NaN,NaN,NaN,NaN,NaN,NaN
1325558280,NaN,NaN,NaN,NaN,NaN,NaN,NaN
1325558340,NaN,NaN,NaN,NaN,NaN,NaN,NaN
1325558400,NaN,NaN,NaN,NaN,NaN,NaN,NaN
1325558460,NaN,NaN,NaN,NaN,NaN,NaN,NaN
1325558520,NaN,NaN,NaN,NaN,NaN,NaN,NaN
1325558580,NaN,NaN,NaN,NaN,NaN,NaN,NaN
1325558640,NaN,NaN,NaN,NaN,NaN,NaN,NaN
1325558700,NaN,NaN,NaN,NaN,NaN,NaN,NaN
1325558760,NaN,NaN,NaN,NaN,NaN,NaN,NaN
1325558820,NaN,NaN,NaN,NaN,NaN,NaN,NaN
1325558880,NaN,NaN,NaN,NaN,NaN,NaN,NaN
1325558940,NaN,NaN,NaN,NaN,NaN,NaN,NaN
1325559000,NaN,NaN,NaN,NaN,NaN,NaN,NaN
1325559060,NaN,NaN,NaN,NaN,NaN,NaN,NaN
1325559120,NaN,NaN,NaN,NaN,NaN,NaN,NaN
1325559180,NaN,NaN,NaN,NaN,NaN,NaN,NaN
1325559240,NaN,NaN,NaN,NaN,NaN,NaN,NaN
1325559300,NaN,NaN,NaN,NaN,NaN,NaN,NaN
1325559360,NaN,NaN,NaN,NaN,NaN,NaN,NaN
1325559420,NaN,NaN,NaN,NaN,NaN,NaN,NaN
1325559480,NaN,NaN,NaN,NaN,NaN,NaN,NaN
1325559540,NaN,NaN,NaN,NaN,NaN,NaN,NaN
1325559600,NaN,NaN,NaN,NaN,NaN,NaN,NaN
1325559660,NaN,NaN,NaN,NaN,NaN,NaN,NaN
1325559720,NaN,NaN,NaN,NaN,NaN,NaN,NaN
1325559780,NaN,NaN,NaN,NaN,NaN,NaN,NaN
1325559840,NaN,NaN,NaN,NaN,NaN,NaN,NaN
1325559900,NaN,NaN,NaN,NaN,NaN,NaN,NaN
1325559960,NaN,NaN,NaN,NaN,NaN,NaN,NaN
1325560020,NaN,NaN,NaN,NaN,NaN,NaN,NaN
1325560080,NaN,NaN,NaN,NaN,NaN,NaN,NaN
1325560140,NaN,NaN,NaN,NaN,NaN,NaN,NaN
1325560200,NaN,NaN,NaN,NaN,NaN,NaN,NaN
1325560260,NaN,NaN,NaN,NaN,NaN,NaN,NaN
1325560320,NaN,NaN,NaN,NaN,NaN,NaN,NaN
1325560380,NaN,NaN,NaN,NaN,NaN,NaN,NaN
1325560440,NaN,NaN,NaN,NaN,NaN,NaN,NaN
1325560500,NaN,NaN,NaN,NaN,NaN,NaN,NaN
1325560560,NaN,NaN,NaN,NaN,NaN,NaN,NaN
1325560620,NaN,NaN,NaN,NaN,NaN,NaN,NaN
1325560680,NaN,NaN,NaN,NaN,NaN,NaN,NaN
1325560740,NaN,NaN,NaN,NaN,NaN,NaN,NaN
1325560800,NaN,NaN,NaN,NaN,NaN,NaN,NaN
1325560860,NaN,NaN,NaN,NaN,NaN,NaN,NaN
1325560920,NaN,NaN,NaN,NaN,NaN,NaN,NaN
1325560980,NaN,NaN,NaN,NaN,NaN,NaN,NaN
1325561040,NaN,NaN,NaN,NaN,NaN,NaN,NaN
1325561100,NaN,NaN,NaN,NaN,NaN,NaN,NaN
1325561160,NaN,NaN,NaN,NaN,NaN,NaN,NaN
1325561220,NaN,NaN,NaN,NaN,NaN,NaN,NaN
1325561280,NaN,NaN,NaN,NaN,NaN,NaN,NaN
1325561340,NaN,NaN,NaN,NaN,NaN,NaN,NaN
1325561400,NaN,NaN,NaN,NaN,NaN,NaN,NaN
1325561460,NaN,NaN,NaN,NaN,NaN,NaN,NaN
1325561520,NaN,NaN,NaN,NaN,NaN,NaN,NaN
1325561580,NaN,NaN,NaN,NaN,NaN,NaN,NaN
1325561640,NaN,NaN,NaN,NaN,NaN,NaN,NaN
1325561700,NaN,NaN,NaN,NaN,NaN,NaN,NaN
1325561760,NaN,NaN,NaN,NaN,NaN,NaN,NaN
1325561820,NaN,NaN,NaN,NaN,NaN,NaN,NaN
1325561880,NaN,NaN,NaN,NaN,NaN,NaN,NaN
1325561940,NaN,NaN,NaN,NaN,NaN,NaN,NaN
1325562000,NaN,NaN,NaN,NaN,NaN,NaN,NaN
1325562060,NaN,NaN,NaN,NaN,NaN,NaN,NaN
1325562120,NaN,NaN,NaN,NaN,NaN,NaN,NaN
1325562180,NaN,NaN,NaN,NaN,NaN,NaN,NaN
1325562240,NaN,NaN,NaN,NaN,NaN,NaN,NaN
1325562300,NaN,NaN,NaN,NaN,NaN,NaN,NaN
1325562360,NaN,NaN,NaN,NaN,NaN,NaN,NaN
1325562420,NaN,NaN,NaN,NaN,NaN,NaN,NaN
1325562480,NaN,NaN,NaN,NaN,NaN,NaN,NaN
1325562540,NaN,NaN,NaN,NaN,NaN,NaN,NaN
1325562600,NaN,NaN,NaN,NaN,NaN,NaN,NaN
1325562660,NaN,NaN,NaN,NaN,NaN,NaN,NaN
1325562720,NaN,NaN,NaN,NaN,NaN,NaN,NaN
1325562780,NaN,NaN,NaN,NaN,NaN,NaN,NaN
1325562840,NaN,NaN,NaN,NaN,NaN,NaN,NaN
1325562900,NaN,NaN,NaN,NaN,NaN,NaN,NaN
1325562960,NaN,NaN,NaN,NaN,NaN,NaN,NaN
1325563020,NaN,NaN,NaN,NaN,NaN,NaN,NaN
1325563080,NaN,NaN,NaN,NaN,NaN,NaN,NaN
1325563140,NaN,NaN,NaN,NaN,NaN,NaN,NaN
1325563200,NaN,NaN,NaN,NaN,NaN,NaN,NaN
1325563260,NaN,NaN,NaN,NaN,NaN,NaN,NaN
1325563320,NaN,NaN,NaN,NaN,NaN,NaN,NaN
1325563380,NaN,NaN,NaN,NaN,NaN,NaN,NaN
1325563440,NaN,NaN,NaN,NaN,NaN,NaN,NaN
1325563500,NaN,NaN,NaN,NaN,NaN,NaN,NaN
1325563560,NaN,NaN,NaN,NaN,NaN,NaN,NaN
1325563620,NaN,NaN,NaN,NaN,NaN,NaN,NaN
1325563680,NaN,NaN,NaN,NaN,NaN,NaN,NaN
1325563740,NaN,NaN,NaN,NaN,NaN,NaN,NaN
1325563800,NaN,NaN,NaN,NaN,NaN,NaN,NaN
1325563860,NaN,NaN,NaN,NaN,NaN,NaN,NaN
1325563920,NaN,NaN,NaN,NaN,NaN,NaN,NaN
1325563980,NaN,NaN,NaN,NaN,NaN,NaN,NaN
1325564040,NaN,NaN,NaN,NaN,NaN,NaN,NaN
1325564100,NaN,NaN,NaN,NaN,NaN,NaN,NaN
1325564160,NaN,NaN,NaN,NaN,NaN,NaN,NaN
1325564220,NaN,NaN,NaN,NaN,NaN,NaN,NaN
1325564280,NaN,NaN,NaN,NaN,NaN,NaN,NaN
1325564340,NaN,NaN,NaN,NaN,NaN,NaN,NaN
1325564400,NaN,NaN,NaN,NaN,NaN,NaN,NaN
1325564460,NaN,NaN,NaN,NaN,NaN,NaN,NaN
1325564520,NaN,NaN,NaN,NaN,NaN,NaN,NaN
1325564580,NaN,NaN,NaN,NaN,NaN,NaN,NaN
1325564640,NaN,NaN,NaN,NaN,NaN,NaN,NaN
1325564700,NaN,NaN,NaN,NaN,NaN,NaN,NaN
1325564760,NaN,NaN,NaN,NaN,NaN,NaN,NaN
1325564820,NaN,NaN,NaN,NaN,NaN,NaN,NaN
1325564880,NaN,NaN,NaN,NaN,NaN,NaN,NaN
1325564940,NaN,NaN,NaN,NaN,NaN,NaN,NaN
1325565000,NaN,NaN,NaN,NaN,NaN,NaN,NaN
1325565060,NaN,NaN,NaN,NaN,NaN,NaN,NaN
1325565120,NaN,NaN,NaN,NaN,NaN,NaN,NaN
1325565180,NaN,NaN,NaN,NaN,NaN,NaN,NaN
1325565240,NaN,NaN,NaN,NaN,NaN,NaN,NaN
1325565300,NaN,NaN,NaN,NaN,NaN,NaN,NaN
1325565360,NaN,NaN,NaN,NaN,NaN,NaN,NaN
1325565420,NaN,NaN,NaN,NaN,NaN,NaN,NaN
1325565480,NaN,NaN,NaN,NaN,NaN,NaN,NaN
1325565540,NaN,NaN,NaN,NaN,NaN,NaN,NaN
1325565600,NaN,NaN,NaN,NaN,NaN,NaN,NaN
1325565660,NaN,NaN,NaN,NaN,NaN,NaN,NaN
1325565720,NaN,NaN,NaN,NaN,NaN,NaN,NaN
1325565780,NaN,NaN,NaN,NaN,NaN,NaN,NaN
1325565840,NaN,NaN,NaN,NaN,NaN,NaN,NaN
1325565900,NaN,NaN,NaN,NaN,NaN,NaN,NaN
1325565960,NaN,NaN,NaN,NaN,NaN,NaN,NaN
1325566020,NaN,NaN,NaN,NaN,NaN,NaN,NaN
1325566080,NaN,NaN,NaN,NaN,NaN,NaN,NaN
1325566140,NaN,NaN,NaN,NaN,NaN,NaN,NaN
1325566200,NaN,NaN,NaN,NaN,NaN,NaN,NaN
1325566260,NaN,NaN,NaN,NaN,NaN,NaN,NaN
1325566320,NaN,NaN,NaN,NaN,NaN,NaN,NaN
1325566380,NaN,NaN,NaN,NaN,NaN,NaN,NaN
1325566440,NaN,NaN,NaN,NaN,NaN,NaN,NaN
1325566500,NaN,NaN,NaN,NaN,NaN,NaN,NaN
1325566560,NaN,NaN,NaN,NaN,NaN,NaN,NaN
1325566620,NaN,NaN,NaN,NaN,NaN,NaN,NaN
1325566680,NaN,NaN,NaN,NaN,NaN,NaN,NaN
1325566740,NaN,NaN,NaN,NaN,NaN,NaN,NaN
1325566800,NaN,NaN,NaN,NaN,NaN,NaN,NaN
1325566860,NaN,NaN,NaN,NaN,NaN,NaN,NaN
1325566920,NaN,NaN,NaN,NaN,NaN,NaN,NaN
1325566980,NaN,NaN,NaN,NaN,NaN,NaN,NaN
1325567040,NaN,NaN,NaN,NaN,NaN,NaN,NaN
1325567100,NaN,NaN,NaN,NaN,NaN,NaN,NaN
1325567160,NaN,NaN,NaN,NaN,NaN,NaN,NaN
1325567220,NaN,NaN,NaN,NaN,NaN,NaN,NaN
1325567280,NaN,NaN,NaN,NaN,NaN,NaN,NaN
1325567340,NaN,NaN,NaN,NaN,NaN,NaN,NaN
1325567400,NaN,NaN,NaN,NaN,NaN,NaN,NaN
1325567460,NaN,NaN,NaN,NaN,NaN,NaN,NaN
1325567520,NaN,NaN,NaN,NaN,NaN,NaN,NaN
1325567580,NaN,NaN,NaN,NaN,NaN,NaN,NaN
1325567640,NaN,NaN,NaN,NaN,NaN,NaN,NaN
1325567700,NaN,NaN,NaN,NaN,NaN,NaN,NaN
1325567760,NaN,NaN,NaN,NaN,NaN,NaN,NaN
1325567820,NaN,NaN,NaN,NaN,NaN,NaN,NaN
1325567880,NaN,NaN,NaN,NaN,NaN,NaN,NaN
1325567940,NaN,NaN,NaN,NaN,NaN,NaN,NaN
1325568000,NaN,NaN,NaN,NaN,NaN,NaN,NaN
1325568060,NaN,NaN,NaN,NaN,NaN,NaN,NaN
1325568120,NaN,NaN,NaN,NaN,NaN,NaN,NaN
1325568180,NaN,NaN,NaN,NaN,NaN,NaN,NaN
1325568240,NaN,NaN,NaN,NaN,NaN,NaN,NaN
1325568300,NaN,NaN,NaN,NaN,NaN,NaN,NaN
1325568360,NaN,NaN,NaN,NaN,NaN,NaN,NaN
1325568420,NaN,NaN,NaN,NaN,NaN,NaN,NaN
1325568480,NaN,NaN,NaN,NaN,NaN,NaN,NaN
1325568540,NaN,NaN,NaN,NaN,NaN,NaN,NaN
1325568600,NaN,NaN,NaN,NaN,NaN,NaN,NaN
1325568660,NaN,NaN,NaN,NaN,NaN,NaN,NaN
1325568720,NaN,NaN,NaN,NaN,NaN,NaN,NaN
1325568780,NaN,NaN,NaN,NaN,NaN,NaN,NaN
1325568840,NaN,NaN,NaN,NaN,NaN,NaN,NaN
1325568900,NaN,NaN,NaN,NaN,NaN,NaN,NaN
1325568960,NaN,NaN,NaN,NaN,NaN,NaN,NaN
1325569020,NaN,NaN,NaN,NaN,NaN,NaN,NaN
1325569080,NaN,NaN,NaN,NaN,NaN,NaN,NaN
1325569140,NaN,NaN,NaN,NaN,NaN,NaN,NaN
1325569200,NaN,NaN,NaN,NaN,NaN,NaN,NaN
1325569260,NaN,NaN,NaN,NaN,NaN,NaN,NaN
1325569320,NaN,NaN,NaN,NaN,NaN,NaN,NaN
1325569380,NaN,NaN,NaN,NaN,NaN,NaN,NaN
1325569440,NaN,NaN,NaN,NaN,NaN,NaN,NaN
1325569500,NaN,NaN,NaN,NaN,NaN,NaN,NaN
1325569560,NaN,NaN,NaN,NaN,NaN,NaN,NaN
1325569620,NaN,NaN,NaN,NaN,NaN,NaN,NaN
1325569680,NaN,NaN,NaN,NaN,NaN,NaN,NaN
1325569740,NaN,NaN,NaN,NaN,NaN,NaN,NaN
1325569800,NaN,NaN,NaN,NaN,NaN,NaN,NaN
1325569860,NaN,NaN,NaN,NaN,NaN,NaN,NaN
1325569920,NaN,NaN,NaN,NaN,NaN,NaN,NaN
1325569980,NaN,NaN,NaN,NaN,NaN,NaN,NaN
1325570040,NaN,NaN,NaN,NaN,NaN,NaN,NaN
1325570100,NaN,NaN,NaN,NaN,NaN,NaN,NaN
1325570160,NaN,NaN,NaN,NaN,NaN,NaN,NaN
1325570220,NaN,NaN,NaN,NaN,NaN,NaN,NaN
1325570280,NaN,NaN,NaN,NaN,NaN,NaN,NaN
1325570340,NaN,NaN,NaN,NaN,NaN,NaN,NaN
1325570400,NaN,NaN,NaN,NaN,NaN,NaN,NaN
1325570460,NaN,NaN,NaN,NaN,NaN,NaN,NaN
1325570520,NaN,NaN,NaN,NaN,NaN,NaN,NaN
1325570580,NaN,NaN,NaN,NaN,NaN,NaN,NaN
1325570640,NaN,NaN,NaN,NaN,NaN,NaN,NaN
1325570700,NaN,NaN,NaN,NaN,NaN,NaN,NaN
1325570760,NaN,NaN,NaN,NaN,NaN,NaN,NaN
1325570820,NaN,NaN,NaN,NaN,NaN,NaN,NaN
1325570880,NaN,NaN,NaN,NaN,NaN,NaN,NaN
1325570940,NaN,NaN,NaN,NaN,NaN,NaN,NaN
1325571000,NaN,NaN,NaN,NaN,NaN,NaN,NaN
1325571060,NaN,NaN,NaN,NaN,NaN,NaN,NaN
1325571120,NaN,NaN,NaN,NaN,NaN,NaN,NaN
1325571180,NaN,NaN,NaN,NaN,NaN,NaN,NaN
1325571240,NaN,NaN,NaN,NaN,NaN,NaN,NaN
1325571300,NaN,NaN,NaN,NaN,NaN,NaN,NaN
1325571360,NaN,NaN,NaN,NaN,NaN,NaN,NaN
1325571420,NaN,NaN,NaN,NaN,NaN,NaN,NaN
1325571480,NaN,NaN,NaN,NaN,NaN,NaN,NaN
1325571540,NaN,NaN,NaN,NaN,NaN,NaN,NaN
1325571600,NaN,NaN,NaN,NaN,NaN,NaN,NaN
1325571660,NaN,NaN,NaN,NaN,NaN,NaN,NaN
1325571720,NaN,NaN,NaN,NaN,NaN,NaN,NaN
1325571780,NaN,NaN,NaN,NaN,NaN,NaN,NaN
1325571840,NaN,NaN,NaN,NaN,NaN,NaN,NaN
1325571900,NaN,NaN,NaN,NaN,NaN,NaN,NaN
1325571960,NaN,NaN,NaN,NaN,NaN,NaN,NaN
1325572020,NaN,NaN,NaN,NaN,NaN,NaN,NaN
1325572080,NaN,NaN,NaN,NaN,NaN,NaN,NaN
1325572140,NaN,NaN,NaN,NaN,NaN,NaN,NaN
1325572200,NaN,NaN,NaN,NaN,NaN,NaN,NaN
1325572260,NaN,NaN,NaN,NaN,NaN,NaN,NaN
1325572320,NaN,NaN,NaN,NaN,NaN,NaN,NaN
1325572380,NaN,NaN,NaN,NaN,NaN,NaN,NaN
1325572440,NaN,NaN,NaN,NaN,NaN,NaN,NaN
1325572500,NaN,NaN,NaN,NaN,NaN,NaN,NaN
1325572560,NaN,NaN,NaN,NaN,NaN,NaN,NaN
1325572620,NaN,NaN,NaN,NaN,NaN,NaN,NaN
1325572680,NaN,NaN,NaN,NaN,NaN,NaN,NaN
1325572740,NaN,NaN,NaN,NaN,NaN,NaN,NaN
1325572800,NaN,NaN,NaN,NaN,NaN,NaN,NaN
1325572860,NaN,NaN,NaN,NaN,NaN,NaN,NaN
1325572920,NaN,NaN,NaN,NaN,NaN,NaN,NaN
1325572980,NaN,NaN,NaN,NaN,NaN,NaN,NaN
1325573040,NaN,NaN,NaN,NaN,NaN,NaN,NaN
1325573100,NaN,NaN,NaN,NaN,NaN,NaN,NaN
1325573160,NaN,NaN,NaN,NaN,NaN,NaN,NaN
1325573220,NaN,NaN,NaN,NaN,NaN,NaN,NaN
1325573280,NaN,NaN,NaN,NaN,NaN,NaN,NaN
1325573340,NaN,NaN,NaN,NaN,NaN,NaN,NaN
1325573400,NaN,NaN,NaN,NaN,NaN,NaN,NaN
1325573460,NaN,NaN,NaN,NaN,NaN,NaN,NaN
1325573520,NaN,NaN,NaN,NaN,NaN,NaN,NaN
1325573580,NaN,NaN,NaN,NaN,NaN,NaN,NaN
1325573640,NaN,NaN,NaN,NaN,NaN,NaN,NaN
1325573700,NaN,NaN,NaN,NaN,NaN,NaN,NaN
1325573760,NaN,NaN,NaN,NaN,NaN,NaN,NaN
1325573820,NaN,NaN,NaN,NaN,NaN,NaN,NaN
1325573880,NaN,NaN,NaN,NaN,NaN,NaN,NaN
1325573940,NaN,NaN,NaN,NaN,NaN,NaN,NaN
1325574000,NaN,NaN,NaN,NaN,NaN,NaN,NaN
1325574060,NaN,NaN,NaN,NaN,NaN,NaN,NaN
1325574120,NaN,NaN,NaN,NaN,NaN,NaN,NaN
1325574180,NaN,NaN,NaN,NaN,NaN,NaN,NaN
1325574240,NaN,NaN,NaN,NaN,NaN,NaN,NaN
1325574300,NaN,NaN,NaN,NaN,NaN,NaN,NaN
1325574360,NaN,NaN,NaN,NaN,NaN,NaN,NaN
1325574420,NaN,NaN,NaN,NaN,NaN,NaN,NaN
1325574480,NaN,NaN,NaN,NaN,NaN,NaN,NaN
1325574540,NaN,NaN,NaN,NaN,NaN,NaN,NaN
1325574600,NaN,NaN,NaN,NaN,NaN,NaN,NaN
1325574660,NaN,NaN,NaN,NaN,NaN,NaN,NaN
1325574720,NaN,NaN,NaN,NaN,NaN,NaN,NaN
1325574780,NaN,NaN,NaN,NaN,NaN,NaN,NaN
1325574840,NaN,NaN,NaN,NaN,NaN,NaN,NaN
1325574900,NaN,NaN,NaN,NaN,NaN,NaN,NaN
1325574960,NaN,NaN,NaN,NaN,NaN,NaN,NaN
1325575020,NaN,NaN,NaN,NaN,NaN,NaN,NaN
1325575080,NaN,NaN,NaN,NaN,NaN,NaN,NaN
1325575140,NaN,NaN,NaN,NaN,NaN,NaN,NaN
1325575200,NaN,NaN,NaN,NaN,NaN,NaN,NaN
1325575260,NaN,NaN,NaN,NaN,NaN,NaN,NaN
1325575320,NaN,NaN,NaN,NaN,NaN,NaN,NaN
1325575380,NaN,NaN,NaN,NaN,NaN,NaN,NaN
1325575440,NaN,NaN,NaN,NaN,NaN,NaN,NaN
1325575500,NaN,NaN,NaN,NaN,NaN,NaN,NaN
1325575560,NaN,NaN,NaN,NaN,NaN,NaN,NaN
1325575620,NaN,NaN,NaN,NaN,NaN,NaN,NaN
1325575680,NaN,NaN,NaN,NaN,NaN,NaN,NaN
1325575740,NaN,NaN,NaN,NaN,NaN,NaN,NaN
1325575800,NaN,NaN,NaN,NaN,NaN,NaN,NaN
1325575860,NaN,NaN,NaN,NaN,NaN,NaN,NaN
1325575920,NaN,NaN,NaN,NaN,NaN,NaN,NaN
1325575980,NaN,NaN,NaN,NaN,NaN,NaN,NaN
1325576040,NaN,NaN,NaN,NaN,NaN,NaN,NaN
1325576100,NaN,NaN,NaN,NaN,NaN,NaN,NaN
1325576160,NaN,NaN,NaN,NaN,NaN,NaN,NaN
1325576220,NaN,NaN,NaN,NaN,NaN,NaN,NaN
1325576280,NaN,NaN,NaN,NaN,NaN,NaN,NaN
1325576340,NaN,NaN,NaN,NaN,NaN,NaN,NaN
1325576400,NaN,NaN,NaN,NaN,NaN,NaN,NaN
1325576460,NaN,NaN,NaN,NaN,NaN,NaN,NaN
1325576520,NaN,NaN,NaN,NaN,NaN,NaN,NaN
1325576580,NaN,NaN,NaN,NaN,NaN,NaN,NaN
1325576640,NaN,NaN,NaN,NaN,NaN,NaN,NaN
1325576700,NaN,NaN,NaN,NaN,NaN,NaN,NaN
1325576760,NaN,NaN,NaN,NaN,NaN,NaN,NaN
1325576820,NaN,NaN,NaN,NaN,NaN,NaN,NaN
1325576880,NaN,NaN,NaN,NaN,NaN,NaN,NaN
1325576940,NaN,NaN,NaN,NaN,NaN,NaN,NaN
1325577000,NaN,NaN,NaN,NaN,NaN,NaN,NaN
1325577060,NaN,NaN,NaN,NaN,NaN,NaN,NaN
1325577120,NaN,NaN,NaN,NaN,NaN,NaN,NaN
1325577180,NaN,NaN,NaN,NaN,NaN,NaN,NaN
1325577240,NaN,NaN,NaN,NaN,NaN,NaN,NaN
1325577300,NaN,NaN,NaN,NaN,NaN,NaN,NaN
1325577360,NaN,NaN,NaN,NaN,NaN,NaN,NaN
1325577420,NaN,NaN,NaN,NaN,NaN,NaN,NaN
1325577480,NaN,NaN,NaN,NaN,NaN,NaN,NaN
1325577540,NaN,NaN,NaN,NaN,NaN,NaN,NaN
1325577600,NaN,NaN,NaN,NaN,NaN,NaN,NaN
1325577660,NaN,NaN,NaN,NaN,NaN,NaN,NaN
1325577720,NaN,NaN,NaN,NaN,NaN,NaN,NaN
1325577780,NaN,NaN,NaN,NaN,NaN,NaN,NaN
1325577840,NaN,NaN,NaN,NaN,NaN,NaN,NaN
1325577900,NaN,NaN,NaN,NaN,NaN,NaN,NaN
1325577960,NaN,NaN,NaN,NaN,NaN,NaN,NaN
1325578020,NaN,NaN,NaN,NaN,NaN,NaN,NaN
1325578080,NaN,NaN,NaN,NaN,NaN,NaN,NaN
1325578140,NaN,NaN,NaN,NaN,NaN,NaN,NaN
1325578200,NaN,NaN,NaN,NaN,NaN,NaN,NaN
1325578260,NaN,NaN,NaN,NaN,NaN,NaN,NaN
1325578320,NaN,NaN,NaN,NaN,NaN,NaN,NaN
1325578380,NaN,NaN,NaN,NaN,NaN,NaN,NaN
1325578440,NaN,NaN,NaN,NaN,NaN,NaN,NaN
1325578500,NaN,NaN,NaN,NaN,NaN,NaN,NaN
1325578560,NaN,NaN,NaN,NaN,NaN,NaN,NaN
1325578620,NaN,NaN,NaN,NaN,NaN,NaN,NaN
1325578680,NaN,NaN,NaN,NaN,NaN,NaN,NaN
1325578740,NaN,NaN,NaN,NaN,NaN,NaN,NaN
1325578800,NaN,NaN,NaN,NaN,NaN,NaN,NaN
1325578860,NaN,NaN,NaN,NaN,NaN,NaN,NaN
1325578920,NaN,NaN,NaN,NaN,NaN,NaN,NaN
1325578980,NaN,NaN,NaN,NaN,NaN,NaN,NaN
1325579040,NaN,NaN,NaN,NaN,NaN,NaN,NaN
1325579100,NaN,NaN,NaN,NaN,NaN,NaN,NaN
1325579160,NaN,NaN,NaN,NaN,NaN,NaN,NaN
1325579220,NaN,NaN,NaN,NaN,NaN,NaN,NaN
1325579280,NaN,NaN,NaN,NaN,NaN,NaN,NaN
1325579340,NaN,NaN,NaN,NaN,NaN,NaN,NaN
1325579400,NaN,NaN,NaN,NaN,NaN,NaN,NaN
1325579460,NaN,NaN,NaN,NaN,NaN,NaN,NaN
1325579520,NaN,NaN,NaN,NaN,NaN,NaN,NaN
1325579580,NaN,NaN,NaN,NaN,NaN,NaN,NaN
1325579640,NaN,NaN,NaN,NaN,NaN,NaN,NaN
1325579700,NaN,NaN,NaN,NaN,NaN,NaN,NaN
1325579760,NaN,NaN,NaN,NaN,NaN,NaN,NaN
1325579820,NaN,NaN,NaN,NaN,NaN,NaN,NaN
1325579880,NaN,NaN,NaN,NaN,NaN,NaN,NaN
1325579940,NaN,NaN,NaN,NaN,NaN,NaN,NaN
1325580000,NaN,NaN,NaN,NaN,NaN,NaN,NaN
1325580060,NaN,NaN,NaN,NaN,NaN,NaN,NaN
1325580120,NaN,NaN,NaN,NaN,NaN,NaN,NaN
1325580180,NaN,NaN,NaN,NaN,NaN,NaN,NaN
1325580240,NaN,NaN,NaN,NaN,NaN,NaN,NaN
1325580300,NaN,NaN,NaN,NaN,NaN,NaN,NaN
1325580360,NaN,NaN,NaN,NaN,NaN,NaN,NaN
1325580420,NaN,NaN,NaN,NaN,NaN,NaN,NaN
1325580480,NaN,NaN,NaN,NaN,NaN,NaN,NaN
1325580540,NaN,NaN,NaN,NaN,NaN,NaN,NaN
1325580600,NaN,NaN,NaN,NaN,NaN,NaN,NaN
1325580660,NaN,NaN,NaN,NaN,NaN,NaN,NaN
1325580720,NaN,NaN,NaN,NaN,NaN,NaN,NaN
1325580780,NaN,NaN,NaN,NaN,NaN,NaN,NaN
1325580840,NaN,NaN,NaN,NaN,NaN,NaN,NaN
1325580900,NaN,NaN,NaN,NaN,NaN,NaN,NaN
1325580960,NaN,NaN,NaN,NaN,NaN,NaN,NaN
1325581020,NaN,NaN,NaN,NaN,NaN,NaN,NaN
1325581080,NaN,NaN,NaN,NaN,NaN,NaN,NaN
1325581140,NaN,NaN,NaN,NaN,NaN,NaN,NaN
1325581200,NaN,NaN,NaN,NaN,NaN,NaN,NaN
1325581260,NaN,NaN,NaN,NaN,NaN,NaN,NaN
1325581320,NaN,NaN,NaN,NaN,NaN,NaN,NaN
1325581380,NaN,NaN,NaN,NaN,NaN,NaN,NaN
1325581440,NaN,NaN,NaN,NaN,NaN,NaN,NaN
1325581500,NaN,NaN,NaN,NaN,NaN,NaN,NaN
1325581560,NaN,NaN,NaN,NaN,NaN,NaN,NaN
1325581620,NaN,NaN,NaN,NaN,NaN,NaN,NaN
1325581680,NaN,NaN,NaN,NaN,NaN,NaN,NaN
1325581740,NaN,NaN,NaN,NaN,NaN,NaN,NaN
1325581800,NaN,NaN,NaN,NaN,NaN,NaN,NaN
1325581860,NaN,NaN,NaN,NaN,NaN,NaN,NaN
1325581920,NaN,NaN,NaN,NaN,NaN,NaN,NaN
1325581980,NaN,NaN,NaN,NaN,NaN,NaN,NaN
1325582040,NaN,NaN,NaN,NaN,NaN,NaN,NaN
1325582100,NaN,NaN,NaN,NaN,NaN,NaN,NaN
1325582160,NaN,NaN,NaN,NaN,NaN,NaN,NaN
1325582220,NaN,NaN,NaN,NaN,NaN,NaN,NaN
1325582280,NaN,NaN,NaN,NaN,NaN,NaN,NaN
1325582340,NaN,NaN,NaN,NaN,NaN,NaN,NaN
1325582400,NaN,NaN,NaN,NaN,NaN,NaN,NaN
1325582460,NaN,NaN,NaN,NaN,NaN,NaN,NaN
1325582520,NaN,NaN,NaN,NaN,NaN,NaN,NaN
1325582580,NaN,NaN,NaN,NaN,NaN,NaN,NaN
1325582640,NaN,NaN,NaN,NaN,NaN,NaN,NaN
1325582700,NaN,NaN,NaN,NaN,NaN,NaN,NaN
1325582760,NaN,NaN,NaN,NaN,NaN,NaN,NaN
1325582820,NaN,NaN,NaN,NaN,NaN,NaN,NaN
1325582880,NaN,NaN,NaN,NaN,NaN,NaN,NaN
1325582940,NaN,NaN,NaN,NaN,NaN,NaN,NaN
1325583000,NaN,NaN,NaN,NaN,NaN,NaN,NaN
1325583060,NaN,NaN,NaN,NaN,NaN,NaN,NaN
1325583120,NaN,NaN,NaN,NaN,NaN,NaN,NaN
1325583180,NaN,NaN,NaN,NaN,NaN,NaN,NaN
1325583240,NaN,NaN,NaN,NaN,NaN,NaN,NaN
1325583300,NaN,NaN,NaN,NaN,NaN,NaN,NaN
1325583360,NaN,NaN,NaN,NaN,NaN,NaN,NaN
1325583420,NaN,NaN,NaN,NaN,NaN,NaN,NaN
1325583480,NaN,NaN,NaN,NaN,NaN,NaN,NaN
1325583540,NaN,NaN,NaN,NaN,NaN,NaN,NaN
1325583600,NaN,NaN,NaN,NaN,NaN,NaN,NaN
1325583660,NaN,NaN,NaN,NaN,NaN,NaN,NaN
1325583720,NaN,NaN,NaN,NaN,NaN,NaN,NaN
1325583780,NaN,NaN,NaN,NaN,NaN,NaN,NaN
1325583840,NaN,NaN,NaN,NaN,NaN,NaN,NaN
1325583900,NaN,NaN,NaN,NaN,NaN,NaN,NaN
1325583960,NaN,NaN,NaN,NaN,NaN,NaN,NaN
1325584020,NaN,NaN,NaN,NaN,NaN,NaN,NaN
1325584080,NaN,NaN,NaN,NaN,NaN,NaN,NaN
1325584140,NaN,NaN,NaN,NaN,NaN,NaN,NaN
1325584200,NaN,NaN,NaN,NaN,NaN,NaN,NaN
1325584260,NaN,NaN,NaN,NaN,NaN,NaN,NaN
1325584320,NaN,NaN,NaN,NaN,NaN,NaN,NaN
1325584380,NaN,NaN,NaN,NaN,NaN,NaN,NaN
1325584440,NaN,NaN,NaN,NaN,NaN,NaN,NaN
1325584500,NaN,NaN,NaN,NaN,NaN,NaN,NaN
1325584560,NaN,NaN,NaN,NaN,NaN,NaN,NaN
1325584620,NaN,NaN,NaN,NaN,NaN,NaN,NaN
1325584680,NaN,NaN,NaN,NaN,NaN,NaN,NaN
1325584740,NaN,NaN,NaN,NaN,NaN,NaN,NaN
1325584800,NaN,NaN,NaN,NaN,NaN,NaN,NaN
1325584860,NaN,NaN,NaN,NaN,NaN,NaN,NaN
1325584920,NaN,NaN,NaN,NaN,NaN,NaN,NaN
1325584980,NaN,NaN,NaN,NaN,NaN,NaN,NaN
1325585040,NaN,NaN,NaN,NaN,NaN,NaN,NaN
1325585100,NaN,NaN,NaN,NaN,NaN,NaN,NaN
1325585160,NaN,NaN,NaN,NaN,NaN,NaN,NaN
1325585220,NaN,NaN,NaN,NaN,NaN,NaN,NaN
1325585280,NaN,NaN,NaN,NaN,NaN,NaN,NaN
1325585340,NaN,NaN,NaN,NaN,NaN,NaN,NaN
1325585400,NaN,NaN,NaN,NaN,NaN,NaN,NaN
1325585460,NaN,NaN,NaN,NaN,NaN,NaN,NaN
1325585520,NaN,NaN,NaN,NaN,NaN,NaN,NaN
1325585580,NaN,NaN,NaN,NaN,NaN,NaN,NaN
1325585640,NaN,NaN,NaN,NaN,NaN,NaN,NaN
1325585700,NaN,NaN,NaN,NaN,NaN,NaN,NaN
1325585760,NaN,NaN,NaN,NaN,NaN,NaN,NaN
1325585820,NaN,NaN,NaN,NaN,NaN,NaN,NaN
1325585880,NaN,NaN,NaN,NaN,NaN,NaN,NaN
1325585940,NaN,NaN,NaN,NaN,NaN,NaN,NaN
1325586000,NaN,NaN,NaN,NaN,NaN,NaN,NaN
1325586060,NaN,NaN,NaN,NaN,NaN,NaN,NaN
1325586120,NaN,NaN,NaN,NaN,NaN,NaN,NaN
1325586180,NaN,NaN,NaN,NaN,NaN,NaN,NaN
1325586240,NaN,NaN,NaN,NaN,NaN,NaN,NaN
1325586300,NaN,NaN,NaN,NaN,NaN,NaN,NaN
1325586360,NaN,NaN,NaN,NaN,NaN,NaN,NaN
1325586420,NaN,NaN,NaN,NaN,NaN,NaN,NaN
1325586480,NaN,NaN,NaN,NaN,NaN,NaN,NaN
1325586540,NaN,NaN,NaN,NaN,NaN,NaN,NaN
1325586600,NaN,NaN,NaN,NaN,NaN,NaN,NaN
1325586660,NaN,NaN,NaN,NaN,NaN,NaN,NaN
1325586720,NaN,NaN,NaN,NaN,NaN,NaN,NaN
1325586780,NaN,NaN,NaN,NaN,NaN,NaN,NaN
1325586840,NaN,NaN,NaN,NaN,NaN,NaN,NaN
1325586900,NaN,NaN,NaN,NaN,NaN,NaN,NaN
1325586960,NaN,NaN,NaN,NaN,NaN,NaN,NaN
1325587020,NaN,NaN,NaN,NaN,NaN,NaN,NaN
1325587080,NaN,NaN,NaN,NaN,NaN,NaN,NaN
1325587140,NaN,NaN,NaN,NaN,NaN,NaN,NaN
1325587200,NaN,NaN,NaN,NaN,NaN,NaN,NaN
1325587260,NaN,NaN,NaN,NaN,NaN,NaN,NaN
1325587320,NaN,NaN,NaN,NaN,NaN,NaN,NaN
1325587380,NaN,NaN,NaN,NaN,NaN,NaN,NaN
1325587440,NaN,NaN,NaN,NaN,NaN,NaN,NaN
1325587500,NaN,NaN,NaN,NaN,NaN,NaN,NaN
1325587560,NaN,NaN,NaN,NaN,NaN,NaN,NaN
1325587620,NaN,NaN,NaN,NaN,NaN,NaN,NaN
1325587680,NaN,NaN,NaN,NaN,NaN,NaN,NaN
1325587740,NaN,NaN,NaN,NaN,NaN,NaN,NaN
1325587800,NaN,NaN,NaN,NaN,NaN,NaN,NaN
1325587860,NaN,NaN,NaN,NaN,NaN,NaN,NaN
1325587920,NaN,NaN,NaN,NaN,NaN,NaN,NaN
1325587980,NaN,NaN,NaN,NaN,NaN,NaN,NaN
1325588040,NaN,NaN,NaN,NaN,NaN,NaN,NaN
1325588100,NaN,NaN,NaN,NaN,NaN,NaN,NaN
1325588160,NaN,NaN,NaN,NaN,NaN,NaN,NaN
1325588220,NaN,NaN,NaN,NaN,NaN,NaN,NaN
1325588280,NaN,NaN,NaN,NaN,NaN,NaN,NaN
1325588340,NaN,NaN,NaN,NaN,NaN,NaN,NaN
1325588400,NaN,NaN,NaN,NaN,NaN,NaN,NaN
1325588460,NaN,NaN,NaN,NaN,NaN,NaN,NaN
1325588520,NaN,NaN,NaN,NaN,NaN,NaN,NaN
1325588580,NaN,NaN,NaN,NaN,NaN,NaN,NaN
1325588640,NaN,NaN,NaN,NaN,NaN,NaN,NaN
1325588700,NaN,NaN,NaN,NaN,NaN,NaN,NaN
1325588760,NaN,NaN,NaN,NaN,NaN,NaN,NaN
1325588820,NaN,NaN,NaN,NaN,NaN,NaN,NaN
1325588880,NaN,NaN,NaN,NaN,NaN,NaN,NaN
1325588940,NaN,NaN,NaN,NaN,NaN,NaN,NaN
1325589000,NaN,NaN,NaN,NaN,NaN,NaN,NaN
1325589060,NaN,NaN,NaN,NaN,NaN,NaN,NaN
1325589120,NaN,NaN,NaN,NaN,NaN,NaN,NaN
1325589180,NaN,NaN,NaN,NaN,NaN,NaN,NaN
1325589240,NaN,NaN,NaN,NaN,NaN,NaN,NaN
1325589300,NaN,NaN,NaN,NaN,NaN,NaN,NaN
1325589360,NaN,NaN,NaN,NaN,NaN,NaN,NaN
1325589420,NaN,NaN,NaN,NaN,NaN,NaN,NaN
1325589480,NaN,NaN,NaN,NaN,NaN,NaN,NaN
1325589540,NaN,NaN,NaN,NaN,NaN,NaN,NaN
1325589600,NaN,NaN,NaN,NaN,NaN,NaN,NaN
1325589660,NaN,NaN,NaN,NaN,NaN,NaN,NaN
1325589720,NaN,NaN,NaN,NaN,NaN,NaN,NaN
1325589780,NaN,NaN,NaN,NaN,NaN,NaN,NaN
1325589840,NaN,NaN,NaN,NaN,NaN,NaN,NaN
1325589900,NaN,NaN,NaN,NaN,NaN,NaN,NaN
1325589960,NaN,NaN,NaN,NaN,NaN,NaN,NaN
1325590020,NaN,NaN,NaN,NaN,NaN,NaN,NaN
1325590080,NaN,NaN,NaN,NaN,NaN,NaN,NaN
1325590140,NaN,NaN,NaN,NaN,NaN,NaN,NaN
1325590200,NaN,NaN,NaN,NaN,NaN,NaN,NaN
1325590260,NaN,NaN,NaN,NaN,NaN,NaN,NaN
1325590320,NaN,NaN,NaN,NaN,NaN,NaN,NaN
1325590380,NaN,NaN,NaN,NaN,NaN,NaN,NaN
1325590440,NaN,NaN,NaN,NaN,NaN,NaN,NaN
1325590500,NaN,NaN,NaN,NaN,NaN,NaN,NaN
1325590560,NaN,NaN,NaN,NaN,NaN,NaN,NaN
1325590620,NaN,NaN,NaN,NaN,NaN,NaN,NaN
1325590680,NaN,NaN,NaN,NaN,NaN,NaN,NaN
1325590740,NaN,NaN,NaN,NaN,NaN,NaN,NaN
1325590800,NaN,NaN,NaN,NaN,NaN,NaN,NaN
1325590860,NaN,NaN,NaN,NaN,NaN,NaN,NaN
1325590920,NaN,NaN,NaN,NaN,NaN,NaN,NaN
1325590980,NaN,NaN,NaN,NaN,NaN,NaN,NaN
1325591040,NaN,NaN,NaN,NaN,NaN,NaN,NaN
1325591100,5.32,5.32,5.32,5.32,2.41917293,12.869999988,5.32
1325591160,NaN,NaN,NaN,NaN,NaN,NaN,NaN
1325591220,NaN,NaN,NaN,NaN,NaN,NaN,NaN
1325591280,NaN,NaN,NaN,NaN,NaN,NaN,NaN
1325591340,NaN,NaN,NaN,NaN,NaN,NaN,NaN
1325591400,NaN,NaN,NaN,NaN,NaN,NaN,NaN
1325591460,NaN,NaN,NaN,NaN,NaN,NaN,NaN
1325591520,NaN,NaN,NaN,NaN,NaN,NaN,NaN
1325591580,NaN,NaN,NaN,NaN,NaN,NaN,NaN
1325591640,NaN,NaN,NaN,NaN,NaN,NaN,NaN
1325591700,NaN,NaN,NaN,NaN,NaN,NaN,NaN
1325591760,NaN,NaN,NaN,NaN,NaN,NaN,NaN
1325591820,NaN,NaN,NaN,NaN,NaN,NaN,NaN
1325591880,NaN,NaN,NaN,NaN,NaN,NaN,NaN
1325591940,NaN,NaN,NaN,NaN,NaN,NaN,NaN
1325592000,NaN,NaN,NaN,NaN,NaN,NaN,NaN
1325592060,NaN,NaN,NaN,NaN,NaN,NaN,NaN
1325592120,NaN,NaN,NaN,NaN,NaN,NaN,NaN
1325592180,NaN,NaN,NaN,NaN,NaN,NaN,NaN
1325592240,NaN,NaN,NaN,NaN,NaN,NaN,NaN
1325592300,NaN,NaN,NaN,NaN,NaN,NaN,NaN
1325592360,NaN,NaN,NaN,NaN,NaN,NaN,NaN
1325592420,NaN,NaN,NaN,NaN,NaN,NaN,NaN
1325592480,NaN,NaN,NaN,NaN,NaN,NaN,NaN
1325592540,NaN,NaN,NaN,NaN,NaN,NaN,NaN
1325592600,NaN,NaN,NaN,NaN,NaN,NaN,NaN
1325592660,NaN,NaN,NaN,NaN,NaN,NaN,NaN
1325592720,NaN,NaN,NaN,NaN,NaN,NaN,NaN
1325592780,NaN,NaN,NaN,NaN,NaN,NaN,NaN
1325592840,NaN,NaN,NaN,NaN,NaN,NaN,NaN
1325592900,NaN,NaN,NaN,NaN,NaN,NaN,NaN
1325592960,NaN,NaN,NaN,NaN,NaN,NaN,NaN
1325593020,NaN,NaN,NaN,NaN,NaN,NaN,NaN
1325593080,NaN,NaN,NaN,NaN,NaN,NaN,NaN
1325593140,NaN,NaN,NaN,NaN,NaN,NaN,NaN
1325593200,NaN,NaN,NaN,NaN,NaN,NaN,NaN
1325593260,NaN,NaN,NaN,NaN,NaN,NaN,NaN
1325593320,NaN,NaN,NaN,NaN,NaN,NaN,NaN
1325593380,NaN,NaN,NaN,NaN,NaN,NaN,NaN
1325593440,NaN,NaN,NaN,NaN,NaN,NaN,NaN
1325593500,NaN,NaN,NaN,NaN,NaN,NaN,NaN
1325593560,NaN,NaN,NaN,NaN,NaN,NaN,NaN
1325593620,NaN,NaN,NaN,NaN,NaN,NaN,NaN
1325593680,NaN,NaN,NaN,NaN,NaN,NaN,NaN
1325593740,NaN,NaN,NaN,NaN,NaN,NaN,NaN
1325593800,NaN,NaN,NaN,NaN,NaN,NaN,NaN
1325593860,NaN,NaN,NaN,NaN,NaN,NaN,NaN
1325593920,NaN,NaN,NaN,NaN,NaN,NaN,NaN
1325593980,NaN,NaN,NaN,NaN,NaN,NaN,NaN
1325594040,NaN,NaN,NaN,NaN,NaN,NaN,NaN
1325594100,NaN,NaN,NaN,NaN,NaN,NaN,NaN
1325594160,NaN,NaN,NaN,NaN,NaN,NaN,NaN
1325594220,NaN,NaN,NaN,NaN,NaN,NaN,NaN
1325594280,NaN,NaN,NaN,NaN,NaN,NaN,NaN
1325594340,NaN,NaN,NaN,NaN,NaN,NaN,NaN
1325594400,NaN,NaN,NaN,NaN,NaN,NaN,NaN
1325594460,NaN,NaN,NaN,NaN,NaN,NaN,NaN
1325594520,NaN,NaN,NaN,NaN,NaN,NaN,NaN
1325594580,NaN,NaN,NaN,NaN,NaN,NaN,NaN
1325594640,NaN,NaN,NaN,NaN,NaN,NaN,NaN
1325594700,NaN,NaN,NaN,NaN,NaN,NaN,NaN
1325594760,NaN,NaN,NaN,NaN,NaN,NaN,NaN
1325594820,NaN,NaN,NaN,NaN,NaN,NaN,NaN
1325594880,NaN,NaN,NaN,NaN,NaN,NaN,NaN
1325594940,NaN,NaN,NaN,NaN,NaN,NaN,NaN
1325595000,NaN,NaN,NaN,NaN,NaN,NaN,NaN
1325595060,NaN,NaN,NaN,NaN,NaN,NaN,NaN
1325595120,NaN,NaN,NaN,NaN,NaN,NaN,NaN
1325595180,NaN,NaN,NaN,NaN,NaN,NaN,NaN
1325595240,NaN,NaN,NaN,NaN,NaN,NaN,NaN
1325595300,NaN,NaN,NaN,NaN,NaN,NaN,NaN
1325595360,NaN,NaN,NaN,NaN,NaN,NaN,NaN
1325595420,NaN,NaN,NaN,NaN,NaN,NaN,NaN
1325595480,NaN,NaN,NaN,NaN,NaN,NaN,NaN
1325595540,NaN,NaN,NaN,NaN,NaN,NaN,NaN
1325595600,NaN,NaN,NaN,NaN,NaN,NaN,NaN
1325595660,NaN,NaN,NaN,NaN,NaN,NaN,NaN
1325595720,NaN,NaN,NaN,NaN,NaN,NaN,NaN
1325595780,NaN,NaN,NaN,NaN,NaN,NaN,NaN
1325595840,NaN,NaN,NaN,NaN,NaN,NaN,NaN
1325595900,NaN,NaN,NaN,NaN,NaN,NaN,NaN
1325595960,NaN,NaN,NaN,NaN,NaN,NaN,NaN
1325596020,NaN,NaN,NaN,NaN,NaN,NaN,NaN
1325596080,NaN,NaN,NaN,NaN,NaN,NaN,NaN
1325596140,NaN,NaN,NaN,NaN,NaN,NaN,NaN
1325596200,NaN,NaN,NaN,NaN,NaN,NaN,NaN
1325596260,NaN,NaN,NaN,NaN,NaN,NaN,NaN
1325596320,NaN,NaN,NaN,NaN,NaN,NaN,NaN
1325596380,NaN,NaN,NaN,NaN,NaN,NaN,NaN
1325596440,NaN,NaN,NaN,NaN,NaN,NaN,NaN
1325596500,NaN,NaN,NaN,NaN,NaN,NaN,NaN
1325596560,NaN,NaN,NaN,NaN,NaN,NaN,NaN
1325596620,NaN,NaN,NaN,NaN,NaN,NaN,NaN
1325596680,NaN,NaN,NaN,NaN,NaN,NaN,NaN
1325596740,NaN,NaN,NaN,NaN,NaN,NaN,NaN
1325596800,NaN,NaN,NaN,NaN,NaN,NaN,NaN
1325596860,NaN,NaN,NaN,NaN,NaN,NaN,NaN
1325596920,NaN,NaN,NaN,NaN,NaN,NaN,NaN
1325596980,NaN,NaN,NaN,NaN,NaN,NaN,NaN
1325597040,NaN,NaN,NaN,NaN,NaN,NaN,NaN
1325597100,NaN,NaN,NaN,NaN,NaN,NaN,NaN
1325597160,NaN,NaN,NaN,NaN,NaN,NaN,NaN
1325597220,NaN,NaN,NaN,NaN,NaN,NaN,NaN
1325597280,NaN,NaN,NaN,NaN,NaN,NaN,NaN
1325597340,NaN,NaN,NaN,NaN,NaN,NaN,NaN
1325597400,NaN,NaN,NaN,NaN,NaN,NaN,NaN
1325597460,NaN,NaN,NaN,NaN,NaN,NaN,NaN
1325597520,NaN,NaN,NaN,NaN,NaN,NaN,NaN
1325597580,NaN,NaN,NaN,NaN,NaN,NaN,NaN
1325597640,NaN,NaN,NaN,NaN,NaN,NaN,NaN
1325597700,NaN,NaN,NaN,NaN,NaN,NaN,NaN
1325597760,NaN,NaN,NaN,NaN,NaN,NaN,NaN
1325597820,NaN,NaN,NaN,NaN,NaN,NaN,NaN
1325597880,NaN,NaN,NaN,NaN,NaN,NaN,NaN
1325597940,NaN,NaN,NaN,NaN,NaN,NaN,NaN
1325598000,NaN,NaN,NaN,NaN,NaN,NaN,NaN
1325598060,NaN,NaN,NaN,NaN,NaN,NaN,NaN
1325598120,NaN,NaN,NaN,NaN,NaN,NaN,NaN
1325598180,NaN,NaN,NaN,NaN,NaN,NaN,NaN
1325598240,NaN,NaN,NaN,NaN,NaN,NaN,NaN
1325598300,NaN,NaN,NaN,NaN,NaN,NaN,NaN
1325598360,NaN,NaN,NaN,NaN,NaN,NaN,NaN
1325598420,NaN,NaN,NaN,NaN,NaN,NaN,NaN
1325598480,NaN,NaN,NaN,NaN,NaN,NaN,NaN
1325598540,NaN,NaN,NaN,NaN,NaN,NaN,NaN
1325598600,NaN,NaN,NaN,NaN,NaN,NaN,NaN
1325598660,NaN,NaN,NaN,NaN,NaN,NaN,NaN
1325598720,NaN,NaN,NaN,NaN,NaN,NaN,NaN
1325598780,NaN,NaN,NaN,NaN,NaN,NaN,NaN
1325598840,NaN,NaN,NaN,NaN,NaN,NaN,NaN
1325598900,NaN,NaN,NaN,NaN,NaN,NaN,NaN
1325598960,NaN,NaN,NaN,NaN,NaN,NaN,NaN
1325599020,NaN,NaN,NaN,NaN,NaN,NaN,NaN
1325599080,NaN,NaN,NaN,NaN,NaN,NaN,NaN
1325599140,NaN,NaN,NaN,NaN,NaN,NaN,NaN
1325599200,NaN,NaN,NaN,NaN,NaN,NaN,NaN
1325599260,NaN,NaN,NaN,NaN,NaN,NaN,NaN
1325599320,NaN,NaN,NaN,NaN,NaN,NaN,NaN
1325599380,NaN,NaN,NaN,NaN,NaN,NaN,NaN
1325599440,NaN,NaN,NaN,NaN,NaN,NaN,NaN
1325599500,NaN,NaN,NaN,NaN,NaN,NaN,NaN
1325599560,NaN,NaN,NaN,NaN,NaN,NaN,NaN
1325599620,NaN,NaN,NaN,NaN,NaN,NaN,NaN
1325599680,NaN,NaN,NaN,NaN,NaN,NaN,NaN
1325599740,NaN,NaN,NaN,NaN,NaN,NaN,NaN
1325599800,NaN,NaN,NaN,NaN,NaN,NaN,NaN
1325599860,NaN,NaN,NaN,NaN,NaN,NaN,NaN
1325599920,NaN,NaN,NaN,NaN,NaN,NaN,NaN
1325599980,NaN,NaN,NaN,NaN,NaN,NaN,NaN
1325600040,NaN,NaN,NaN,NaN,NaN,NaN,NaN
1325600100,NaN,NaN,NaN,NaN,NaN,NaN,NaN
1325600160,NaN,NaN,NaN,NaN,NaN,NaN,NaN
1325600220,NaN,NaN,NaN,NaN,NaN,NaN,NaN
1325600280,NaN,NaN,NaN,NaN,NaN,NaN,NaN
1325600340,NaN,NaN,NaN,NaN,NaN,NaN,NaN
1325600400,NaN,NaN,NaN,NaN,NaN,NaN,NaN
1325600460,NaN,NaN,NaN,NaN,NaN,NaN,NaN
1325600520,5.14,5.14,5.14,5.14,0.68,3.4952,5.14
1325600580,NaN,NaN,NaN,NaN,NaN,NaN,NaN
1325600640,NaN,NaN,NaN,NaN,NaN,NaN,NaN
1325600700,NaN,NaN,NaN,NaN,NaN,NaN,NaN
1325600760,NaN,NaN,NaN,NaN,NaN,NaN,NaN
1325600820,NaN,NaN,NaN,NaN,NaN,NaN,NaN
1325600880,NaN,NaN,NaN,NaN,NaN,NaN,NaN
1325600940,NaN,NaN,NaN,NaN,NaN,NaN,NaN
1325601000,NaN,NaN,NaN,NaN,NaN,NaN,NaN
1325601060,NaN,NaN,NaN,NaN,NaN,NaN,NaN
1325601120,NaN,NaN,NaN,NaN,NaN,NaN,NaN
1325601180,NaN,NaN,NaN,NaN,NaN,NaN,NaN
1325601240,NaN,NaN,NaN,NaN,NaN,NaN,NaN
1325601300,NaN,NaN,NaN,NaN,NaN,NaN,NaN
1325601360,NaN,NaN,NaN,NaN,NaN,NaN,NaN
1325601420,NaN,NaN,NaN,NaN,NaN,NaN,NaN
1325601480,NaN,NaN,NaN,NaN,NaN,NaN,NaN
1325601540,NaN,NaN,NaN,NaN,NaN,NaN,NaN
1325601600,NaN,NaN,NaN,NaN,NaN,NaN,NaN
1325601660,NaN,NaN,NaN,NaN,NaN,NaN,NaN
1325601720,NaN,NaN,NaN,NaN,NaN,NaN,NaN
1325601780,NaN,NaN,NaN,NaN,NaN,NaN,NaN
1325601840,NaN,NaN,NaN,NaN,NaN,NaN,NaN
1325601900,NaN,NaN,NaN,NaN,NaN,NaN,NaN
1325601960,NaN,NaN,NaN,NaN,NaN,NaN,NaN
1325602020,NaN,NaN,NaN,NaN,NaN,NaN,NaN
1325602080,NaN,NaN,NaN,NaN,NaN,NaN,NaN
1325602140,NaN,NaN,NaN,NaN,NaN,NaN,NaN
1325602200,NaN,NaN,NaN,NaN,NaN,NaN,NaN
1325602260,NaN,NaN,NaN,NaN,NaN,NaN,NaN
1325602320,NaN,NaN,NaN,NaN,NaN,NaN,NaN
1325602380,NaN,NaN,NaN,NaN,NaN,NaN,NaN
1325602440,5.26,5.26,5.26,5.26,29.31939163,154.21999997,5.26
1325602500,NaN,NaN,NaN,NaN,NaN,NaN,NaN
1325602560,NaN,NaN,NaN,NaN,NaN,NaN,NaN
1325602620,NaN,NaN,NaN,NaN,NaN,NaN,NaN
1325602680,NaN,NaN,NaN,NaN,NaN,NaN,NaN
1325602740,NaN,NaN,NaN,NaN,NaN,NaN,NaN
1325602800,NaN,NaN,NaN,NaN,NaN,NaN,NaN
1325602860,NaN,NaN,NaN,NaN,NaN,NaN,NaN
1325602920,NaN,NaN,NaN,NaN,NaN,NaN,NaN
1325602980,NaN,NaN,NaN,NaN,NaN,NaN,NaN
1325603040,NaN,NaN,NaN,NaN,NaN,NaN,NaN
1325603100,NaN,NaN,NaN,NaN,NaN,NaN,NaN
1325603160,NaN,NaN,NaN,NaN,NaN,NaN,NaN
1325603220,NaN,NaN,NaN,NaN,NaN,NaN,NaN
1325603280,NaN,NaN,NaN,NaN,NaN,NaN,NaN
1325603340,NaN,NaN,NaN,NaN,NaN,NaN,NaN
1325603400,NaN,NaN,NaN,NaN,NaN,NaN,NaN
1325603460,NaN,NaN,NaN,NaN,NaN,NaN,NaN
1325603520,NaN,NaN,NaN,NaN,NaN,NaN,NaN
1325603580,NaN,NaN,NaN,NaN,NaN,NaN,NaN
1325603640,NaN,NaN,NaN,NaN,NaN,NaN,NaN
1325603700,NaN,NaN,NaN,NaN,NaN,NaN,NaN
1325603760,NaN,NaN,NaN,NaN,NaN,NaN,NaN
1325603820,NaN,NaN,NaN,NaN,NaN,NaN,NaN
1325603880,NaN,NaN,NaN,NaN,NaN,NaN,NaN
1325603940,NaN,NaN,NaN,NaN,NaN,NaN,NaN
1325604000,NaN,NaN,NaN,NaN,NaN,NaN,NaN
1325604060,NaN,NaN,NaN,NaN,NaN,NaN,NaN
1325604120,NaN,NaN,NaN,NaN,NaN,NaN,NaN
1325604180,NaN,NaN,NaN,NaN,NaN,NaN,NaN
1325604240,NaN,NaN,NaN,NaN,NaN,NaN,NaN
1325604300,NaN,NaN,NaN,NaN,NaN,NaN,NaN
1325604360,NaN,NaN,NaN,NaN,NaN,NaN,NaN
1325604420,NaN,NaN,NaN,NaN,NaN,NaN,NaN
1325604480,NaN,NaN,NaN,NaN,NaN,NaN,NaN
1325604540,NaN,NaN,NaN,NaN,NaN,NaN,NaN
1325604600,NaN,NaN,NaN,NaN,NaN,NaN,NaN
1325604660,NaN,NaN,NaN,NaN,NaN,NaN,NaN
1325604720,5.29,5.29,5.29,5.29,29.30245747,155.01000002,5.29
1325604780,NaN,NaN,NaN,NaN,NaN,NaN,NaN
1325604840,NaN,NaN,NaN,NaN,NaN,NaN,NaN
1325604900,NaN,NaN,NaN,NaN,NaN,NaN,NaN
1325604960,NaN,NaN,NaN,NaN,NaN,NaN,NaN
1325605020,NaN,NaN,NaN,NaN,NaN,NaN,NaN
1325605080,NaN,NaN,NaN,NaN,NaN,NaN,NaN
1325605140,NaN,NaN,NaN,NaN,NaN,NaN,NaN
1325605200,NaN,NaN,NaN,NaN,NaN,NaN,NaN
1325605260,NaN,NaN,NaN,NaN,NaN,NaN,NaN
1325605320,NaN,NaN,NaN,NaN,NaN,NaN,NaN
1325605380,NaN,NaN,NaN,NaN,NaN,NaN,NaN
1325605440,NaN,NaN,NaN,NaN,NaN,NaN,NaN
1325605500,NaN,NaN,NaN,NaN,NaN,NaN,NaN
1325605560,NaN,NaN,NaN,NaN,NaN,NaN,NaN
1325605620,NaN,NaN,NaN,NaN,NaN,NaN,NaN
1325605680,NaN,NaN,NaN,NaN,NaN,NaN,NaN
1325605740,NaN,NaN,NaN,NaN,NaN,NaN,NaN
1325605800,NaN,NaN,NaN,NaN,NaN,NaN,NaN
1325605860,NaN,NaN,NaN,NaN,NaN,NaN,NaN
1325605920,NaN,NaN,NaN,NaN,NaN,NaN,NaN
1325605980,NaN,NaN,NaN,NaN,NaN,NaN,NaN
1325606040,NaN,NaN,NaN,NaN,NaN,NaN,NaN
1325606100,NaN,NaN,NaN,NaN,NaN,NaN,NaN
1325606160,NaN,NaN,NaN,NaN,NaN,NaN,NaN
1325606220,NaN,NaN,NaN,NaN,NaN,NaN,NaN
1325606280,NaN,NaN,NaN,NaN,NaN,NaN,NaN
1325606340,NaN,NaN,NaN,NaN,NaN,NaN,NaN
1325606400,NaN,NaN,NaN,NaN,NaN,NaN,NaN
1325606460,NaN,NaN,NaN,NaN,NaN,NaN,NaN
1325606520,NaN,NaN,NaN,NaN,NaN,NaN,NaN
1325606580,NaN,NaN,NaN,NaN,NaN,NaN,NaN
1325606640,NaN,NaN,NaN,NaN,NaN,NaN,NaN
1325606700,NaN,NaN,NaN,NaN,NaN,NaN,NaN
1325606760,NaN,NaN,NaN,NaN,NaN,NaN,NaN
1325606820,NaN,NaN,NaN,NaN,NaN,NaN,NaN
1325606880,NaN,NaN,NaN,NaN,NaN,NaN,NaN
1325606940,NaN,NaN,NaN,NaN,NaN,NaN,NaN
1325607000,NaN,NaN,NaN,NaN,NaN,NaN,NaN
1325607060,NaN,NaN,NaN,NaN,NaN,NaN,NaN
1325607120,NaN,NaN,NaN,NaN,NaN,NaN,NaN
1325607180,NaN,NaN,NaN,NaN,NaN,NaN,NaN
1325607240,NaN,NaN,NaN,NaN,NaN,NaN,NaN
1325607300,NaN,NaN,NaN,NaN,NaN,NaN,NaN
1325607360,NaN,NaN,NaN,NaN,NaN,NaN,NaN
1325607420,NaN,NaN,NaN,NaN,NaN,NaN,NaN
1325607480,NaN,NaN,NaN,NaN,NaN,NaN,NaN
1325607540,NaN,NaN,NaN,NaN,NaN,NaN,NaN
1325607600,NaN,NaN,NaN,NaN,NaN,NaN,NaN
1325607660,NaN,NaN,NaN,NaN,NaN,NaN,NaN
1325607720,NaN,NaN,NaN,NaN,NaN,NaN,NaN
1325607780,NaN,NaN,NaN,NaN,NaN,NaN,NaN
1325607840,NaN,NaN,NaN,NaN,NaN,NaN,NaN
1325607900,NaN,NaN,NaN,NaN,NaN,NaN,NaN
1325607960,NaN,NaN,NaN,NaN,NaN,NaN,NaN
1325608020,NaN,NaN,NaN,NaN,NaN,NaN,NaN
1325608080,NaN,NaN,NaN,NaN,NaN,NaN,NaN
1325608140,NaN,NaN,NaN,NaN,NaN,NaN,NaN
1325608200,NaN,NaN,NaN,NaN,NaN,NaN,NaN
1325608260,NaN,NaN,NaN,NaN,NaN,NaN,NaN
1325608320,NaN,NaN,NaN,NaN,NaN,NaN,NaN
1325608380,NaN,NaN,NaN,NaN,NaN,NaN,NaN
1325608440,NaN,NaN,NaN,NaN,NaN,NaN,NaN
1325608500,NaN,NaN,NaN,NaN,NaN,NaN,NaN
1325608560,NaN,NaN,NaN,NaN,NaN,NaN,NaN
1325608620,NaN,NaN,NaN,NaN,NaN,NaN,NaN
1325608680,NaN,NaN,NaN,NaN,NaN,NaN,NaN
1325608740,NaN,NaN,NaN,NaN,NaN,NaN,NaN
1325608800,NaN,NaN,NaN,NaN,NaN,NaN,NaN
1325608860,NaN,NaN,NaN,NaN,NaN,NaN,NaN
1325608920,NaN,NaN,NaN,NaN,NaN,NaN,NaN
1325608980,NaN,NaN,NaN,NaN,NaN,NaN,NaN
1325609040,NaN,NaN,NaN,NaN,NaN,NaN,NaN
1325609100,NaN,NaN,NaN,NaN,NaN,NaN,NaN
1325609160,NaN,NaN,NaN,NaN,NaN,NaN,NaN
1325609220,NaN,NaN,NaN,NaN,NaN,NaN,NaN
1325609280,NaN,NaN,NaN,NaN,NaN,NaN,NaN
1325609340,NaN,NaN,NaN,NaN,NaN,NaN,NaN
1325609400,NaN,NaN,NaN,NaN,NaN,NaN,NaN
1325609460,NaN,NaN,NaN,NaN,NaN,NaN,NaN
1325609520,NaN,NaN,NaN,NaN,NaN,NaN,NaN
1325609580,NaN,NaN,NaN,NaN,NaN,NaN,NaN
1325609640,NaN,NaN,NaN,NaN,NaN,NaN,NaN
1325609700,NaN,NaN,NaN,NaN,NaN,NaN,NaN
1325609760,NaN,NaN,NaN,NaN,NaN,NaN,NaN
1325609820,NaN,NaN,NaN,NaN,NaN,NaN,NaN
1325609880,NaN,NaN,NaN,NaN,NaN,NaN,NaN
1325609940,NaN,NaN,NaN,NaN,NaN,NaN,NaN
1325610000,NaN,NaN,NaN,NaN,NaN,NaN,NaN
1325610060,NaN,NaN,NaN,NaN,NaN,NaN,NaN
1325610120,NaN,NaN,NaN,NaN,NaN,NaN,NaN
1325610180,NaN,NaN,NaN,NaN,NaN,NaN,NaN
1325610240,NaN,NaN,NaN,NaN,NaN,NaN,NaN
1325610300,NaN,NaN,NaN,NaN,NaN,NaN,NaN
1325610360,NaN,NaN,NaN,NaN,NaN,NaN,NaN
1325610420,NaN,NaN,NaN,NaN,NaN,NaN,NaN
1325610480,NaN,NaN,NaN,NaN,NaN,NaN,NaN
1325610540,NaN,NaN,NaN,NaN,NaN,NaN,NaN
1325610600,5.29,5.29,5.29,5.29,11.28544423,59.699999977,5.29
1325610660,NaN,NaN,NaN,NaN,NaN,NaN,NaN
1325610720,NaN,NaN,NaN,NaN,NaN,NaN,NaN
1325610780,NaN,NaN,NaN,NaN,NaN,NaN,NaN
1325610840,5.14,5.14,5.14,5.14,0.02,0.1028,5.14
1325610900,NaN,NaN,NaN,NaN,NaN,NaN,NaN
1325610960,NaN,NaN,NaN,NaN,NaN,NaN,NaN
1325611020,NaN,NaN,NaN,NaN,NaN,NaN,NaN
1325611080,NaN,NaN,NaN,NaN,NaN,NaN,NaN
1325611140,NaN,NaN,NaN,NaN,NaN,NaN,NaN
1325611200,NaN,NaN,NaN,NaN,NaN,NaN,NaN
1325611260,NaN,NaN,NaN,NaN,NaN,NaN,NaN
1325611320,NaN,NaN,NaN,NaN,NaN,NaN,NaN
1325611380,NaN,NaN,NaN,NaN,NaN,NaN,NaN
1325611440,NaN,NaN,NaN,NaN,NaN,NaN,NaN
1325611500,NaN,NaN,NaN,NaN,NaN,NaN,NaN
1325611560,5.29,5.29,5.29,5.29,11,58.19,5.29
1325611620,5.29,5.29,5.29,5.29,4.01081466,21.217209551,5.29
1325611680,NaN,NaN,NaN,NaN,NaN,NaN,NaN
1325611740,NaN,NaN,NaN,NaN,NaN,NaN,NaN
1325611800,NaN,NaN,NaN,NaN,NaN,NaN,NaN
1325611860,NaN,NaN,NaN,NaN,NaN,NaN,NaN
1325611920,NaN,NaN,NaN,NaN,NaN,NaN,NaN
1325611980,NaN,NaN,NaN,NaN,NaN,NaN,NaN
1325612040,NaN,NaN,NaN,NaN,NaN,NaN,NaN
1325612100,NaN,NaN,NaN,NaN,NaN,NaN,NaN
1325612160,NaN,NaN,NaN,NaN,NaN,NaN,NaN
1325612220,NaN,NaN,NaN,NaN,NaN,NaN,NaN
1325612280,NaN,NaN,NaN,NaN,NaN,NaN,NaN
1325612340,NaN,NaN,NaN,NaN,NaN,NaN,NaN
1325612400,NaN,NaN,NaN,NaN,NaN,NaN,NaN
1325612460,NaN,NaN,NaN,NaN,NaN,NaN,NaN
1325612520,NaN,NaN,NaN,NaN,NaN,NaN,NaN
1325612580,NaN,NaN,NaN,NaN,NaN,NaN,NaN
1325612640,NaN,NaN,NaN,NaN,NaN,NaN,NaN
1325612700,NaN,NaN,NaN,NaN,NaN,NaN,NaN
1325612760,NaN,NaN,NaN,NaN,NaN,NaN,NaN
1325612820,NaN,NaN,NaN,NaN,NaN,NaN,NaN
1325612880,NaN,NaN,NaN,NaN,NaN,NaN,NaN
1325612940,NaN,NaN,NaN,NaN,NaN,NaN,NaN
1325613000,NaN,NaN,NaN,NaN,NaN,NaN,NaN
1325613060,NaN,NaN,NaN,NaN,NaN,NaN,NaN
1325613120,NaN,NaN,NaN,NaN,NaN,NaN,NaN
1325613180,NaN,NaN,NaN,NaN,NaN,NaN,NaN
1325613240,NaN,NaN,NaN,NaN,NaN,NaN,NaN
1325613300,NaN,NaN,NaN,NaN,NaN,NaN,NaN
1325613360,NaN,NaN,NaN,NaN,NaN,NaN,NaN
1325613420,NaN,NaN,NaN,NaN,NaN,NaN,NaN
1325613480,NaN,NaN,NaN,NaN,NaN,NaN,NaN
1325613540,NaN,NaN,NaN,NaN,NaN,NaN,NaN
1325613600,NaN,NaN,NaN,NaN,NaN,NaN,NaN
1325613660,NaN,NaN,NaN,NaN,NaN,NaN,NaN
1325613720,NaN,NaN,NaN,NaN,NaN,NaN,NaN
1325613780,NaN,NaN,NaN,NaN,NaN,NaN,NaN
1325613840,NaN,NaN,NaN,NaN,NaN,NaN,NaN
1325613900,NaN,NaN,NaN,NaN,NaN,NaN,NaN
1325613960,NaN,NaN,NaN,NaN,NaN,NaN,NaN
1325614020,NaN,NaN,NaN,NaN,NaN,NaN,NaN
1325614080,NaN,NaN,NaN,NaN,NaN,NaN,NaN
1325614140,NaN,NaN,NaN,NaN,NaN,NaN,NaN
1325614200,NaN,NaN,NaN,NaN,NaN,NaN,NaN
1325614260,NaN,NaN,NaN,NaN,NaN,NaN,NaN
1325614320,NaN,NaN,NaN,NaN,NaN,NaN,NaN
1325614380,NaN,NaN,NaN,NaN,NaN,NaN,NaN
1325614440,NaN,NaN,NaN,NaN,NaN,NaN,NaN
1325614500,NaN,NaN,NaN,NaN,NaN,NaN,NaN
1325614560,NaN,NaN,NaN,NaN,NaN,NaN,NaN
1325614620,NaN,NaN,NaN,NaN,NaN,NaN,NaN
1325614680,NaN,NaN,NaN,NaN,NaN,NaN,NaN
1325614740,NaN,NaN,NaN,NaN,NaN,NaN,NaN
1325614800,NaN,NaN,NaN,NaN,NaN,NaN,NaN
1325614860,NaN,NaN,NaN,NaN,NaN,NaN,NaN
1325614920,NaN,NaN,NaN,NaN,NaN,NaN,NaN
1325614980,NaN,NaN,NaN,NaN,NaN,NaN,NaN
1325615040,NaN,NaN,NaN,NaN,NaN,NaN,NaN
1325615100,NaN,NaN,NaN,NaN,NaN,NaN,NaN
1325615160,NaN,NaN,NaN,NaN,NaN,NaN,NaN
1325615220,NaN,NaN,NaN,NaN,NaN,NaN,NaN
1325615280,NaN,NaN,NaN,NaN,NaN,NaN,NaN
1325615340,NaN,NaN,NaN,NaN,NaN,NaN,NaN
1325615400,NaN,NaN,NaN,NaN,NaN,NaN,NaN
1325615460,NaN,NaN,NaN,NaN,NaN,NaN,NaN
1325615520,NaN,NaN,NaN,NaN,NaN,NaN,NaN
1325615580,NaN,NaN,NaN,NaN,NaN,NaN,NaN
1325615640,NaN,NaN,NaN,NaN,NaN,NaN,NaN
1325615700,NaN,NaN,NaN,NaN,NaN,NaN,NaN
1325615760,NaN,NaN,NaN,NaN,NaN,NaN,NaN
1325615820,NaN,NaN,NaN,NaN,NaN,NaN,NaN
1325615880,NaN,NaN,NaN,NaN,NaN,NaN,NaN
1325615940,NaN,NaN,NaN,NaN,NaN,NaN,NaN
1325616000,NaN,NaN,NaN,NaN,NaN,NaN,NaN
1325616060,NaN,NaN,NaN,NaN,NaN,NaN,NaN
1325616120,NaN,NaN,NaN,NaN,NaN,NaN,NaN
1325616180,NaN,NaN,NaN,NaN,NaN,NaN,NaN
1325616240,NaN,NaN,NaN,NaN,NaN,NaN,NaN
1325616300,NaN,NaN,NaN,NaN,NaN,NaN,NaN
1325616360,NaN,NaN,NaN,NaN,NaN,NaN,NaN
1325616420,NaN,NaN,NaN,NaN,NaN,NaN,NaN
1325616480,NaN,NaN,NaN,NaN,NaN,NaN,NaN
1325616540,NaN,NaN,NaN,NaN,NaN,NaN,NaN
1325616600,NaN,NaN,NaN,NaN,NaN,NaN,NaN
1325616660,NaN,NaN,NaN,NaN,NaN,NaN,NaN
1325616720,NaN,NaN,NaN,NaN,NaN,NaN,NaN
1325616780,NaN,NaN,NaN,NaN,NaN,NaN,NaN
1325616840,NaN,NaN,NaN,NaN,NaN,NaN,NaN
1325616900,NaN,NaN,NaN,NaN,NaN,NaN,NaN
1325616960,NaN,NaN,NaN,NaN,NaN,NaN,NaN
1325617020,NaN,NaN,NaN,NaN,NaN,NaN,NaN
1325617080,NaN,NaN,NaN,NaN,NaN,NaN,NaN
1325617140,NaN,NaN,NaN,NaN,NaN,NaN,NaN
1325617200,NaN,NaN,NaN,NaN,NaN,NaN,NaN
1325617260,NaN,NaN,NaN,NaN,NaN,NaN,NaN
1325617320,NaN,NaN,NaN,NaN,NaN,NaN,NaN
1325617380,NaN,NaN,NaN,NaN,NaN,NaN,NaN
1325617440,NaN,NaN,NaN,NaN,NaN,NaN,NaN
1325617500,NaN,NaN,NaN,NaN,NaN,NaN,NaN
1325617560,NaN,NaN,NaN,NaN,NaN,NaN,NaN
1325617620,NaN,NaN,NaN,NaN,NaN,NaN,NaN
1325617680,NaN,NaN,NaN,NaN,NaN,NaN,NaN
1325617740,NaN,NaN,NaN,NaN,NaN,NaN,NaN
1325617800,NaN,NaN,NaN,NaN,NaN,NaN,NaN
1325617860,NaN,NaN,NaN,NaN,NaN,NaN,NaN
1325617920,NaN,NaN,NaN,NaN,NaN,NaN,NaN
1325617980,NaN,NaN,NaN,NaN,NaN,NaN,NaN
1325618040,NaN,NaN,NaN,NaN,NaN,NaN,NaN
1325618100,NaN,NaN,NaN,NaN,NaN,NaN,NaN
1325618160,NaN,NaN,NaN,NaN,NaN,NaN,NaN
1325618220,NaN,NaN,NaN,NaN,NaN,NaN,NaN
1325618280,NaN,NaN,NaN,NaN,NaN,NaN,NaN
1325618340,NaN,NaN,NaN,NaN,NaN,NaN,NaN
1325618400,NaN,NaN,NaN,NaN,NaN,NaN,NaN
1325618460,NaN,NaN,NaN,NaN,NaN,NaN,NaN
1325618520,NaN,NaN,NaN,NaN,NaN,NaN,NaN
1325618580,NaN,NaN,NaN,NaN,NaN,NaN,NaN
1325618640,NaN,NaN,NaN,NaN,NaN,NaN,NaN
1325618700,NaN,NaN,NaN,NaN,NaN,NaN,NaN
1325618760,NaN,NaN,NaN,NaN,NaN,NaN,NaN
1325618820,NaN,NaN,NaN,NaN,NaN,NaN,NaN
1325618880,NaN,NaN,NaN,NaN,NaN,NaN,NaN
1325618940,NaN,NaN,NaN,NaN,NaN,NaN,NaN
1325619000,NaN,NaN,NaN,NaN,NaN,NaN,NaN
1325619060,NaN,NaN,NaN,NaN,NaN,NaN,NaN
1325619120,NaN,NaN,NaN,NaN,NaN,NaN,NaN
1325619180,NaN,NaN,NaN,NaN,NaN,NaN,NaN
1325619240,NaN,NaN,NaN,NaN,NaN,NaN,NaN
1325619300,NaN,NaN,NaN,NaN,NaN,NaN,NaN
1325619360,NaN,NaN,NaN,NaN,NaN,NaN,NaN
1325619420,NaN,NaN,NaN,NaN,NaN,NaN,NaN
1325619480,NaN,NaN,NaN,NaN,NaN,NaN,NaN
1325619540,NaN,NaN,NaN,NaN,NaN,NaN,NaN
1325619600,NaN,NaN,NaN,NaN,NaN,NaN,NaN
1325619660,NaN,NaN,NaN,NaN,NaN,NaN,NaN
1325619720,NaN,NaN,NaN,NaN,NaN,NaN,NaN
1325619780,NaN,NaN,NaN,NaN,NaN,NaN,NaN
1325619840,NaN,NaN,NaN,NaN,NaN,NaN,NaN
1325619900,NaN,NaN,NaN,NaN,NaN,NaN,NaN
1325619960,NaN,NaN,NaN,NaN,NaN,NaN,NaN
1325620020,NaN,NaN,NaN,NaN,NaN,NaN,NaN
1325620080,NaN,NaN,NaN,NaN,NaN,NaN,NaN
1325620140,NaN,NaN,NaN,NaN,NaN,NaN,NaN
1325620200,NaN,NaN,NaN,NaN,NaN,NaN,NaN
1325620260,NaN,NaN,NaN,NaN,NaN,NaN,NaN
1325620320,NaN,NaN,NaN,NaN,NaN,NaN,NaN
1325620380,NaN,NaN,NaN,NaN,NaN,NaN,NaN
1325620440,NaN,NaN,NaN,NaN,NaN,NaN,NaN
1325620500,NaN,NaN,NaN,NaN,NaN,NaN,NaN
1325620560,NaN,NaN,NaN,NaN,NaN,NaN,NaN
1325620620,NaN,NaN,NaN,NaN,NaN,NaN,NaN
1325620680,NaN,NaN,NaN,NaN,NaN,NaN,NaN
1325620740,NaN,NaN,NaN,NaN,NaN,NaN,NaN
1325620800,NaN,NaN,NaN,NaN,NaN,NaN,NaN
1325620860,NaN,NaN,NaN,NaN,NaN,NaN,NaN
1325620920,NaN,NaN,NaN,NaN,NaN,NaN,NaN
1325620980,NaN,NaN,NaN,NaN,NaN,NaN,NaN
1325621040,NaN,NaN,NaN,NaN,NaN,NaN,NaN
1325621100,NaN,NaN,NaN,NaN,NaN,NaN,NaN
1325621160,NaN,NaN,NaN,NaN,NaN,NaN,NaN
1325621220,NaN,NaN,NaN,NaN,NaN,NaN,NaN
1325621280,NaN,NaN,NaN,NaN,NaN,NaN,NaN
1325621340,NaN,NaN,NaN,NaN,NaN,NaN,NaN
1325621400,NaN,NaN,NaN,NaN,NaN,NaN,NaN
1325621460,NaN,NaN,NaN,NaN,NaN,NaN,NaN
1325621520,NaN,NaN,NaN,NaN,NaN,NaN,NaN
1325621580,NaN,NaN,NaN,NaN,NaN,NaN,NaN
1325621640,NaN,NaN,NaN,NaN,NaN,NaN,NaN
1325621700,NaN,NaN,NaN,NaN,NaN,NaN,NaN
1325621760,NaN,NaN,NaN,NaN,NaN,NaN,NaN
1325621820,NaN,NaN,NaN,NaN,NaN,NaN,NaN
1325621880,NaN,NaN,NaN,NaN,NaN,NaN,NaN
1325621940,NaN,NaN,NaN,NaN,NaN,NaN,NaN
1325622000,NaN,NaN,NaN,NaN,NaN,NaN,NaN
1325622060,NaN,NaN,NaN,NaN,NaN,NaN,NaN
1325622120,NaN,NaN,NaN,NaN,NaN,NaN,NaN
1325622180,NaN,NaN,NaN,NaN,NaN,NaN,NaN
1325622240,NaN,NaN,NaN,NaN,NaN,NaN,NaN
1325622300,NaN,NaN,NaN,NaN,NaN,NaN,NaN
1325622360,NaN,NaN,NaN,NaN,NaN,NaN,NaN
1325622420,NaN,NaN,NaN,NaN,NaN,NaN,NaN
1325622480,NaN,NaN,NaN,NaN,NaN,NaN,NaN
1325622540,NaN,NaN,NaN,NaN,NaN,NaN,NaN
1325622600,NaN,NaN,NaN,NaN,NaN,NaN,NaN
1325622660,NaN,NaN,NaN,NaN,NaN,NaN,NaN
1325622720,NaN,NaN,NaN,NaN,NaN,NaN,NaN
1325622780,NaN,NaN,NaN,NaN,NaN,NaN,NaN
1325622840,NaN,NaN,NaN,NaN,NaN,NaN,NaN
1325622900,NaN,NaN,NaN,NaN,NaN,NaN,NaN
1325622960,NaN,NaN,NaN,NaN,NaN,NaN,NaN
1325623020,NaN,NaN,NaN,NaN,NaN,NaN,NaN
1325623080,NaN,NaN,NaN,NaN,NaN,NaN,NaN
1325623140,NaN,NaN,NaN,NaN,NaN,NaN,NaN
1325623200,NaN,NaN,NaN,NaN,NaN,NaN,NaN
1325623260,NaN,NaN,NaN,NaN,NaN,NaN,NaN
1325623320,NaN,NaN,NaN,NaN,NaN,NaN,NaN
1325623380,NaN,NaN,NaN,NaN,NaN,NaN,NaN
1325623440,NaN,NaN,NaN,NaN,NaN,NaN,NaN
1325623500,NaN,NaN,NaN,NaN,NaN,NaN,NaN
1325623560,NaN,NaN,NaN,NaN,NaN,NaN,NaN
1325623620,NaN,NaN,NaN,NaN,NaN,NaN,NaN
1325623680,NaN,NaN,NaN,NaN,NaN,NaN,NaN
1325623740,NaN,NaN,NaN,NaN,NaN,NaN,NaN
1325623800,NaN,NaN,NaN,NaN,NaN,NaN,NaN
1325623860,NaN,NaN,NaN,NaN,NaN,NaN,NaN
1325623920,NaN,NaN,NaN,NaN,NaN,NaN,NaN
1325623980,NaN,NaN,NaN,NaN,NaN,NaN,NaN
1325624040,NaN,NaN,NaN,NaN,NaN,NaN,NaN
1325624100,NaN,NaN,NaN,NaN,NaN,NaN,NaN
1325624160,NaN,NaN,NaN,NaN,NaN,NaN,NaN
1325624220,NaN,NaN,NaN,NaN,NaN,NaN,NaN
1325624280,NaN,NaN,NaN,NaN,NaN,NaN,NaN
1325624340,NaN,NaN,NaN,NaN,NaN,NaN,NaN
1325624400,NaN,NaN,NaN,NaN,NaN,NaN,NaN
1325624460,NaN,NaN,NaN,NaN,NaN,NaN,NaN
1325624520,NaN,NaN,NaN,NaN,NaN,NaN,NaN
1325624580,NaN,NaN,NaN,NaN,NaN,NaN,NaN
1325624640,NaN,NaN,NaN,NaN,NaN,NaN,NaN
1325624700,NaN,NaN,NaN,NaN,NaN,NaN,NaN
1325624760,NaN,NaN,NaN,NaN,NaN,NaN,NaN
1325624820,NaN,NaN,NaN,NaN,NaN,NaN,NaN
1325624880,NaN,NaN,NaN,NaN,NaN,NaN,NaN
1325624940,NaN,NaN,NaN,NaN,NaN,NaN,NaN
1325625000,NaN,NaN,NaN,NaN,NaN,NaN,NaN
1325625060,NaN,NaN,NaN,NaN,NaN,NaN,NaN
1325625120,NaN,NaN,NaN,NaN,NaN,NaN,NaN
1325625180,NaN,NaN,NaN,NaN,NaN,NaN,NaN
1325625240,NaN,NaN,NaN,NaN,NaN,NaN,NaN
1325625300,NaN,NaN,NaN,NaN,NaN,NaN,NaN
1325625360,NaN,NaN,NaN,NaN,NaN,NaN,NaN
1325625420,NaN,NaN,NaN,NaN,NaN,NaN,NaN
1325625480,NaN,NaN,NaN,NaN,NaN,NaN,NaN
1325625540,NaN,NaN,NaN,NaN,NaN,NaN,NaN
1325625600,NaN,NaN,NaN,NaN,NaN,NaN,NaN
1325625660,NaN,NaN,NaN,NaN,NaN,NaN,NaN
1325625720,NaN,NaN,NaN,NaN,NaN,NaN,NaN
1325625780,NaN,NaN,NaN,NaN,NaN,NaN,NaN
1325625840,NaN,NaN,NaN,NaN,NaN,NaN,NaN
1325625900,NaN,NaN,NaN,NaN,NaN,NaN,NaN
1325625960,NaN,NaN,NaN,NaN,NaN,NaN,NaN
1325626020,NaN,NaN,NaN,NaN,NaN,NaN,NaN
1325626080,NaN,NaN,NaN,NaN,NaN,NaN,NaN
1325626140,NaN,NaN,NaN,NaN,NaN,NaN,NaN
1325626200,NaN,NaN,NaN,NaN,NaN,NaN,NaN
1325626260,NaN,NaN,NaN,NaN,NaN,NaN,NaN
1325626320,NaN,NaN,NaN,NaN,NaN,NaN,NaN
1325626380,NaN,NaN,NaN,NaN,NaN,NaN,NaN
1325626440,NaN,NaN,NaN,NaN,NaN,NaN,NaN
1325626500,NaN,NaN,NaN,NaN,NaN,NaN,NaN
1325626560,NaN,NaN,NaN,NaN,NaN,NaN,NaN
1325626620,NaN,NaN,NaN,NaN,NaN,NaN,NaN
1325626680,NaN,NaN,NaN,NaN,NaN,NaN,NaN
1325626740,NaN,NaN,NaN,NaN,NaN,NaN,NaN
1325626800,NaN,NaN,NaN,NaN,NaN,NaN,NaN
1325626860,NaN,NaN,NaN,NaN,NaN,NaN,NaN
1325626920,NaN,NaN,NaN,NaN,NaN,NaN,NaN
1325626980,NaN,NaN,NaN,NaN,NaN,NaN,NaN
1325627040,NaN,NaN,NaN,NaN,NaN,NaN,NaN
1325627100,NaN,NaN,NaN,NaN,NaN,NaN,NaN
1325627160,NaN,NaN,NaN,NaN,NaN,NaN,NaN
1325627220,NaN,NaN,NaN,NaN,NaN,NaN,NaN
1325627280,NaN,NaN,NaN,NaN,NaN,NaN,NaN
1325627340,NaN,NaN,NaN,NaN,NaN,NaN,NaN
1325627400,NaN,NaN,NaN,NaN,NaN,NaN,NaN
1325627460,NaN,NaN,NaN,NaN,NaN,NaN,NaN
1325627520,NaN,NaN,NaN,NaN,NaN,NaN,NaN
1325627580,NaN,NaN,NaN,NaN,NaN,NaN,NaN
1325627640,NaN,NaN,NaN,NaN,NaN,NaN,NaN
1325627700,NaN,NaN,NaN,NaN,NaN,NaN,NaN
1325627760,NaN,NaN,NaN,NaN,NaN,NaN,NaN
1325627820,NaN,NaN,NaN,NaN,NaN,NaN,NaN
1325627880,NaN,NaN,NaN,NaN,NaN,NaN,NaN
1325627940,NaN,NaN,NaN,NaN,NaN,NaN,NaN
1325628000,NaN,NaN,NaN,NaN,NaN,NaN,NaN
1325628060,NaN,NaN,NaN,NaN,NaN,NaN,NaN
1325628120,NaN,NaN,NaN,NaN,NaN,NaN,NaN
1325628180,NaN,NaN,NaN,NaN,NaN,NaN,NaN
1325628240,NaN,NaN,NaN,NaN,NaN,NaN,NaN
1325628300,NaN,NaN,NaN,NaN,NaN,NaN,NaN
1325628360,NaN,NaN,NaN,NaN,NaN,NaN,NaN
1325628420,NaN,NaN,NaN,NaN,NaN,NaN,NaN
1325628480,NaN,NaN,NaN,NaN,NaN,NaN,NaN
1325628540,NaN,NaN,NaN,NaN,NaN,NaN,NaN
1325628600,NaN,NaN,NaN,NaN,NaN,NaN,NaN
1325628660,NaN,NaN,NaN,NaN,NaN,NaN,NaN
1325628720,NaN,NaN,NaN,NaN,NaN,NaN,NaN
1325628780,NaN,NaN,NaN,NaN,NaN,NaN,NaN
1325628840,NaN,NaN,NaN,NaN,NaN,NaN,NaN
1325628900,NaN,NaN,NaN,NaN,NaN,NaN,NaN
1325628960,NaN,NaN,NaN,NaN,NaN,NaN,NaN
1325629020,NaN,NaN,NaN,NaN,NaN,NaN,NaN
1325629080,NaN,NaN,NaN,NaN,NaN,NaN,NaN
1325629140,NaN,NaN,NaN,NaN,NaN,NaN,NaN
1325629200,NaN,NaN,NaN,NaN,NaN,NaN,NaN
1325629260,NaN,NaN,NaN,NaN,NaN,NaN,NaN
1325629320,NaN,NaN,NaN,NaN,NaN,NaN,NaN
1325629380,NaN,NaN,NaN,NaN,NaN,NaN,NaN
1325629440,NaN,NaN,NaN,NaN,NaN,NaN,NaN
1325629500,NaN,NaN,NaN,NaN,NaN,NaN,NaN
1325629560,NaN,NaN,NaN,NaN,NaN,NaN,NaN
1325629620,NaN,NaN,NaN,NaN,NaN,NaN,NaN
1325629680,NaN,NaN,NaN,NaN,NaN,NaN,NaN
1325629740,NaN,NaN,NaN,NaN,NaN,NaN,NaN
1325629800,NaN,NaN,NaN,NaN,NaN,NaN,NaN
1325629860,NaN,NaN,NaN,NaN,NaN,NaN,NaN
1325629920,NaN,NaN,NaN,NaN,NaN,NaN,NaN
1325629980,NaN,NaN,NaN,NaN,NaN,NaN,NaN
1325630040,NaN,NaN,NaN,NaN,NaN,NaN,NaN
1325630100,NaN,NaN,NaN,NaN,NaN,NaN,NaN
1325630160,NaN,NaN,NaN,NaN,NaN,NaN,NaN
1325630220,NaN,NaN,NaN,NaN,NaN,NaN,NaN
1325630280,NaN,NaN,NaN,NaN,NaN,NaN,NaN
1325630340,NaN,NaN,NaN,NaN,NaN,NaN,NaN
1325630400,NaN,NaN,NaN,NaN,NaN,NaN,NaN
1325630460,NaN,NaN,NaN,NaN,NaN,NaN,NaN
1325630520,NaN,NaN,NaN,NaN,NaN,NaN,NaN
1325630580,NaN,NaN,NaN,NaN,NaN,NaN,NaN
1325630640,NaN,NaN,NaN,NaN,NaN,NaN,NaN
1325630700,NaN,NaN,NaN,NaN,NaN,NaN,NaN
1325630760,NaN,NaN,NaN,NaN,NaN,NaN,NaN
1325630820,NaN,NaN,NaN,NaN,NaN,NaN,NaN
1325630880,NaN,NaN,NaN,NaN,NaN,NaN,NaN
1325630940,NaN,NaN,NaN,NaN,NaN,NaN,NaN
1325631000,NaN,NaN,NaN,NaN,NaN,NaN,NaN
1325631060,NaN,NaN,NaN,NaN,NaN,NaN,NaN
1325631120,NaN,NaN,NaN,NaN,NaN,NaN,NaN
1325631180,NaN,NaN,NaN,NaN,NaN,NaN,NaN
1325631240,NaN,NaN,NaN,NaN,NaN,NaN,NaN
1325631300,NaN,NaN,NaN,NaN,NaN,NaN,NaN
1325631360,NaN,NaN,NaN,NaN,NaN,NaN,NaN
1325631420,NaN,NaN,NaN,NaN,NaN,NaN,NaN
1325631480,NaN,NaN,NaN,NaN,NaN,NaN,NaN
1325631540,NaN,NaN,NaN,NaN,NaN,NaN,NaN
1325631600,NaN,NaN,NaN,NaN,NaN,NaN,NaN
1325631660,NaN,NaN,NaN,NaN,NaN,NaN,NaN
1325631720,NaN,NaN,NaN,NaN,NaN,NaN,NaN
1325631780,NaN,NaN,NaN,NaN,NaN,NaN,NaN
1325631840,NaN,NaN,NaN,NaN,NaN,NaN,NaN
1325631900,NaN,NaN,NaN,NaN,NaN,NaN,NaN
1325631960,NaN,NaN,NaN,NaN,NaN,NaN,NaN
1325632020,NaN,NaN,NaN,NaN,NaN,NaN,NaN
1325632080,NaN,NaN,NaN,NaN,NaN,NaN,NaN
1325632140,NaN,NaN,NaN,NaN,NaN,NaN,NaN
1325632200,NaN,NaN,NaN,NaN,NaN,NaN,NaN
1325632260,NaN,NaN,NaN,NaN,NaN,NaN,NaN
1325632320,NaN,NaN,NaN,NaN,NaN,NaN,NaN
1325632380,NaN,NaN,NaN,NaN,NaN,NaN,NaN
1325632440,NaN,NaN,NaN,NaN,NaN,NaN,NaN
1325632500,NaN,NaN,NaN,NaN,NaN,NaN,NaN
1325632560,NaN,NaN,NaN,NaN,NaN,NaN,NaN
1325632620,NaN,NaN,NaN,NaN,NaN,NaN,NaN
1325632680,NaN,NaN,NaN,NaN,NaN,NaN,NaN
1325632740,NaN,NaN,NaN,NaN,NaN,NaN,NaN
1325632800,NaN,NaN,NaN,NaN,NaN,NaN,NaN
1325632860,NaN,NaN,NaN,NaN,NaN,NaN,NaN
1325632920,NaN,NaN,NaN,NaN,NaN,NaN,NaN
1325632980,NaN,NaN,NaN,NaN,NaN,NaN,NaN
1325633040,NaN,NaN,NaN,NaN,NaN,NaN,NaN
1325633100,NaN,NaN,NaN,NaN,NaN,NaN,NaN
1325633160,NaN,NaN,NaN,NaN,NaN,NaN,NaN
1325633220,NaN,NaN,NaN,NaN,NaN,NaN,NaN
1325633280,NaN,NaN,NaN,NaN,NaN,NaN,NaN
1325633340,NaN,NaN,NaN,NaN,NaN,NaN,NaN
1325633400,NaN,NaN,NaN,NaN,NaN,NaN,NaN
1325633460,NaN,NaN,NaN,NaN,NaN,NaN,NaN
1325633520,NaN,NaN,NaN,NaN,NaN,NaN,NaN
1325633580,NaN,NaN,NaN,NaN,NaN,NaN,NaN
1325633640,NaN,NaN,NaN,NaN,NaN,NaN,NaN
1325633700,NaN,NaN,NaN,NaN,NaN,NaN,NaN
1325633760,NaN,NaN,NaN,NaN,NaN,NaN,NaN
1325633820,NaN,NaN,NaN,NaN,NaN,NaN,NaN
1325633880,NaN,NaN,NaN,NaN,NaN,NaN,NaN
1325633940,NaN,NaN,NaN,NaN,NaN,NaN,NaN
1325634000,NaN,NaN,NaN,NaN,NaN,NaN,NaN
1325634060,NaN,NaN,NaN,NaN,NaN,NaN,NaN
1325634120,NaN,NaN,NaN,NaN,NaN,NaN,NaN
1325634180,NaN,NaN,NaN,NaN,NaN,NaN,NaN
1325634240,NaN,NaN,NaN,NaN,NaN,NaN,NaN
1325634300,NaN,NaN,NaN,NaN,NaN,NaN,NaN
1325634360,NaN,NaN,NaN,NaN,NaN,NaN,NaN
1325634420,NaN,NaN,NaN,NaN,NaN,NaN,NaN
1325634480,NaN,NaN,NaN,NaN,NaN,NaN,NaN
1325634540,NaN,NaN,NaN,NaN,NaN,NaN,NaN
1325634600,NaN,NaN,NaN,NaN,NaN,NaN,NaN
1325634660,NaN,NaN,NaN,NaN,NaN,NaN,NaN
1325634720,NaN,NaN,NaN,NaN,NaN,NaN,NaN
1325634780,NaN,NaN,NaN,NaN,NaN,NaN,NaN
1325634840,NaN,NaN,NaN,NaN,NaN,NaN,NaN
1325634900,NaN,NaN,NaN,NaN,NaN,NaN,NaN
1325634960,NaN,NaN,NaN,NaN,NaN,NaN,NaN
1325635020,NaN,NaN,NaN,NaN,NaN,NaN,NaN
1325635080,NaN,NaN,NaN,NaN,NaN,NaN,NaN
1325635140,NaN,NaN,NaN,NaN,NaN,NaN,NaN
1325635200,NaN,NaN,NaN,NaN,NaN,NaN,NaN
1325635260,NaN,NaN,NaN,NaN,NaN,NaN,NaN
1325635320,NaN,NaN,NaN,NaN,NaN,NaN,NaN
1325635380,NaN,NaN,NaN,NaN,NaN,NaN,NaN
1325635440,NaN,NaN,NaN,NaN,NaN,NaN,NaN
1325635500,NaN,NaN,NaN,NaN,NaN,NaN,NaN
1325635560,NaN,NaN,NaN,NaN,NaN,NaN,NaN
1325635620,NaN,NaN,NaN,NaN,NaN,NaN,NaN
1325635680,NaN,NaN,NaN,NaN,NaN,NaN,NaN
1325635740,NaN,NaN,NaN,NaN,NaN,NaN,NaN
1325635800,NaN,NaN,NaN,NaN,NaN,NaN,NaN
1325635860,NaN,NaN,NaN,NaN,NaN,NaN,NaN
1325635920,NaN,NaN,NaN,NaN,NaN,NaN,NaN
1325635980,NaN,NaN,NaN,NaN,NaN,NaN,NaN
1325636040,NaN,NaN,NaN,NaN,NaN,NaN,NaN
1325636100,NaN,NaN,NaN,NaN,NaN,NaN,NaN
1325636160,NaN,NaN,NaN,NaN,NaN,NaN,NaN
1325636220,NaN,NaN,NaN,NaN,NaN,NaN,NaN
1325636280,NaN,NaN,NaN,NaN,NaN,NaN,NaN
1325636340,NaN,NaN,NaN,NaN,NaN,NaN,NaN
1325636400,NaN,NaN,NaN,NaN,NaN,NaN,NaN
1325636460,NaN,NaN,NaN,NaN,NaN,NaN,NaN
1325636520,NaN,NaN,NaN,NaN,NaN,NaN,NaN
1325636580,NaN,NaN,NaN,NaN,NaN,NaN,NaN
1325636640,NaN,NaN,NaN,NaN,NaN,NaN,NaN
1325636700,NaN,NaN,NaN,NaN,NaN,NaN,NaN
1325636760,NaN,NaN,NaN,NaN,NaN,NaN,NaN
1325636820,NaN,NaN,NaN,NaN,NaN,NaN,NaN
1325636880,NaN,NaN,NaN,NaN,NaN,NaN,NaN
1325636940,NaN,NaN,NaN,NaN,NaN,NaN,NaN
1325637000,NaN,NaN,NaN,NaN,NaN,NaN,NaN
1325637060,NaN,NaN,NaN,NaN,NaN,NaN,NaN
1325637120,NaN,NaN,NaN,NaN,NaN,NaN,NaN
1325637180,NaN,NaN,NaN,NaN,NaN,NaN,NaN
1325637240,NaN,NaN,NaN,NaN,NaN,NaN,NaN
1325637300,NaN,NaN,NaN,NaN,NaN,NaN,NaN
1325637360,NaN,NaN,NaN,NaN,NaN,NaN,NaN
1325637420,NaN,NaN,NaN,NaN,NaN,NaN,NaN
1325637480,NaN,NaN,NaN,NaN,NaN,NaN,NaN
1325637540,NaN,NaN,NaN,NaN,NaN,NaN,NaN
1325637600,NaN,NaN,NaN,NaN,NaN,NaN,NaN
1325637660,NaN,NaN,NaN,NaN,NaN,NaN,NaN
1325637720,NaN,NaN,NaN,NaN,NaN,NaN,NaN
1325637780,NaN,NaN,NaN,NaN,NaN,NaN,NaN
1325637840,NaN,NaN,NaN,NaN,NaN,NaN,NaN
1325637900,NaN,NaN,NaN,NaN,NaN,NaN,NaN
1325637960,NaN,NaN,NaN,NaN,NaN,NaN,NaN
1325638020,NaN,NaN,NaN,NaN,NaN,NaN,NaN
1325638080,NaN,NaN,NaN,NaN,NaN,NaN,NaN
1325638140,NaN,NaN,NaN,NaN,NaN,NaN,NaN
1325638200,NaN,NaN,NaN,NaN,NaN,NaN,NaN
1325638260,NaN,NaN,NaN,NaN,NaN,NaN,NaN
1325638320,NaN,NaN,NaN,NaN,NaN,NaN,NaN
1325638380,NaN,NaN,NaN,NaN,NaN,NaN,NaN
1325638440,NaN,NaN,NaN,NaN,NaN,NaN,NaN
1325638500,NaN,NaN,NaN,NaN,NaN,NaN,NaN
1325638560,NaN,NaN,NaN,NaN,NaN,NaN,NaN
1325638620,NaN,NaN,NaN,NaN,NaN,NaN,NaN
1325638680,NaN,NaN,NaN,NaN,NaN,NaN,NaN
1325638740,NaN,NaN,NaN,NaN,NaN,NaN,NaN
1325638800,NaN,NaN,NaN,NaN,NaN,NaN,NaN
1325638860,NaN,NaN,NaN,NaN,NaN,NaN,NaN
1325638920,NaN,NaN,NaN,NaN,NaN,NaN,NaN
1325638980,NaN,NaN,NaN,NaN,NaN,NaN,NaN
1325639040,NaN,NaN,NaN,NaN,NaN,NaN,NaN
1325639100,NaN,NaN,NaN,NaN,NaN,NaN,NaN
1325639160,NaN,NaN,NaN,NaN,NaN,NaN,NaN
1325639220,NaN,NaN,NaN,NaN,NaN,NaN,NaN
1325639280,NaN,NaN,NaN,NaN,NaN,NaN,NaN
1325639340,NaN,NaN,NaN,NaN,NaN,NaN,NaN
1325639400,NaN,NaN,NaN,NaN,NaN,NaN,NaN
1325639460,NaN,NaN,NaN,NaN,NaN,NaN,NaN
1325639520,NaN,NaN,NaN,NaN,NaN,NaN,NaN
1325639580,NaN,NaN,NaN,NaN,NaN,NaN,NaN
1325639640,NaN,NaN,NaN,NaN,NaN,NaN,NaN
1325639700,NaN,NaN,NaN,NaN,NaN,NaN,NaN
1325639760,NaN,NaN,NaN,NaN,NaN,NaN,NaN
1325639820,NaN,NaN,NaN,NaN,NaN,NaN,NaN
1325639880,NaN,NaN,NaN,NaN,NaN,NaN,NaN
1325639940,NaN,NaN,NaN,NaN,NaN,NaN,NaN
1325640000,NaN,NaN,NaN,NaN,NaN,NaN,NaN
1325640060,NaN,NaN,NaN,NaN,NaN,NaN,NaN
1325640120,NaN,NaN,NaN,NaN,NaN,NaN,NaN
1325640180,NaN,NaN,NaN,NaN,NaN,NaN,NaN
1325640240,NaN,NaN,NaN,NaN,NaN,NaN,NaN
1325640300,NaN,NaN,NaN,NaN,NaN,NaN,NaN
1325640360,NaN,NaN,NaN,NaN,NaN,NaN,NaN
1325640420,NaN,NaN,NaN,NaN,NaN,NaN,NaN
1325640480,NaN,NaN,NaN,NaN,NaN,NaN,NaN
1325640540,NaN,NaN,NaN,NaN,NaN,NaN,NaN
1325640600,NaN,NaN,NaN,NaN,NaN,NaN,NaN
1325640660,NaN,NaN,NaN,NaN,NaN,NaN,NaN
1325640720,NaN,NaN,NaN,NaN,NaN,NaN,NaN
1325640780,NaN,NaN,NaN,NaN,NaN,NaN,NaN
1325640840,NaN,NaN,NaN,NaN,NaN,NaN,NaN
1325640900,NaN,NaN,NaN,NaN,NaN,NaN,NaN
1325640960,NaN,NaN,NaN,NaN,NaN,NaN,NaN
1325641020,NaN,NaN,NaN,NaN,NaN,NaN,NaN
1325641080,NaN,NaN,NaN,NaN,NaN,NaN,NaN
1325641140,NaN,NaN,NaN,NaN,NaN,NaN,NaN
1325641200,NaN,NaN,NaN,NaN,NaN,NaN,NaN
1325641260,NaN,NaN,NaN,NaN,NaN,NaN,NaN
1325641320,NaN,NaN,NaN,NaN,NaN,NaN,NaN
1325641380,NaN,NaN,NaN,NaN,NaN,NaN,NaN
1325641440,NaN,NaN,NaN,NaN,NaN,NaN,NaN
1325641500,NaN,NaN,NaN,NaN,NaN,NaN,NaN
1325641560,NaN,NaN,NaN,NaN,NaN,NaN,NaN
1325641620,NaN,NaN,NaN,NaN,NaN,NaN,NaN
1325641680,NaN,NaN,NaN,NaN,NaN,NaN,NaN
1325641740,NaN,NaN,NaN,NaN,NaN,NaN,NaN
1325641800,NaN,NaN,NaN,NaN,NaN,NaN,NaN
1325641860,NaN,NaN,NaN,NaN,NaN,NaN,NaN
1325641920,NaN,NaN,NaN,NaN,NaN,NaN,NaN
1325641980,NaN,NaN,NaN,NaN,NaN,NaN,NaN
1325642040,NaN,NaN,NaN,NaN,NaN,NaN,NaN
1325642100,NaN,NaN,NaN,NaN,NaN,NaN,NaN
1325642160,NaN,NaN,NaN,NaN,NaN,NaN,NaN
1325642220,NaN,NaN,NaN,NaN,NaN,NaN,NaN
1325642280,NaN,NaN,NaN,NaN,NaN,NaN,NaN
1325642340,NaN,NaN,NaN,NaN,NaN,NaN,NaN
1325642400,NaN,NaN,NaN,NaN,NaN,NaN,NaN
1325642460,NaN,NaN,NaN,NaN,NaN,NaN,NaN
1325642520,NaN,NaN,NaN,NaN,NaN,NaN,NaN
1325642580,NaN,NaN,NaN,NaN,NaN,NaN,NaN
1325642640,NaN,NaN,NaN,NaN,NaN,NaN,NaN
1325642700,NaN,NaN,NaN,NaN,NaN,NaN,NaN
1325642760,NaN,NaN,NaN,NaN,NaN,NaN,NaN
1325642820,NaN,NaN,NaN,NaN,NaN,NaN,NaN
1325642880,NaN,NaN,NaN,NaN,NaN,NaN,NaN
1325642940,NaN,NaN,NaN,NaN,NaN,NaN,NaN
1325643000,NaN,NaN,NaN,NaN,NaN,NaN,NaN
1325643060,NaN,NaN,NaN,NaN,NaN,NaN,NaN
1325643120,NaN,NaN,NaN,NaN,NaN,NaN,NaN
1325643180,NaN,NaN,NaN,NaN,NaN,NaN,NaN
1325643240,NaN,NaN,NaN,NaN,NaN,NaN,NaN
1325643300,NaN,NaN,NaN,NaN,NaN,NaN,NaN
1325643360,NaN,NaN,NaN,NaN,NaN,NaN,NaN
1325643420,NaN,NaN,NaN,NaN,NaN,NaN,NaN
1325643480,NaN,NaN,NaN,NaN,NaN,NaN,NaN
1325643540,NaN,NaN,NaN,NaN,NaN,NaN,NaN
1325643600,NaN,NaN,NaN,NaN,NaN,NaN,NaN
1325643660,NaN,NaN,NaN,NaN,NaN,NaN,NaN
1325643720,NaN,NaN,NaN,NaN,NaN,NaN,NaN
1325643780,NaN,NaN,NaN,NaN,NaN,NaN,NaN
1325643840,NaN,NaN,NaN,NaN,NaN,NaN,NaN
1325643900,NaN,NaN,NaN,NaN,NaN,NaN,NaN
1325643960,NaN,NaN,NaN,NaN,NaN,NaN,NaN
1325644020,NaN,NaN,NaN,NaN,NaN,NaN,NaN
1325644080,NaN,NaN,NaN,NaN,NaN,NaN,NaN
1325644140,NaN,NaN,NaN,NaN,NaN,NaN,NaN
1325644200,NaN,NaN,NaN,NaN,NaN,NaN,NaN
1325644260,NaN,NaN,NaN,NaN,NaN,NaN,NaN
1325644320,NaN,NaN,NaN,NaN,NaN,NaN,NaN
1325644380,NaN,NaN,NaN,NaN,NaN,NaN,NaN
1325644440,NaN,NaN,NaN,NaN,NaN,NaN,NaN
1325644500,NaN,NaN,NaN,NaN,NaN,NaN,NaN
1325644560,NaN,NaN,NaN,NaN,NaN,NaN,NaN
1325644620,NaN,NaN,NaN,NaN,NaN,NaN,NaN
1325644680,NaN,NaN,NaN,NaN,NaN,NaN,NaN
1325644740,NaN,NaN,NaN,NaN,NaN,NaN,NaN
1325644800,NaN,NaN,NaN,NaN,NaN,NaN,NaN
1325644860,NaN,NaN,NaN,NaN,NaN,NaN,NaN
1325644920,NaN,NaN,NaN,NaN,NaN,NaN,NaN
1325644980,NaN,NaN,NaN,NaN,NaN,NaN,NaN
1325645040,NaN,NaN,NaN,NaN,NaN,NaN,NaN
1325645100,NaN,NaN,NaN,NaN,NaN,NaN,NaN
1325645160,NaN,NaN,NaN,NaN,NaN,NaN,NaN
1325645220,NaN,NaN,NaN,NaN,NaN,NaN,NaN
1325645280,NaN,NaN,NaN,NaN,NaN,NaN,NaN
1325645340,NaN,NaN,NaN,NaN,NaN,NaN,NaN
1325645400,NaN,NaN,NaN,NaN,NaN,NaN,NaN
1325645460,NaN,NaN,NaN,NaN,NaN,NaN,NaN
1325645520,NaN,NaN,NaN,NaN,NaN,NaN,NaN
1325645580,NaN,NaN,NaN,NaN,NaN,NaN,NaN
1325645640,NaN,NaN,NaN,NaN,NaN,NaN,NaN
1325645700,NaN,NaN,NaN,NaN,NaN,NaN,NaN
1325645760,NaN,NaN,NaN,NaN,NaN,NaN,NaN
1325645820,NaN,NaN,NaN,NaN,NaN,NaN,NaN
1325645880,NaN,NaN,NaN,NaN,NaN,NaN,NaN
1325645940,NaN,NaN,NaN,NaN,NaN,NaN,NaN
1325646000,NaN,NaN,NaN,NaN,NaN,NaN,NaN
1325646060,NaN,NaN,NaN,NaN,NaN,NaN,NaN
1325646120,NaN,NaN,NaN,NaN,NaN,NaN,NaN
1325646180,NaN,NaN,NaN,NaN,NaN,NaN,NaN
1325646240,NaN,NaN,NaN,NaN,NaN,NaN,NaN
1325646300,NaN,NaN,NaN,NaN,NaN,NaN,NaN
1325646360,NaN,NaN,NaN,NaN,NaN,NaN,NaN
1325646420,NaN,NaN,NaN,NaN,NaN,NaN,NaN
1325646480,NaN,NaN,NaN,NaN,NaN,NaN,NaN
1325646540,NaN,NaN,NaN,NaN,NaN,NaN,NaN
1325646600,NaN,NaN,NaN,NaN,NaN,NaN,NaN
1325646660,NaN,NaN,NaN,NaN,NaN,NaN,NaN
1325646720,NaN,NaN,NaN,NaN,NaN,NaN,NaN
1325646780,NaN,NaN,NaN,NaN,NaN,NaN,NaN
1325646840,NaN,NaN,NaN,NaN,NaN,NaN,NaN
1325646900,NaN,NaN,NaN,NaN,NaN,NaN,NaN
1325646960,NaN,NaN,NaN,NaN,NaN,NaN,NaN
1325647020,NaN,NaN,NaN,NaN,NaN,NaN,NaN
1325647080,NaN,NaN,NaN,NaN,NaN,NaN,NaN
1325647140,NaN,NaN,NaN,NaN,NaN,NaN,NaN
1325647200,NaN,NaN,NaN,NaN,NaN,NaN,NaN
1325647260,NaN,NaN,NaN,NaN,NaN,NaN,NaN
1325647320,NaN,NaN,NaN,NaN,NaN,NaN,NaN
1325647380,NaN,NaN,NaN,NaN,NaN,NaN,NaN
1325647440,NaN,NaN,NaN,NaN,NaN,NaN,NaN
1325647500,NaN,NaN,NaN,NaN,NaN,NaN,NaN
1325647560,NaN,NaN,NaN,NaN,NaN,NaN,NaN
1325647620,NaN,NaN,NaN,NaN,NaN,NaN,NaN
1325647680,NaN,NaN,NaN,NaN,NaN,NaN,NaN
1325647740,NaN,NaN,NaN,NaN,NaN,NaN,NaN
1325647800,NaN,NaN,NaN,NaN,NaN,NaN,NaN
1325647860,NaN,NaN,NaN,NaN,NaN,NaN,NaN
1325647920,NaN,NaN,NaN,NaN,NaN,NaN,NaN
1325647980,NaN,NaN,NaN,NaN,NaN,NaN,NaN
1325648040,NaN,NaN,NaN,NaN,NaN,NaN,NaN
1325648100,NaN,NaN,NaN,NaN,NaN,NaN,NaN
1325648160,NaN,NaN,NaN,NaN,NaN,NaN,NaN
1325648220,NaN,NaN,NaN,NaN,NaN,NaN,NaN
1325648280,NaN,NaN,NaN,NaN,NaN,NaN,NaN
1325648340,NaN,NaN,NaN,NaN,NaN,NaN,NaN
1325648400,NaN,NaN,NaN,NaN,NaN,NaN,NaN
1325648460,NaN,NaN,NaN,NaN,NaN,NaN,NaN
1325648520,NaN,NaN,NaN,NaN,NaN,NaN,NaN
1325648580,NaN,NaN,NaN,NaN,NaN,NaN,NaN
1325648640,NaN,NaN,NaN,NaN,NaN,NaN,NaN
1325648700,NaN,NaN,NaN,NaN,NaN,NaN,NaN
1325648760,NaN,NaN,NaN,NaN,NaN,NaN,NaN
1325648820,NaN,NaN,NaN,NaN,NaN,NaN,NaN
1325648880,NaN,NaN,NaN,NaN,NaN,NaN,NaN
1325648940,NaN,NaN,NaN,NaN,NaN,NaN,NaN
1325649000,NaN,NaN,NaN,NaN,NaN,NaN,NaN
1325649060,NaN,NaN,NaN,NaN,NaN,NaN,NaN
1325649120,NaN,NaN,NaN,NaN,NaN,NaN,NaN
1325649180,NaN,NaN,NaN,NaN,NaN,NaN,NaN
1325649240,NaN,NaN,NaN,NaN,NaN,NaN,NaN
1325649300,NaN,NaN,NaN,NaN,NaN,NaN,NaN
1325649360,NaN,NaN,NaN,NaN,NaN,NaN,NaN
1325649420,NaN,NaN,NaN,NaN,NaN,NaN,NaN
1325649480,NaN,NaN,NaN,NaN,NaN,NaN,NaN
1325649540,NaN,NaN,NaN,NaN,NaN,NaN,NaN
1325649600,NaN,NaN,NaN,NaN,NaN,NaN,NaN
1325649660,NaN,NaN,NaN,NaN,NaN,NaN,NaN
1325649720,NaN,NaN,NaN,NaN,NaN,NaN,NaN
1325649780,NaN,NaN,NaN,NaN,NaN,NaN,NaN
1325649840,NaN,NaN,NaN,NaN,NaN,NaN,NaN
1325649900,NaN,NaN,NaN,NaN,NaN,NaN,NaN
1325649960,NaN,NaN,NaN,NaN,NaN,NaN,NaN
1325650020,NaN,NaN,NaN,NaN,NaN,NaN,NaN
1325650080,NaN,NaN,NaN,NaN,NaN,NaN,NaN
1325650140,NaN,NaN,NaN,NaN,NaN,NaN,NaN
1325650200,NaN,NaN,NaN,NaN,NaN,NaN,NaN
1325650260,NaN,NaN,NaN,NaN,NaN,NaN,NaN
1325650320,NaN,NaN,NaN,NaN,NaN,NaN,NaN
1325650380,NaN,NaN,NaN,NaN,NaN,NaN,NaN
1325650440,NaN,NaN,NaN,NaN,NaN,NaN,NaN
1325650500,NaN,NaN,NaN,NaN,NaN,NaN,NaN
1325650560,NaN,NaN,NaN,NaN,NaN,NaN,NaN
1325650620,4.93,4.93,4.93,4.93,2.32,11.4376,4.93
1325650680,NaN,NaN,NaN,NaN,NaN,NaN,NaN
1325650740,NaN,NaN,NaN,NaN,NaN,NaN,NaN
1325650800,NaN,NaN,NaN,NaN,NaN,NaN,NaN
1325650860,NaN,NaN,NaN,NaN,NaN,NaN,NaN
1325650920,NaN,NaN,NaN,NaN,NaN,NaN,NaN
1325650980,NaN,NaN,NaN,NaN,NaN,NaN,NaN
1325651040,NaN,NaN,NaN,NaN,NaN,NaN,NaN
1325651100,NaN,NaN,NaN,NaN,NaN,NaN,NaN
1325651160,NaN,NaN,NaN,NaN,NaN,NaN,NaN
1325651220,NaN,NaN,NaN,NaN,NaN,NaN,NaN
1325651280,NaN,NaN,NaN,NaN,NaN,NaN,NaN
1325651340,NaN,NaN,NaN,NaN,NaN,NaN,NaN
1325651400,NaN,NaN,NaN,NaN,NaN,NaN,NaN
1325651460,NaN,NaN,NaN,NaN,NaN,NaN,NaN
1325651520,NaN,NaN,NaN,NaN,NaN,NaN,NaN
1325651580,NaN,NaN,NaN,NaN,NaN,NaN,NaN
1325651640,NaN,NaN,NaN,NaN,NaN,NaN,NaN
1325651700,NaN,NaN,NaN,NaN,NaN,NaN,NaN
1325651760,NaN,NaN,NaN,NaN,NaN,NaN,NaN
1325651820,NaN,NaN,NaN,NaN,NaN,NaN,NaN
1325651880,NaN,NaN,NaN,NaN,NaN,NaN,NaN
1325651940,NaN,NaN,NaN,NaN,NaN,NaN,NaN
1325652000,NaN,NaN,NaN,NaN,NaN,NaN,NaN
1325652060,NaN,NaN,NaN,NaN,NaN,NaN,NaN
1325652120,NaN,NaN,NaN,NaN,NaN,NaN,NaN
1325652180,NaN,NaN,NaN,NaN,NaN,NaN,NaN
1325652240,NaN,NaN,NaN,NaN,NaN,NaN,NaN
1325652300,NaN,NaN,NaN,NaN,NaN,NaN,NaN
1325652360,NaN,NaN,NaN,NaN,NaN,NaN,NaN
1325652420,NaN,NaN,NaN,NaN,NaN,NaN,NaN
1325652480,NaN,NaN,NaN,NaN,NaN,NaN,NaN
1325652540,NaN,NaN,NaN,NaN,NaN,NaN,NaN
1325652600,NaN,NaN,NaN,NaN,NaN,NaN,NaN
1325652660,NaN,NaN,NaN,NaN,NaN,NaN,NaN
1325652720,NaN,NaN,NaN,NaN,NaN,NaN,NaN
1325652780,NaN,NaN,NaN,NaN,NaN,NaN,NaN
1325652840,NaN,NaN,NaN,NaN,NaN,NaN,NaN
1325652900,NaN,NaN,NaN,NaN,NaN,NaN,NaN
1325652960,NaN,NaN,NaN,NaN,NaN,NaN,NaN
1325653020,NaN,NaN,NaN,NaN,NaN,NaN,NaN
1325653080,NaN,NaN,NaN,NaN,NaN,NaN,NaN
1325653140,NaN,NaN,NaN,NaN,NaN,NaN,NaN
1325653200,NaN,NaN,NaN,NaN,NaN,NaN,NaN
1325653260,NaN,NaN,NaN,NaN,NaN,NaN,NaN
1325653320,NaN,NaN,NaN,NaN,NaN,NaN,NaN
1325653380,NaN,NaN,NaN,NaN,NaN,NaN,NaN
1325653440,NaN,NaN,NaN,NaN,NaN,NaN,NaN
1325653500,4.93,4.93,4.93,4.93,9.68,47.7224,4.93
1325653560,NaN,NaN,NaN,NaN,NaN,NaN,NaN
1325653620,NaN,NaN,NaN,NaN,NaN,NaN,NaN
1325653680,NaN,NaN,NaN,NaN,NaN,NaN,NaN
1325653740,NaN,NaN,NaN,NaN,NaN,NaN,NaN
1325653800,NaN,NaN,NaN,NaN,NaN,NaN,NaN
1325653860,NaN,NaN,NaN,NaN,NaN,NaN,NaN
1325653920,NaN,NaN,NaN,NaN,NaN,NaN,NaN
1325653980,NaN,NaN,NaN,NaN,NaN,NaN,NaN
1325654040,NaN,NaN,NaN,NaN,NaN,NaN,NaN
1325654100,NaN,NaN,NaN,NaN,NaN,NaN,NaN
1325654160,NaN,NaN,NaN,NaN,NaN,NaN,NaN
1325654220,NaN,NaN,NaN,NaN,NaN,NaN,NaN
1325654280,NaN,NaN,NaN,NaN,NaN,NaN,NaN
1325654340,NaN,NaN,NaN,NaN,NaN,NaN,NaN
1325654400,NaN,NaN,NaN,NaN,NaN,NaN,NaN
1325654460,NaN,NaN,NaN,NaN,NaN,NaN,NaN
1325654520,NaN,NaN,NaN,NaN,NaN,NaN,NaN
1325654580,NaN,NaN,NaN,NaN,NaN,NaN,NaN
1325654640,NaN,NaN,NaN,NaN,NaN,NaN,NaN
1325654700,NaN,NaN,NaN,NaN,NaN,NaN,NaN
1325654760,NaN,NaN,NaN,NaN,NaN,NaN,NaN
1325654820,NaN,NaN,NaN,NaN,NaN,NaN,NaN
1325654880,NaN,NaN,NaN,NaN,NaN,NaN,NaN
1325654940,NaN,NaN,NaN,NaN,NaN,NaN,NaN
1325655000,NaN,NaN,NaN,NaN,NaN,NaN,NaN
1325655060,NaN,NaN,NaN,NaN,NaN,NaN,NaN
1325655120,NaN,NaN,NaN,NaN,NaN,NaN,NaN
1325655180,NaN,NaN,NaN,NaN,NaN,NaN,NaN
1325655240,NaN,NaN,NaN,NaN,NaN,NaN,NaN
1325655300,NaN,NaN,NaN,NaN,NaN,NaN,NaN
1325655360,NaN,NaN,NaN,NaN,NaN,NaN,NaN
1325655420,NaN,NaN,NaN,NaN,NaN,NaN,NaN
1325655480,NaN,NaN,NaN,NaN,NaN,NaN,NaN
1325655540,NaN,NaN,NaN,NaN,NaN,NaN,NaN
1325655600,NaN,NaN,NaN,NaN,NaN,NaN,NaN
1325655660,NaN,NaN,NaN,NaN,NaN,NaN,NaN
1325655720,NaN,NaN,NaN,NaN,NaN,NaN,NaN
1325655780,NaN,NaN,NaN,NaN,NaN,NaN,NaN
1325655840,NaN,NaN,NaN,NaN,NaN,NaN,NaN
1325655900,NaN,NaN,NaN,NaN,NaN,NaN,NaN
1325655960,NaN,NaN,NaN,NaN,NaN,NaN,NaN
1325656020,NaN,NaN,NaN,NaN,NaN,NaN,NaN
1325656080,NaN,NaN,NaN,NaN,NaN,NaN,NaN
1325656140,NaN,NaN,NaN,NaN,NaN,NaN,NaN
1325656200,NaN,NaN,NaN,NaN,NaN,NaN,NaN
1325656260,NaN,NaN,NaN,NaN,NaN,NaN,NaN
1325656320,NaN,NaN,NaN,NaN,NaN,NaN,NaN
1325656380,NaN,NaN,NaN,NaN,NaN,NaN,NaN
1325656440,NaN,NaN,NaN,NaN,NaN,NaN,NaN
1325656500,NaN,NaN,NaN,NaN,NaN,NaN,NaN
1325656560,NaN,NaN,NaN,NaN,NaN,NaN,NaN
1325656620,NaN,NaN,NaN,NaN,NaN,NaN,NaN
1325656680,NaN,NaN,NaN,NaN,NaN,NaN,NaN
1325656740,NaN,NaN,NaN,NaN,NaN,NaN,NaN
1325656800,NaN,NaN,NaN,NaN,NaN,NaN,NaN
1325656860,NaN,NaN,NaN,NaN,NaN,NaN,NaN
1325656920,NaN,NaN,NaN,NaN,NaN,NaN,NaN
1325656980,NaN,NaN,NaN,NaN,NaN,NaN,NaN
1325657040,NaN,NaN,NaN,NaN,NaN,NaN,NaN
1325657100,NaN,NaN,NaN,NaN,NaN,NaN,NaN
1325657160,NaN,NaN,NaN,NaN,NaN,NaN,NaN
1325657220,NaN,NaN,NaN,NaN,NaN,NaN,NaN
1325657280,NaN,NaN,NaN,NaN,NaN,NaN,NaN
1325657340,NaN,NaN,NaN,NaN,NaN,NaN,NaN
1325657400,NaN,NaN,NaN,NaN,NaN,NaN,NaN
1325657460,NaN,NaN,NaN,NaN,NaN,NaN,NaN
1325657520,NaN,NaN,NaN,NaN,NaN,NaN,NaN
1325657580,NaN,NaN,NaN,NaN,NaN,NaN,NaN
1325657640,NaN,NaN,NaN,NaN,NaN,NaN,NaN
1325657700,NaN,NaN,NaN,NaN,NaN,NaN,NaN
1325657760,NaN,NaN,NaN,NaN,NaN,NaN,NaN
1325657820,NaN,NaN,NaN,NaN,NaN,NaN,NaN
1325657880,NaN,NaN,NaN,NaN,NaN,NaN,NaN
1325657940,NaN,NaN,NaN,NaN,NaN,NaN,NaN
1325658000,NaN,NaN,NaN,NaN,NaN,NaN,NaN
1325658060,NaN,NaN,NaN,NaN,NaN,NaN,NaN
1325658120,NaN,NaN,NaN,NaN,NaN,NaN,NaN
1325658180,NaN,NaN,NaN,NaN,NaN,NaN,NaN
1325658240,NaN,NaN,NaN,NaN,NaN,NaN,NaN
1325658300,NaN,NaN,NaN,NaN,NaN,NaN,NaN
1325658360,NaN,NaN,NaN,NaN,NaN,NaN,NaN
1325658420,NaN,NaN,NaN,NaN,NaN,NaN,NaN
1325658480,NaN,NaN,NaN,NaN,NaN,NaN,NaN
1325658540,NaN,NaN,NaN,NaN,NaN,NaN,NaN
1325658600,NaN,NaN,NaN,NaN,NaN,NaN,NaN
1325658660,NaN,NaN,NaN,NaN,NaN,NaN,NaN
1325658720,NaN,NaN,NaN,NaN,NaN,NaN,NaN
1325658780,NaN,NaN,NaN,NaN,NaN,NaN,NaN
1325658840,NaN,NaN,NaN,NaN,NaN,NaN,NaN
1325658900,NaN,NaN,NaN,NaN,NaN,NaN,NaN
1325658960,NaN,NaN,NaN,NaN,NaN,NaN,NaN
1325659020,NaN,NaN,NaN,NaN,NaN,NaN,NaN
1325659080,NaN,NaN,NaN,NaN,NaN,NaN,NaN
1325659140,NaN,NaN,NaN,NaN,NaN,NaN,NaN
1325659200,NaN,NaN,NaN,NaN,NaN,NaN,NaN
1325659260,NaN,NaN,NaN,NaN,NaN,NaN,NaN
1325659320,NaN,NaN,NaN,NaN,NaN,NaN,NaN
1325659380,NaN,NaN,NaN,NaN,NaN,NaN,NaN
1325659440,NaN,NaN,NaN,NaN,NaN,NaN,NaN
1325659500,NaN,NaN,NaN,NaN,NaN,NaN,NaN
1325659560,NaN,NaN,NaN,NaN,NaN,NaN,NaN
1325659620,NaN,NaN,NaN,NaN,NaN,NaN,NaN
1325659680,NaN,NaN,NaN,NaN,NaN,NaN,NaN
1325659740,NaN,NaN,NaN,NaN,NaN,NaN,NaN
1325659800,NaN,NaN,NaN,NaN,NaN,NaN,NaN
1325659860,NaN,NaN,NaN,NaN,NaN,NaN,NaN
1325659920,NaN,NaN,NaN,NaN,NaN,NaN,NaN
1325659980,NaN,NaN,NaN,NaN,NaN,NaN,NaN
1325660040,NaN,NaN,NaN,NaN,NaN,NaN,NaN
1325660100,NaN,NaN,NaN,NaN,NaN,NaN,NaN
1325660160,NaN,NaN,NaN,NaN,NaN,NaN,NaN
1325660220,NaN,NaN,NaN,NaN,NaN,NaN,NaN
1325660280,NaN,NaN,NaN,NaN,NaN,NaN,NaN
1325660340,NaN,NaN,NaN,NaN,NaN,NaN,NaN
1325660400,NaN,NaN,NaN,NaN,NaN,NaN,NaN
1325660460,NaN,NaN,NaN,NaN,NaN,NaN,NaN
1325660520,NaN,NaN,NaN,NaN,NaN,NaN,NaN
1325660580,NaN,NaN,NaN,NaN,NaN,NaN,NaN
1325660640,NaN,NaN,NaN,NaN,NaN,NaN,NaN
1325660700,NaN,NaN,NaN,NaN,NaN,NaN,NaN
1325660760,NaN,NaN,NaN,NaN,NaN,NaN,NaN
1325660820,NaN,NaN,NaN,NaN,NaN,NaN,NaN
1325660880,NaN,NaN,NaN,NaN,NaN,NaN,NaN
1325660940,NaN,NaN,NaN,NaN,NaN,NaN,NaN
1325661000,NaN,NaN,NaN,NaN,NaN,NaN,NaN
1325661060,NaN,NaN,NaN,NaN,NaN,NaN,NaN
1325661120,NaN,NaN,NaN,NaN,NaN,NaN,NaN
1325661180,NaN,NaN,NaN,NaN,NaN,NaN,NaN
1325661240,NaN,NaN,NaN,NaN,NaN,NaN,NaN
1325661300,NaN,NaN,NaN,NaN,NaN,NaN,NaN
1325661360,NaN,NaN,NaN,NaN,NaN,NaN,NaN
1325661420,NaN,NaN,NaN,NaN,NaN,NaN,NaN
1325661480,NaN,NaN,NaN,NaN,NaN,NaN,NaN
1325661540,NaN,NaN,NaN,NaN,NaN,NaN,NaN
1325661600,NaN,NaN,NaN,NaN,NaN,NaN,NaN
1325661660,NaN,NaN,NaN,NaN,NaN,NaN,NaN
1325661720,NaN,NaN,NaN,NaN,NaN,NaN,NaN
1325661780,NaN,NaN,NaN,NaN,NaN,NaN,NaN
1325661840,NaN,NaN,NaN,NaN,NaN,NaN,NaN
1325661900,NaN,NaN,NaN,NaN,NaN,NaN,NaN
1325661960,NaN,NaN,NaN,NaN,NaN,NaN,NaN
1325662020,NaN,NaN,NaN,NaN,NaN,NaN,NaN
1325662080,NaN,NaN,NaN,NaN,NaN,NaN,NaN
1325662140,NaN,NaN,NaN,NaN,NaN,NaN,NaN
1325662200,NaN,NaN,NaN,NaN,NaN,NaN,NaN
1325662260,NaN,NaN,NaN,NaN,NaN,NaN,NaN
1325662320,NaN,NaN,NaN,NaN,NaN,NaN,NaN
1325662380,NaN,NaN,NaN,NaN,NaN,NaN,NaN
1325662440,NaN,NaN,NaN,NaN,NaN,NaN,NaN
1325662500,NaN,NaN,NaN,NaN,NaN,NaN,NaN
1325662560,NaN,NaN,NaN,NaN,NaN,NaN,NaN
1325662620,NaN,NaN,NaN,NaN,NaN,NaN,NaN
1325662680,NaN,NaN,NaN,NaN,NaN,NaN,NaN
1325662740,NaN,NaN,NaN,NaN,NaN,NaN,NaN
1325662800,NaN,NaN,NaN,NaN,NaN,NaN,NaN
1325662860,NaN,NaN,NaN,NaN,NaN,NaN,NaN
1325662920,NaN,NaN,NaN,NaN,NaN,NaN,NaN
1325662980,NaN,NaN,NaN,NaN,NaN,NaN,NaN
1325663040,NaN,NaN,NaN,NaN,NaN,NaN,NaN
1325663100,NaN,NaN,NaN,NaN,NaN,NaN,NaN
1325663160,NaN,NaN,NaN,NaN,NaN,NaN,NaN
1325663220,NaN,NaN,NaN,NaN,NaN,NaN,NaN
1325663280,NaN,NaN,NaN,NaN,NaN,NaN,NaN
1325663340,NaN,NaN,NaN,NaN,NaN,NaN,NaN
1325663400,NaN,NaN,NaN,NaN,NaN,NaN,NaN
1325663460,NaN,NaN,NaN,NaN,NaN,NaN,NaN
1325663520,NaN,NaN,NaN,NaN,NaN,NaN,NaN
1325663580,NaN,NaN,NaN,NaN,NaN,NaN,NaN
1325663640,NaN,NaN,NaN,NaN,NaN,NaN,NaN
1325663700,NaN,NaN,NaN,NaN,NaN,NaN,NaN
1325663760,NaN,NaN,NaN,NaN,NaN,NaN,NaN
1325663820,NaN,NaN,NaN,NaN,NaN,NaN,NaN
1325663880,NaN,NaN,NaN,NaN,NaN,NaN,NaN
1325663940,NaN,NaN,NaN,NaN,NaN,NaN,NaN
1325664000,NaN,NaN,NaN,NaN,NaN,NaN,NaN
1325664060,NaN,NaN,NaN,NaN,NaN,NaN,NaN
1325664120,NaN,NaN,NaN,NaN,NaN,NaN,NaN
1325664180,NaN,NaN,NaN,NaN,NaN,NaN,NaN
1325664240,NaN,NaN,NaN,NaN,NaN,NaN,NaN
1325664300,NaN,NaN,NaN,NaN,NaN,NaN,NaN
1325664360,NaN,NaN,NaN,NaN,NaN,NaN,NaN
1325664420,NaN,NaN,NaN,NaN,NaN,NaN,NaN
1325664480,NaN,NaN,NaN,NaN,NaN,NaN,NaN
1325664540,NaN,NaN,NaN,NaN,NaN,NaN,NaN
1325664600,NaN,NaN,NaN,NaN,NaN,NaN,NaN
1325664660,NaN,NaN,NaN,NaN,NaN,NaN,NaN
1325664720,NaN,NaN,NaN,NaN,NaN,NaN,NaN
1325664780,NaN,NaN,NaN,NaN,NaN,NaN,NaN
1325664840,NaN,NaN,NaN,NaN,NaN,NaN,NaN
1325664900,NaN,NaN,NaN,NaN,NaN,NaN,NaN
1325664960,NaN,NaN,NaN,NaN,NaN,NaN,NaN
1325665020,NaN,NaN,NaN,NaN,NaN,NaN,NaN
1325665080,NaN,NaN,NaN,NaN,NaN,NaN,NaN
1325665140,NaN,NaN,NaN,NaN,NaN,NaN,NaN
1325665200,NaN,NaN,NaN,NaN,NaN,NaN,NaN
1325665260,NaN,NaN,NaN,NaN,NaN,NaN,NaN
1325665320,NaN,NaN,NaN,NaN,NaN,NaN,NaN
1325665380,NaN,NaN,NaN,NaN,NaN,NaN,NaN
1325665440,NaN,NaN,NaN,NaN,NaN,NaN,NaN
1325665500,NaN,NaN,NaN,NaN,NaN,NaN,NaN
1325665560,NaN,NaN,NaN,NaN,NaN,NaN,NaN
1325665620,NaN,NaN,NaN,NaN,NaN,NaN,NaN
1325665680,NaN,NaN,NaN,NaN,NaN,NaN,NaN
1325665740,NaN,NaN,NaN,NaN,NaN,NaN,NaN
1325665800,NaN,NaN,NaN,NaN,NaN,NaN,NaN
1325665860,NaN,NaN,NaN,NaN,NaN,NaN,NaN
1325665920,NaN,NaN,NaN,NaN,NaN,NaN,NaN
1325665980,NaN,NaN,NaN,NaN,NaN,NaN,NaN
1325666040,NaN,NaN,NaN,NaN,NaN,NaN,NaN
1325666100,NaN,NaN,NaN,NaN,NaN,NaN,NaN
1325666160,NaN,NaN,NaN,NaN,NaN,NaN,NaN
1325666220,NaN,NaN,NaN,NaN,NaN,NaN,NaN
1325666280,NaN,NaN,NaN,NaN,NaN,NaN,NaN
1325666340,NaN,NaN,NaN,NaN,NaN,NaN,NaN
1325666400,NaN,NaN,NaN,NaN,NaN,NaN,NaN
1325666460,NaN,NaN,NaN,NaN,NaN,NaN,NaN
1325666520,NaN,NaN,NaN,NaN,NaN,NaN,NaN
1325666580,NaN,NaN,NaN,NaN,NaN,NaN,NaN
1325666640,NaN,NaN,NaN,NaN,NaN,NaN,NaN
1325666700,NaN,NaN,NaN,NaN,NaN,NaN,NaN
1325666760,NaN,NaN,NaN,NaN,NaN,NaN,NaN
1325666820,NaN,NaN,NaN,NaN,NaN,NaN,NaN
1325666880,NaN,NaN,NaN,NaN,NaN,NaN,NaN
1325666940,NaN,NaN,NaN,NaN,NaN,NaN,NaN
1325667000,NaN,NaN,NaN,NaN,NaN,NaN,NaN
1325667060,NaN,NaN,NaN,NaN,NaN,NaN,NaN
1325667120,NaN,NaN,NaN,NaN,NaN,NaN,NaN
1325667180,NaN,NaN,NaN,NaN,NaN,NaN,NaN
1325667240,NaN,NaN,NaN,NaN,NaN,NaN,NaN
1325667300,NaN,NaN,NaN,NaN,NaN,NaN,NaN
1325667360,NaN,NaN,NaN,NaN,NaN,NaN,NaN
1325667420,NaN,NaN,NaN,NaN,NaN,NaN,NaN
1325667480,NaN,NaN,NaN,NaN,NaN,NaN,NaN
1325667540,NaN,NaN,NaN,NaN,NaN,NaN,NaN
1325667600,NaN,NaN,NaN,NaN,NaN,NaN,NaN
1325667660,NaN,NaN,NaN,NaN,NaN,NaN,NaN
1325667720,NaN,NaN,NaN,NaN,NaN,NaN,NaN
1325667780,NaN,NaN,NaN,NaN,NaN,NaN,NaN
1325667840,NaN,NaN,NaN,NaN,NaN,NaN,NaN
1325667900,NaN,NaN,NaN,NaN,NaN,NaN,NaN
1325667960,NaN,NaN,NaN,NaN,NaN,NaN,NaN
1325668020,NaN,NaN,NaN,NaN,NaN,NaN,NaN
1325668080,NaN,NaN,NaN,NaN,NaN,NaN,NaN
1325668140,NaN,NaN,NaN,NaN,NaN,NaN,NaN
1325668200,NaN,NaN,NaN,NaN,NaN,NaN,NaN
1325668260,NaN,NaN,NaN,NaN,NaN,NaN,NaN
1325668320,NaN,NaN,NaN,NaN,NaN,NaN,NaN
1325668380,NaN,NaN,NaN,NaN,NaN,NaN,NaN
1325668440,NaN,NaN,NaN,NaN,NaN,NaN,NaN
1325668500,NaN,NaN,NaN,NaN,NaN,NaN,NaN
1325668560,NaN,NaN,NaN,NaN,NaN,NaN,NaN
1325668620,NaN,NaN,NaN,NaN,NaN,NaN,NaN
1325668680,NaN,NaN,NaN,NaN,NaN,NaN,NaN
1325668740,NaN,NaN,NaN,NaN,NaN,NaN,NaN
1325668800,NaN,NaN,NaN,NaN,NaN,NaN,NaN
1325668860,NaN,NaN,NaN,NaN,NaN,NaN,NaN
1325668920,NaN,NaN,NaN,NaN,NaN,NaN,NaN
1325668980,NaN,NaN,NaN,NaN,NaN,NaN,NaN
1325669040,NaN,NaN,NaN,NaN,NaN,NaN,NaN
1325669100,NaN,NaN,NaN,NaN,NaN,NaN,NaN
1325669160,NaN,NaN,NaN,NaN,NaN,NaN,NaN
1325669220,NaN,NaN,NaN,NaN,NaN,NaN,NaN
1325669280,NaN,NaN,NaN,NaN,NaN,NaN,NaN
1325669340,NaN,NaN,NaN,NaN,NaN,NaN,NaN
1325669400,NaN,NaN,NaN,NaN,NaN,NaN,NaN
1325669460,NaN,NaN,NaN,NaN,NaN,NaN,NaN
1325669520,NaN,NaN,NaN,NaN,NaN,NaN,NaN
1325669580,NaN,NaN,NaN,NaN,NaN,NaN,NaN
1325669640,NaN,NaN,NaN,NaN,NaN,NaN,NaN
1325669700,NaN,NaN,NaN,NaN,NaN,NaN,NaN
1325669760,NaN,NaN,NaN,NaN,NaN,NaN,NaN
1325669820,NaN,NaN,NaN,NaN,NaN,NaN,NaN
1325669880,NaN,NaN,NaN,NaN,NaN,NaN,NaN
1325669940,NaN,NaN,NaN,NaN,NaN,NaN,NaN
1325670000,NaN,NaN,NaN,NaN,NaN,NaN,NaN
1325670060,NaN,NaN,NaN,NaN,NaN,NaN,NaN
1325670120,NaN,NaN,NaN,NaN,NaN,NaN,NaN
1325670180,NaN,NaN,NaN,NaN,NaN,NaN,NaN
1325670240,NaN,NaN,NaN,NaN,NaN,NaN,NaN
1325670300,NaN,NaN,NaN,NaN,NaN,NaN,NaN
1325670360,NaN,NaN,NaN,NaN,NaN,NaN,NaN
1325670420,NaN,NaN,NaN,NaN,NaN,NaN,NaN
1325670480,NaN,NaN,NaN,NaN,NaN,NaN,NaN
1325670540,NaN,NaN,NaN,NaN,NaN,NaN,NaN
1325670600,NaN,NaN,NaN,NaN,NaN,NaN,NaN
1325670660,NaN,NaN,NaN,NaN,NaN,NaN,NaN
1325670720,NaN,NaN,NaN,NaN,NaN,NaN,NaN
1325670780,NaN,NaN,NaN,NaN,NaN,NaN,NaN
1325670840,NaN,NaN,NaN,NaN,NaN,NaN,NaN
1325670900,NaN,NaN,NaN,NaN,NaN,NaN,NaN
1325670960,NaN,NaN,NaN,NaN,NaN,NaN,NaN
1325671020,NaN,NaN,NaN,NaN,NaN,NaN,NaN
1325671080,NaN,NaN,NaN,NaN,NaN,NaN,NaN
1325671140,NaN,NaN,NaN,NaN,NaN,NaN,NaN
1325671200,NaN,NaN,NaN,NaN,NaN,NaN,NaN
1325671260,NaN,NaN,NaN,NaN,NaN,NaN,NaN
1325671320,NaN,NaN,NaN,NaN,NaN,NaN,NaN
1325671380,NaN,NaN,NaN,NaN,NaN,NaN,NaN
1325671440,NaN,NaN,NaN,NaN,NaN,NaN,NaN
1325671500,NaN,NaN,NaN,NaN,NaN,NaN,NaN
1325671560,NaN,NaN,NaN,NaN,NaN,NaN,NaN
1325671620,NaN,NaN,NaN,NaN,NaN,NaN,NaN
1325671680,NaN,NaN,NaN,NaN,NaN,NaN,NaN
1325671740,NaN,NaN,NaN,NaN,NaN,NaN,NaN
1325671800,NaN,NaN,NaN,NaN,NaN,NaN,NaN
1325671860,NaN,NaN,NaN,NaN,NaN,NaN,NaN
1325671920,NaN,NaN,NaN,NaN,NaN,NaN,NaN
1325671980,NaN,NaN,NaN,NaN,NaN,NaN,NaN
1325672040,NaN,NaN,NaN,NaN,NaN,NaN,NaN
1325672100,NaN,NaN,NaN,NaN,NaN,NaN,NaN
1325672160,NaN,NaN,NaN,NaN,NaN,NaN,NaN
1325672220,NaN,NaN,NaN,NaN,NaN,NaN,NaN
1325672280,NaN,NaN,NaN,NaN,NaN,NaN,NaN
1325672340,NaN,NaN,NaN,NaN,NaN,NaN,NaN
1325672400,NaN,NaN,NaN,NaN,NaN,NaN,NaN
1325672460,NaN,NaN,NaN,NaN,NaN,NaN,NaN
1325672520,NaN,NaN,NaN,NaN,NaN,NaN,NaN
1325672580,NaN,NaN,NaN,NaN,NaN,NaN,NaN
1325672640,NaN,NaN,NaN,NaN,NaN,NaN,NaN
1325672700,NaN,NaN,NaN,NaN,NaN,NaN,NaN
1325672760,NaN,NaN,NaN,NaN,NaN,NaN,NaN
1325672820,NaN,NaN,NaN,NaN,NaN,NaN,NaN
1325672880,NaN,NaN,NaN,NaN,NaN,NaN,NaN
1325672940,NaN,NaN,NaN,NaN,NaN,NaN,NaN
1325673000,NaN,NaN,NaN,NaN,NaN,NaN,NaN
1325673060,NaN,NaN,NaN,NaN,NaN,NaN,NaN
1325673120,NaN,NaN,NaN,NaN,NaN,NaN,NaN
1325673180,NaN,NaN,NaN,NaN,NaN,NaN,NaN
1325673240,NaN,NaN,NaN,NaN,NaN,NaN,NaN
1325673300,NaN,NaN,NaN,NaN,NaN,NaN,NaN
1325673360,NaN,NaN,NaN,NaN,NaN,NaN,NaN
1325673420,NaN,NaN,NaN,NaN,NaN,NaN,NaN
1325673480,NaN,NaN,NaN,NaN,NaN,NaN,NaN
1325673540,NaN,NaN,NaN,NaN,NaN,NaN,NaN
1325673600,NaN,NaN,NaN,NaN,NaN,NaN,NaN
1325673660,NaN,NaN,NaN,NaN,NaN,NaN,NaN
1325673720,NaN,NaN,NaN,NaN,NaN,NaN,NaN
1325673780,NaN,NaN,NaN,NaN,NaN,NaN,NaN
1325673840,NaN,NaN,NaN,NaN,NaN,NaN,NaN
1325673900,NaN,NaN,NaN,NaN,NaN,NaN,NaN
1325673960,NaN,NaN,NaN,NaN,NaN,NaN,NaN
1325674020,NaN,NaN,NaN,NaN,NaN,NaN,NaN
1325674080,NaN,NaN,NaN,NaN,NaN,NaN,NaN
1325674140,NaN,NaN,NaN,NaN,NaN,NaN,NaN
1325674200,NaN,NaN,NaN,NaN,NaN,NaN,NaN
1325674260,NaN,NaN,NaN,NaN,NaN,NaN,NaN
1325674320,NaN,NaN,NaN,NaN,NaN,NaN,NaN
1325674380,NaN,NaN,NaN,NaN,NaN,NaN,NaN
1325674440,NaN,NaN,NaN,NaN,NaN,NaN,NaN
1325674500,NaN,NaN,NaN,NaN,NaN,NaN,NaN
1325674560,NaN,NaN,NaN,NaN,NaN,NaN,NaN
1325674620,NaN,NaN,NaN,NaN,NaN,NaN,NaN
1325674680,NaN,NaN,NaN,NaN,NaN,NaN,NaN
1325674740,NaN,NaN,NaN,NaN,NaN,NaN,NaN
1325674800,NaN,NaN,NaN,NaN,NaN,NaN,NaN
1325674860,NaN,NaN,NaN,NaN,NaN,NaN,NaN
1325674920,NaN,NaN,NaN,NaN,NaN,NaN,NaN
1325674980,NaN,NaN,NaN,NaN,NaN,NaN,NaN
1325675040,NaN,NaN,NaN,NaN,NaN,NaN,NaN
1325675100,NaN,NaN,NaN,NaN,NaN,NaN,NaN
1325675160,NaN,NaN,NaN,NaN,NaN,NaN,NaN
1325675220,NaN,NaN,NaN,NaN,NaN,NaN,NaN
1325675280,NaN,NaN,NaN,NaN,NaN,NaN,NaN
1325675340,NaN,NaN,NaN,NaN,NaN,NaN,NaN
1325675400,NaN,NaN,NaN,NaN,NaN,NaN,NaN
1325675460,NaN,NaN,NaN,NaN,NaN,NaN,NaN
1325675520,NaN,NaN,NaN,NaN,NaN,NaN,NaN
1325675580,NaN,NaN,NaN,NaN,NaN,NaN,NaN
1325675640,NaN,NaN,NaN,NaN,NaN,NaN,NaN
1325675700,NaN,NaN,NaN,NaN,NaN,NaN,NaN
1325675760,NaN,NaN,NaN,NaN,NaN,NaN,NaN
1325675820,NaN,NaN,NaN,NaN,NaN,NaN,NaN
1325675880,NaN,NaN,NaN,NaN,NaN,NaN,NaN
1325675940,NaN,NaN,NaN,NaN,NaN,NaN,NaN
1325676000,NaN,NaN,NaN,NaN,NaN,NaN,NaN
1325676060,NaN,NaN,NaN,NaN,NaN,NaN,NaN
1325676120,NaN,NaN,NaN,NaN,NaN,NaN,NaN
1325676180,NaN,NaN,NaN,NaN,NaN,NaN,NaN
1325676240,NaN,NaN,NaN,NaN,NaN,NaN,NaN
1325676300,NaN,NaN,NaN,NaN,NaN,NaN,NaN
1325676360,NaN,NaN,NaN,NaN,NaN,NaN,NaN
1325676420,NaN,NaN,NaN,NaN,NaN,NaN,NaN
1325676480,NaN,NaN,NaN,NaN,NaN,NaN,NaN
1325676540,NaN,NaN,NaN,NaN,NaN,NaN,NaN
1325676600,NaN,NaN,NaN,NaN,NaN,NaN,NaN
1325676660,NaN,NaN,NaN,NaN,NaN,NaN,NaN
1325676720,NaN,NaN,NaN,NaN,NaN,NaN,NaN
1325676780,NaN,NaN,NaN,NaN,NaN,NaN,NaN
1325676840,NaN,NaN,NaN,NaN,NaN,NaN,NaN
1325676900,NaN,NaN,NaN,NaN,NaN,NaN,NaN
1325676960,NaN,NaN,NaN,NaN,NaN,NaN,NaN
1325677020,NaN,NaN,NaN,NaN,NaN,NaN,NaN
1325677080,NaN,NaN,NaN,NaN,NaN,NaN,NaN
1325677140,NaN,NaN,NaN,NaN,NaN,NaN,NaN
1325677200,NaN,NaN,NaN,NaN,NaN,NaN,NaN
1325677260,NaN,NaN,NaN,NaN,NaN,NaN,NaN
1325677320,NaN,NaN,NaN,NaN,NaN,NaN,NaN
1325677380,NaN,NaN,NaN,NaN,NaN,NaN,NaN
1325677440,NaN,NaN,NaN,NaN,NaN,NaN,NaN
1325677500,NaN,NaN,NaN,NaN,NaN,NaN,NaN
1325677560,NaN,NaN,NaN,NaN,NaN,NaN,NaN
1325677620,NaN,NaN,NaN,NaN,NaN,NaN,NaN
1325677680,NaN,NaN,NaN,NaN,NaN,NaN,NaN
1325677740,NaN,NaN,NaN,NaN,NaN,NaN,NaN
1325677800,NaN,NaN,NaN,NaN,NaN,NaN,NaN
1325677860,NaN,NaN,NaN,NaN,NaN,NaN,NaN
1325677920,NaN,NaN,NaN,NaN,NaN,NaN,NaN
1325677980,NaN,NaN,NaN,NaN,NaN,NaN,NaN
1325678040,NaN,NaN,NaN,NaN,NaN,NaN,NaN
1325678100,NaN,NaN,NaN,NaN,NaN,NaN,NaN
1325678160,NaN,NaN,NaN,NaN,NaN,NaN,NaN
1325678220,NaN,NaN,NaN,NaN,NaN,NaN,NaN
1325678280,NaN,NaN,NaN,NaN,NaN,NaN,NaN
1325678340,NaN,NaN,NaN,NaN,NaN,NaN,NaN
1325678400,NaN,NaN,NaN,NaN,NaN,NaN,NaN
1325678460,NaN,NaN,NaN,NaN,NaN,NaN,NaN
1325678520,NaN,NaN,NaN,NaN,NaN,NaN,NaN
1325678580,NaN,NaN,NaN,NaN,NaN,NaN,NaN
1325678640,NaN,NaN,NaN,NaN,NaN,NaN,NaN
1325678700,NaN,NaN,NaN,NaN,NaN,NaN,NaN
1325678760,NaN,NaN,NaN,NaN,NaN,NaN,NaN
1325678820,NaN,NaN,NaN,NaN,NaN,NaN,NaN
1325678880,NaN,NaN,NaN,NaN,NaN,NaN,NaN
1325678940,NaN,NaN,NaN,NaN,NaN,NaN,NaN
1325679000,NaN,NaN,NaN,NaN,NaN,NaN,NaN
1325679060,NaN,NaN,NaN,NaN,NaN,NaN,NaN
1325679120,NaN,NaN,NaN,NaN,NaN,NaN,NaN
1325679180,NaN,NaN,NaN,NaN,NaN,NaN,NaN
1325679240,NaN,NaN,NaN,NaN,NaN,NaN,NaN
1325679300,NaN,NaN,NaN,NaN,NaN,NaN,NaN
1325679360,NaN,NaN,NaN,NaN,NaN,NaN,NaN
1325679420,NaN,NaN,NaN,NaN,NaN,NaN,NaN
1325679480,NaN,NaN,NaN,NaN,NaN,NaN,NaN
1325679540,NaN,NaN,NaN,NaN,NaN,NaN,NaN
1325679600,NaN,NaN,NaN,NaN,NaN,NaN,NaN
1325679660,NaN,NaN,NaN,NaN,NaN,NaN,NaN
1325679720,NaN,NaN,NaN,NaN,NaN,NaN,NaN
1325679780,NaN,NaN,NaN,NaN,NaN,NaN,NaN
1325679840,NaN,NaN,NaN,NaN,NaN,NaN,NaN
1325679900,NaN,NaN,NaN,NaN,NaN,NaN,NaN
1325679960,NaN,NaN,NaN,NaN,NaN,NaN,NaN
1325680020,NaN,NaN,NaN,NaN,NaN,NaN,NaN
1325680080,NaN,NaN,NaN,NaN,NaN,NaN,NaN
1325680140,NaN,NaN,NaN,NaN,NaN,NaN,NaN
1325680200,NaN,NaN,NaN,NaN,NaN,NaN,NaN
1325680260,NaN,NaN,NaN,NaN,NaN,NaN,NaN
1325680320,NaN,NaN,NaN,NaN,NaN,NaN,NaN
1325680380,NaN,NaN,NaN,NaN,NaN,NaN,NaN
1325680440,NaN,NaN,NaN,NaN,NaN,NaN,NaN
1325680500,NaN,NaN,NaN,NaN,NaN,NaN,NaN
1325680560,NaN,NaN,NaN,NaN,NaN,NaN,NaN
1325680620,NaN,NaN,NaN,NaN,NaN,NaN,NaN
1325680680,NaN,NaN,NaN,NaN,NaN,NaN,NaN
1325680740,NaN,NaN,NaN,NaN,NaN,NaN,NaN
1325680800,NaN,NaN,NaN,NaN,NaN,NaN,NaN
1325680860,5.19,5.19,5.19,5.19,2.6416185,13.710000015,5.19
1325680920,NaN,NaN,NaN,NaN,NaN,NaN,NaN
1325680980,NaN,NaN,NaN,NaN,NaN,NaN,NaN
1325681040,NaN,NaN,NaN,NaN,NaN,NaN,NaN
1325681100,NaN,NaN,NaN,NaN,NaN,NaN,NaN
1325681160,NaN,NaN,NaN,NaN,NaN,NaN,NaN
1325681220,NaN,NaN,NaN,NaN,NaN,NaN,NaN
1325681280,NaN,NaN,NaN,NaN,NaN,NaN,NaN
1325681340,NaN,NaN,NaN,NaN,NaN,NaN,NaN
1325681400,NaN,NaN,NaN,NaN,NaN,NaN,NaN
1325681460,NaN,NaN,NaN,NaN,NaN,NaN,NaN
1325681520,NaN,NaN,NaN,NaN,NaN,NaN,NaN
1325681580,NaN,NaN,NaN,NaN,NaN,NaN,NaN
1325681640,NaN,NaN,NaN,NaN,NaN,NaN,NaN
1325681700,NaN,NaN,NaN,NaN,NaN,NaN,NaN
1325681760,NaN,NaN,NaN,NaN,NaN,NaN,NaN
1325681820,5.19,5.19,5.19,5.19,8.72447013,45.279999975,5.19
1325681880,NaN,NaN,NaN,NaN,NaN,NaN,NaN
1325681940,NaN,NaN,NaN,NaN,NaN,NaN,NaN
1325682000,NaN,NaN,NaN,NaN,NaN,NaN,NaN
1325682060,NaN,NaN,NaN,NaN,NaN,NaN,NaN
1325682120,NaN,NaN,NaN,NaN,NaN,NaN,NaN
1325682180,NaN,NaN,NaN,NaN,NaN,NaN,NaN
1325682240,NaN,NaN,NaN,NaN,NaN,NaN,NaN
1325682300,NaN,NaN,NaN,NaN,NaN,NaN,NaN
1325682360,NaN,NaN,NaN,NaN,NaN,NaN,NaN
1325682420,NaN,NaN,NaN,NaN,NaN,NaN,NaN
1325682480,NaN,NaN,NaN,NaN,NaN,NaN,NaN
1325682540,NaN,NaN,NaN,NaN,NaN,NaN,NaN
1325682600,NaN,NaN,NaN,NaN,NaN,NaN,NaN
1325682660,NaN,NaN,NaN,NaN,NaN,NaN,NaN
1325682720,NaN,NaN,NaN,NaN,NaN,NaN,NaN
1325682780,NaN,NaN,NaN,NaN,NaN,NaN,NaN
1325682840,NaN,NaN,NaN,NaN,NaN,NaN,NaN
1325682900,NaN,NaN,NaN,NaN,NaN,NaN,NaN
1325682960,NaN,NaN,NaN,NaN,NaN,NaN,NaN
1325683020,NaN,NaN,NaN,NaN,NaN,NaN,NaN
1325683080,NaN,NaN,NaN,NaN,NaN,NaN,NaN
1325683140,NaN,NaN,NaN,NaN,NaN,NaN,NaN
1325683200,NaN,NaN,NaN,NaN,NaN,NaN,NaN
1325683260,NaN,NaN,NaN,NaN,NaN,NaN,NaN
1325683320,NaN,NaN,NaN,NaN,NaN,NaN,NaN
1325683380,NaN,NaN,NaN,NaN,NaN,NaN,NaN
1325683440,NaN,NaN,NaN,NaN,NaN,NaN,NaN
1325683500,NaN,NaN,NaN,NaN,NaN,NaN,NaN
1325683560,NaN,NaN,NaN,NaN,NaN,NaN,NaN
1325683620,NaN,NaN,NaN,NaN,NaN,NaN,NaN
1325683680,NaN,NaN,NaN,NaN,NaN,NaN,NaN
1325683740,NaN,NaN,NaN,NaN,NaN,NaN,NaN
1325683800,NaN,NaN,NaN,NaN,NaN,NaN,NaN
1325683860,NaN,NaN,NaN,NaN,NaN,NaN,NaN
1325683920,NaN,NaN,NaN,NaN,NaN,NaN,NaN
1325683980,NaN,NaN,NaN,NaN,NaN,NaN,NaN
1325684040,NaN,NaN,NaN,NaN,NaN,NaN,NaN
1325684100,NaN,NaN,NaN,NaN,NaN,NaN,NaN
1325684160,NaN,NaN,NaN,NaN,NaN,NaN,NaN
1325684220,NaN,NaN,NaN,NaN,NaN,NaN,NaN
1325684280,NaN,NaN,NaN,NaN,NaN,NaN,NaN
1325684340,NaN,NaN,NaN,NaN,NaN,NaN,NaN
1325684400,NaN,NaN,NaN,NaN,NaN,NaN,NaN
1325684460,NaN,NaN,NaN,NaN,NaN,NaN,NaN
1325684520,NaN,NaN,NaN,NaN,NaN,NaN,NaN
1325684580,NaN,NaN,NaN,NaN,NaN,NaN,NaN
1325684640,NaN,NaN,NaN,NaN,NaN,NaN,NaN
1325684700,NaN,NaN,NaN,NaN,NaN,NaN,NaN
1325684760,NaN,NaN,NaN,NaN,NaN,NaN,NaN
1325684820,NaN,NaN,NaN,NaN,NaN,NaN,NaN
1325684880,NaN,NaN,NaN,NaN,NaN,NaN,NaN
1325684940,NaN,NaN,NaN,NaN,NaN,NaN,NaN
1325685000,NaN,NaN,NaN,NaN,NaN,NaN,NaN
1325685060,NaN,NaN,NaN,NaN,NaN,NaN,NaN
1325685120,NaN,NaN,NaN,NaN,NaN,NaN,NaN
1325685180,NaN,NaN,NaN,NaN,NaN,NaN,NaN
1325685240,NaN,NaN,NaN,NaN,NaN,NaN,NaN
1325685300,NaN,NaN,NaN,NaN,NaN,NaN,NaN
1325685360,NaN,NaN,NaN,NaN,NaN,NaN,NaN
1325685420,NaN,NaN,NaN,NaN,NaN,NaN,NaN
1325685480,NaN,NaN,NaN,NaN,NaN,NaN,NaN
1325685540,NaN,NaN,NaN,NaN,NaN,NaN,NaN
1325685600,NaN,NaN,NaN,NaN,NaN,NaN,NaN
1325685660,NaN,NaN,NaN,NaN,NaN,NaN,NaN
1325685720,NaN,NaN,NaN,NaN,NaN,NaN,NaN
1325685780,NaN,NaN,NaN,NaN,NaN,NaN,NaN
1325685840,NaN,NaN,NaN,NaN,NaN,NaN,NaN
1325685900,NaN,NaN,NaN,NaN,NaN,NaN,NaN
1325685960,NaN,NaN,NaN,NaN,NaN,NaN,NaN
1325686020,NaN,NaN,NaN,NaN,NaN,NaN,NaN
1325686080,NaN,NaN,NaN,NaN,NaN,NaN,NaN
1325686140,NaN,NaN,NaN,NaN,NaN,NaN,NaN
1325686200,NaN,NaN,NaN,NaN,NaN,NaN,NaN
1325686260,NaN,NaN,NaN,NaN,NaN,NaN,NaN
1325686320,NaN,NaN,NaN,NaN,NaN,NaN,NaN
1325686380,NaN,NaN,NaN,NaN,NaN,NaN,NaN
1325686440,NaN,NaN,NaN,NaN,NaN,NaN,NaN
1325686500,NaN,NaN,NaN,NaN,NaN,NaN,NaN
1325686560,NaN,NaN,NaN,NaN,NaN,NaN,NaN
1325686620,NaN,NaN,NaN,NaN,NaN,NaN,NaN
1325686680,NaN,NaN,NaN,NaN,NaN,NaN,NaN
1325686740,NaN,NaN,NaN,NaN,NaN,NaN,NaN
1325686800,NaN,NaN,NaN,NaN,NaN,NaN,NaN
1325686860,NaN,NaN,NaN,NaN,NaN,NaN,NaN
1325686920,NaN,NaN,NaN,NaN,NaN,NaN,NaN
1325686980,NaN,NaN,NaN,NaN,NaN,NaN,NaN
1325687040,NaN,NaN,NaN,NaN,NaN,NaN,NaN
1325687100,NaN,NaN,NaN,NaN,NaN,NaN,NaN
1325687160,NaN,NaN,NaN,NaN,NaN,NaN,NaN
1325687220,NaN,NaN,NaN,NaN,NaN,NaN,NaN
1325687280,NaN,NaN,NaN,NaN,NaN,NaN,NaN
1325687340,NaN,NaN,NaN,NaN,NaN,NaN,NaN
1325687400,NaN,NaN,NaN,NaN,NaN,NaN,NaN
1325687460,NaN,NaN,NaN,NaN,NaN,NaN,NaN
1325687520,NaN,NaN,NaN,NaN,NaN,NaN,NaN
1325687580,NaN,NaN,NaN,NaN,NaN,NaN,NaN
1325687640,NaN,NaN,NaN,NaN,NaN,NaN,NaN
1325687700,NaN,NaN,NaN,NaN,NaN,NaN,NaN
1325687760,NaN,NaN,NaN,NaN,NaN,NaN,NaN
1325687820,NaN,NaN,NaN,NaN,NaN,NaN,NaN
1325687880,NaN,NaN,NaN,NaN,NaN,NaN,NaN
1325687940,NaN,NaN,NaN,NaN,NaN,NaN,NaN
1325688000,NaN,NaN,NaN,NaN,NaN,NaN,NaN
1325688060,NaN,NaN,NaN,NaN,NaN,NaN,NaN
1325688120,NaN,NaN,NaN,NaN,NaN,NaN,NaN
1325688180,NaN,NaN,NaN,NaN,NaN,NaN,NaN
1325688240,NaN,NaN,NaN,NaN,NaN,NaN,NaN
1325688300,NaN,NaN,NaN,NaN,NaN,NaN,NaN
1325688360,NaN,NaN,NaN,NaN,NaN,NaN,NaN
1325688420,NaN,NaN,NaN,NaN,NaN,NaN,NaN
1325688480,NaN,NaN,NaN,NaN,NaN,NaN,NaN
1325688540,NaN,NaN,NaN,NaN,NaN,NaN,NaN
1325688600,NaN,NaN,NaN,NaN,NaN,NaN,NaN
1325688660,NaN,NaN,NaN,NaN,NaN,NaN,NaN
1325688720,NaN,NaN,NaN,NaN,NaN,NaN,NaN
1325688780,NaN,NaN,NaN,NaN,NaN,NaN,NaN
1325688840,NaN,NaN,NaN,NaN,NaN,NaN,NaN
1325688900,NaN,NaN,NaN,NaN,NaN,NaN,NaN
1325688960,NaN,NaN,NaN,NaN,NaN,NaN,NaN
1325689020,NaN,NaN,NaN,NaN,NaN,NaN,NaN
1325689080,NaN,NaN,NaN,NaN,NaN,NaN,NaN
1325689140,NaN,NaN,NaN,NaN,NaN,NaN,NaN
1325689200,NaN,NaN,NaN,NaN,NaN,NaN,NaN
1325689260,NaN,NaN,NaN,NaN,NaN,NaN,NaN
1325689320,NaN,NaN,NaN,NaN,NaN,NaN,NaN
1325689380,NaN,NaN,NaN,NaN,NaN,NaN,NaN
1325689440,NaN,NaN,NaN,NaN,NaN,NaN,NaN
1325689500,NaN,NaN,NaN,NaN,NaN,NaN,NaN
1325689560,NaN,NaN,NaN,NaN,NaN,NaN,NaN
1325689620,NaN,NaN,NaN,NaN,NaN,NaN,NaN
1325689680,NaN,NaN,NaN,NaN,NaN,NaN,NaN
1325689740,NaN,NaN,NaN,NaN,NaN,NaN,NaN
1325689800,NaN,NaN,NaN,NaN,NaN,NaN,NaN
1325689860,NaN,NaN,NaN,NaN,NaN,NaN,NaN
1325689920,NaN,NaN,NaN,NaN,NaN,NaN,NaN
1325689980,NaN,NaN,NaN,NaN,NaN,NaN,NaN
1325690040,NaN,NaN,NaN,NaN,NaN,NaN,NaN
1325690100,NaN,NaN,NaN,NaN,NaN,NaN,NaN
1325690160,NaN,NaN,NaN,NaN,NaN,NaN,NaN
1325690220,NaN,NaN,NaN,NaN,NaN,NaN,NaN
1325690280,NaN,NaN,NaN,NaN,NaN,NaN,NaN
1325690340,NaN,NaN,NaN,NaN,NaN,NaN,NaN
1325690400,NaN,NaN,NaN,NaN,NaN,NaN,NaN
1325690460,NaN,NaN,NaN,NaN,NaN,NaN,NaN
1325690520,NaN,NaN,NaN,NaN,NaN,NaN,NaN
1325690580,NaN,NaN,NaN,NaN,NaN,NaN,NaN
1325690640,NaN,NaN,NaN,NaN,NaN,NaN,NaN
1325690700,NaN,NaN,NaN,NaN,NaN,NaN,NaN
1325690760,NaN,NaN,NaN,NaN,NaN,NaN,NaN
1325690820,NaN,NaN,NaN,NaN,NaN,NaN,NaN
1325690880,NaN,NaN,NaN,NaN,NaN,NaN,NaN
1325690940,NaN,NaN,NaN,NaN,NaN,NaN,NaN
1325691000,NaN,NaN,NaN,NaN,NaN,NaN,NaN
1325691060,NaN,NaN,NaN,NaN,NaN,NaN,NaN
1325691120,NaN,NaN,NaN,NaN,NaN,NaN,NaN
1325691180,NaN,NaN,NaN,NaN,NaN,NaN,NaN
1325691240,NaN,NaN,NaN,NaN,NaN,NaN,NaN
1325691300,NaN,NaN,NaN,NaN,NaN,NaN,NaN
1325691360,NaN,NaN,NaN,NaN,NaN,NaN,NaN
1325691420,NaN,NaN,NaN,NaN,NaN,NaN,NaN
1325691480,NaN,NaN,NaN,NaN,NaN,NaN,NaN
1325691540,5.19,5.19,5.19,5.19,16.34472603,84.829128096,5.19
1325691600,NaN,NaN,NaN,NaN,NaN,NaN,NaN
1325691660,NaN,NaN,NaN,NaN,NaN,NaN,NaN
1325691720,NaN,NaN,NaN,NaN,NaN,NaN,NaN
1325691780,NaN,NaN,NaN,NaN,NaN,NaN,NaN
1325691840,NaN,NaN,NaN,NaN,NaN,NaN,NaN
1325691900,NaN,NaN,NaN,NaN,NaN,NaN,NaN
1325691960,NaN,NaN,NaN,NaN,NaN,NaN,NaN
1325692020,NaN,NaN,NaN,NaN,NaN,NaN,NaN
1325692080,NaN,NaN,NaN,NaN,NaN,NaN,NaN
1325692140,NaN,NaN,NaN,NaN,NaN,NaN,NaN
1325692200,NaN,NaN,NaN,NaN,NaN,NaN,NaN
1325692260,NaN,NaN,NaN,NaN,NaN,NaN,NaN
1325692320,NaN,NaN,NaN,NaN,NaN,NaN,NaN
1325692380,5.32,5.32,5.32,5.32,0.18609023,0.9900000236,5.32
1325692440,5.32,5.32,5.32,5.32,10.39473684,55.299999989,5.32
1325692500,NaN,NaN,NaN,NaN,NaN,NaN,NaN
1325692560,NaN,NaN,NaN,NaN,NaN,NaN,NaN
1325692620,NaN,NaN,NaN,NaN,NaN,NaN,NaN
1325692680,NaN,NaN,NaN,NaN,NaN,NaN,NaN
1325692740,NaN,NaN,NaN,NaN,NaN,NaN,NaN
1325692800,5.36,5.37,5.36,5.37,13.62942272,73.060000006,5.3604618117
1325692860,NaN,NaN,NaN,NaN,NaN,NaN,NaN
1325692920,NaN,NaN,NaN,NaN,NaN,NaN,NaN
1325692980,NaN,NaN,NaN,NaN,NaN,NaN,NaN
1325693040,NaN,NaN,NaN,NaN,NaN,NaN,NaN
1325693100,NaN,NaN,NaN,NaN,NaN,NaN,NaN
1325693160,NaN,NaN,NaN,NaN,NaN,NaN,NaN
1325693220,NaN,NaN,NaN,NaN,NaN,NaN,NaN
1325693280,NaN,NaN,NaN,NaN,NaN,NaN,NaN
1325693340,NaN,NaN,NaN,NaN,NaN,NaN,NaN
1325693400,NaN,NaN,NaN,NaN,NaN,NaN,NaN
1325693460,NaN,NaN,NaN,NaN,NaN,NaN,NaN
1325693520,NaN,NaN,NaN,NaN,NaN,NaN,NaN
1325693580,NaN,NaN,NaN,NaN,NaN,NaN,NaN
1325693640,NaN,NaN,NaN,NaN,NaN,NaN,NaN
1325693700,NaN,NaN,NaN,NaN,NaN,NaN,NaN
1325693760,NaN,NaN,NaN,NaN,NaN,NaN,NaN
1325693820,NaN,NaN,NaN,NaN,NaN,NaN,NaN
1325693880,NaN,NaN,NaN,NaN,NaN,NaN,NaN
1325693940,NaN,NaN,NaN,NaN,NaN,NaN,NaN
1325694000,NaN,NaN,NaN,NaN,NaN,NaN,NaN
1325694060,NaN,NaN,NaN,NaN,NaN,NaN,NaN
1325694120,NaN,NaN,NaN,NaN,NaN,NaN,NaN
1325694180,NaN,NaN,NaN,NaN,NaN,NaN,NaN
1325694240,NaN,NaN,NaN,NaN,NaN,NaN,NaN
1325694300,NaN,NaN,NaN,NaN,NaN,NaN,NaN
1325694360,NaN,NaN,NaN,NaN,NaN,NaN,NaN
1325694420,NaN,NaN,NaN,NaN,NaN,NaN,NaN
1325694480,NaN,NaN,NaN,NaN,NaN,NaN,NaN
1325694540,NaN,NaN,NaN,NaN,NaN,NaN,NaN
1325694600,NaN,NaN,NaN,NaN,NaN,NaN,NaN
1325694660,NaN,NaN,NaN,NaN,NaN,NaN,NaN
1325694720,NaN,NaN,NaN,NaN,NaN,NaN,NaN
1325694780,NaN,NaN,NaN,NaN,NaN,NaN,NaN
1325694840,NaN,NaN,NaN,NaN,NaN,NaN,NaN
1325694900,NaN,NaN,NaN,NaN,NaN,NaN,NaN
1325694960,NaN,NaN,NaN,NaN,NaN,NaN,NaN
1325695020,NaN,NaN,NaN,NaN,NaN,NaN,NaN
1325695080,NaN,NaN,NaN,NaN,NaN,NaN,NaN
1325695140,NaN,NaN,NaN,NaN,NaN,NaN,NaN
1325695200,NaN,NaN,NaN,NaN,NaN,NaN,NaN
1325695260,NaN,NaN,NaN,NaN,NaN,NaN,NaN
1325695320,NaN,NaN,NaN,NaN,NaN,NaN,NaN
1325695380,NaN,NaN,NaN,NaN,NaN,NaN,NaN
1325695440,NaN,NaN,NaN,NaN,NaN,NaN,NaN
1325695500,NaN,NaN,NaN,NaN,NaN,NaN,NaN
1325695560,NaN,NaN,NaN,NaN,NaN,NaN,NaN
1325695620,NaN,NaN,NaN,NaN,NaN,NaN,NaN
1325695680,NaN,NaN,NaN,NaN,NaN,NaN,NaN
1325695740,NaN,NaN,NaN,NaN,NaN,NaN,NaN
1325695800,NaN,NaN,NaN,NaN,NaN,NaN,NaN
1325695860,NaN,NaN,NaN,NaN,NaN,NaN,NaN
1325695920,NaN,NaN,NaN,NaN,NaN,NaN,NaN
1325695980,NaN,NaN,NaN,NaN,NaN,NaN,NaN
1325696040,NaN,NaN,NaN,NaN,NaN,NaN,NaN
1325696100,NaN,NaN,NaN,NaN,NaN,NaN,NaN
1325696160,NaN,NaN,NaN,NaN,NaN,NaN,NaN
1325696220,NaN,NaN,NaN,NaN,NaN,NaN,NaN
1325696280,NaN,NaN,NaN,NaN,NaN,NaN,NaN
1325696340,NaN,NaN,NaN,NaN,NaN,NaN,NaN
1325696400,NaN,NaN,NaN,NaN,NaN,NaN,NaN
1325696460,NaN,NaN,NaN,NaN,NaN,NaN,NaN
1325696520,NaN,NaN,NaN,NaN,NaN,NaN,NaN
1325696580,NaN,NaN,NaN,NaN,NaN,NaN,NaN
1325696640,NaN,NaN,NaN,NaN,NaN,NaN,NaN
1325696700,NaN,NaN,NaN,NaN,NaN,NaN,NaN
1325696760,NaN,NaN,NaN,NaN,NaN,NaN,NaN
1325696820,NaN,NaN,NaN,NaN,NaN,NaN,NaN
1325696880,NaN,NaN,NaN,NaN,NaN,NaN,NaN
1325696940,NaN,NaN,NaN,NaN,NaN,NaN,NaN
1325697000,NaN,NaN,NaN,NaN,NaN,NaN,NaN
1325697060,NaN,NaN,NaN,NaN,NaN,NaN,NaN
1325697120,NaN,NaN,NaN,NaN,NaN,NaN,NaN
1325697180,NaN,NaN,NaN,NaN,NaN,NaN,NaN
1325697240,NaN,NaN,NaN,NaN,NaN,NaN,NaN
1325697300,NaN,NaN,NaN,NaN,NaN,NaN,NaN
1325697360,NaN,NaN,NaN,NaN,NaN,NaN,NaN
1325697420,NaN,NaN,NaN,NaN,NaN,NaN,NaN
1325697480,NaN,NaN,NaN,NaN,NaN,NaN,NaN
1325697540,NaN,NaN,NaN,NaN,NaN,NaN,NaN
1325697600,NaN,NaN,NaN,NaN,NaN,NaN,NaN
1325697660,NaN,NaN,NaN,NaN,NaN,NaN,NaN
1325697720,NaN,NaN,NaN,NaN,NaN,NaN,NaN
1325697780,NaN,NaN,NaN,NaN,NaN,NaN,NaN
1325697840,NaN,NaN,NaN,NaN,NaN,NaN,NaN
1325697900,NaN,NaN,NaN,NaN,NaN,NaN,NaN
1325697960,NaN,NaN,NaN,NaN,NaN,NaN,NaN
1325698020,NaN,NaN,NaN,NaN,NaN,NaN,NaN
1325698080,NaN,NaN,NaN,NaN,NaN,NaN,NaN
1325698140,NaN,NaN,NaN,NaN,NaN,NaN,NaN
1325698200,NaN,NaN,NaN,NaN,NaN,NaN,NaN
1325698260,NaN,NaN,NaN,NaN,NaN,NaN,NaN
1325698320,NaN,NaN,NaN,NaN,NaN,NaN,NaN
1325698380,NaN,NaN,NaN,NaN,NaN,NaN,NaN
1325698440,NaN,NaN,NaN,NaN,NaN,NaN,NaN
1325698500,NaN,NaN,NaN,NaN,NaN,NaN,NaN
1325698560,NaN,NaN,NaN,NaN,NaN,NaN,NaN
1325698620,NaN,NaN,NaN,NaN,NaN,NaN,NaN
1325698680,NaN,NaN,NaN,NaN,NaN,NaN,NaN
1325698740,NaN,NaN,NaN,NaN,NaN,NaN,NaN
1325698800,NaN,NaN,NaN,NaN,NaN,NaN,NaN
1325698860,NaN,NaN,NaN,NaN,NaN,NaN,NaN
1325698920,NaN,NaN,NaN,NaN,NaN,NaN,NaN
1325698980,NaN,NaN,NaN,NaN,NaN,NaN,NaN
1325699040,NaN,NaN,NaN,NaN,NaN,NaN,NaN
1325699100,NaN,NaN,NaN,NaN,NaN,NaN,NaN
1325699160,NaN,NaN,NaN,NaN,NaN,NaN,NaN
1325699220,NaN,NaN,NaN,NaN,NaN,NaN,NaN
1325699280,NaN,NaN,NaN,NaN,NaN,NaN,NaN
1325699340,NaN,NaN,NaN,NaN,NaN,NaN,NaN
1325699400,NaN,NaN,NaN,NaN,NaN,NaN,NaN
1325699460,5.37,5.57,5.37,5.57,43.31219578,235.74706937,5.4429720112
1325699520,NaN,NaN,NaN,NaN,NaN,NaN,NaN
1325699580,NaN,NaN,NaN,NaN,NaN,NaN,NaN
1325699640,NaN,NaN,NaN,NaN,NaN,NaN,NaN
1325699700,NaN,NaN,NaN,NaN,NaN,NaN,NaN
1325699760,NaN,NaN,NaN,NaN,NaN,NaN,NaN
1325699820,NaN,NaN,NaN,NaN,NaN,NaN,NaN
1325699880,NaN,NaN,NaN,NaN,NaN,NaN,NaN
1325699940,NaN,NaN,NaN,NaN,NaN,NaN,NaN
1325700000,NaN,NaN,NaN,NaN,NaN,NaN,NaN
1325700060,NaN,NaN,NaN,NaN,NaN,NaN,NaN
1325700120,NaN,NaN,NaN,NaN,NaN,NaN,NaN
1325700180,NaN,NaN,NaN,NaN,NaN,NaN,NaN
1325700240,NaN,NaN,NaN,NaN,NaN,NaN,NaN
1325700300,NaN,NaN,NaN,NaN,NaN,NaN,NaN
1325700360,NaN,NaN,NaN,NaN,NaN,NaN,NaN
1325700420,NaN,NaN,NaN,NaN,NaN,NaN,NaN
1325700480,NaN,NaN,NaN,NaN,NaN,NaN,NaN
1325700540,NaN,NaN,NaN,NaN,NaN,NaN,NaN
1325700600,NaN,NaN,NaN,NaN,NaN,NaN,NaN
1325700660,NaN,NaN,NaN,NaN,NaN,NaN,NaN
1325700720,NaN,NaN,NaN,NaN,NaN,NaN,NaN
1325700780,NaN,NaN,NaN,NaN,NaN,NaN,NaN
1325700840,NaN,NaN,NaN,NaN,NaN,NaN,NaN
1325700900,NaN,NaN,NaN,NaN,NaN,NaN,NaN
1325700960,NaN,NaN,NaN,NaN,NaN,NaN,NaN
1325701020,NaN,NaN,NaN,NaN,NaN,NaN,NaN
1325701080,NaN,NaN,NaN,NaN,NaN,NaN,NaN
1325701140,NaN,NaN,NaN,NaN,NaN,NaN,NaN
1325701200,NaN,NaN,NaN,NaN,NaN,NaN,NaN
1325701260,NaN,NaN,NaN,NaN,NaN,NaN,NaN
1325701320,NaN,NaN,NaN,NaN,NaN,NaN,NaN
1325701380,NaN,NaN,NaN,NaN,NaN,NaN,NaN
1325701440,NaN,NaN,NaN,NaN,NaN,NaN,NaN
1325701500,NaN,NaN,NaN,NaN,NaN,NaN,NaN
1325701560,NaN,NaN,NaN,NaN,NaN,NaN,NaN
1325701620,NaN,NaN,NaN,NaN,NaN,NaN,NaN
1325701680,NaN,NaN,NaN,NaN,NaN,NaN,NaN
1325701740,NaN,NaN,NaN,NaN,NaN,NaN,NaN
1325701800,NaN,NaN,NaN,NaN,NaN,NaN,NaN
1325701860,NaN,NaN,NaN,NaN,NaN,NaN,NaN
1325701920,NaN,NaN,NaN,NaN,NaN,NaN,NaN
1325701980,NaN,NaN,NaN,NaN,NaN,NaN,NaN
1325702040,NaN,NaN,NaN,NaN,NaN,NaN,NaN
1325702100,NaN,NaN,NaN,NaN,NaN,NaN,NaN
1325702160,NaN,NaN,NaN,NaN,NaN,NaN,NaN
1325702220,NaN,NaN,NaN,NaN,NaN,NaN,NaN
1325702280,NaN,NaN,NaN,NaN,NaN,NaN,NaN
1325702340,NaN,NaN,NaN,NaN,NaN,NaN,NaN
1325702400,NaN,NaN,NaN,NaN,NaN,NaN,NaN
1325702460,NaN,NaN,NaN,NaN,NaN,NaN,NaN
1325702520,NaN,NaN,NaN,NaN,NaN,NaN,NaN
1325702580,NaN,NaN,NaN,NaN,NaN,NaN,NaN
1325702640,NaN,NaN,NaN,NaN,NaN,NaN,NaN
1325702700,NaN,NaN,NaN,NaN,NaN,NaN,NaN
1325702760,NaN,NaN,NaN,NaN,NaN,NaN,NaN
1325702820,NaN,NaN,NaN,NaN,NaN,NaN,NaN
1325702880,NaN,NaN,NaN,NaN,NaN,NaN,NaN
1325702940,NaN,NaN,NaN,NaN,NaN,NaN,NaN
1325703000,NaN,NaN,NaN,NaN,NaN,NaN,NaN
1325703060,NaN,NaN,NaN,NaN,NaN,NaN,NaN
1325703120,NaN,NaN,NaN,NaN,NaN,NaN,NaN
1325703180,NaN,NaN,NaN,NaN,NaN,NaN,NaN
1325703240,NaN,NaN,NaN,NaN,NaN,NaN,NaN
1325703300,NaN,NaN,NaN,NaN,NaN,NaN,NaN
1325703360,NaN,NaN,NaN,NaN,NaN,NaN,NaN
1325703420,NaN,NaN,NaN,NaN,NaN,NaN,NaN
1325703480,NaN,NaN,NaN,NaN,NaN,NaN,NaN
1325703540,NaN,NaN,NaN,NaN,NaN,NaN,NaN
1325703600,NaN,NaN,NaN,NaN,NaN,NaN,NaN
1325703660,NaN,NaN,NaN,NaN,NaN,NaN,NaN
1325703720,NaN,NaN,NaN,NaN,NaN,NaN,NaN
1325703780,NaN,NaN,NaN,NaN,NaN,NaN,NaN
1325703840,NaN,NaN,NaN,NaN,NaN,NaN,NaN
1325703900,NaN,NaN,NaN,NaN,NaN,NaN,NaN
1325703960,NaN,NaN,NaN,NaN,NaN,NaN,NaN
1325704020,NaN,NaN,NaN,NaN,NaN,NaN,NaN
1325704080,NaN,NaN,NaN,NaN,NaN,NaN,NaN
1325704140,NaN,NaN,NaN,NaN,NaN,NaN,NaN
1325704200,NaN,NaN,NaN,NaN,NaN,NaN,NaN
1325704260,NaN,NaN,NaN,NaN,NaN,NaN,NaN
1325704320,NaN,NaN,NaN,NaN,NaN,NaN,NaN
1325704380,NaN,NaN,NaN,NaN,NaN,NaN,NaN
1325704440,NaN,NaN,NaN,NaN,NaN,NaN,NaN
1325704500,NaN,NaN,NaN,NaN,NaN,NaN,NaN
1325704560,NaN,NaN,NaN,NaN,NaN,NaN,NaN
1325704620,NaN,NaN,NaN,NaN,NaN,NaN,NaN
1325704680,NaN,NaN,NaN,NaN,NaN,NaN,NaN
1325704740,NaN,NaN,NaN,NaN,NaN,NaN,NaN
1325704800,NaN,NaN,NaN,NaN,NaN,NaN,NaN
1325704860,NaN,NaN,NaN,NaN,NaN,NaN,NaN
1325704920,NaN,NaN,NaN,NaN,NaN,NaN,NaN
1325704980,NaN,NaN,NaN,NaN,NaN,NaN,NaN
1325705040,NaN,NaN,NaN,NaN,NaN,NaN,NaN
1325705100,NaN,NaN,NaN,NaN,NaN,NaN,NaN
1325705160,NaN,NaN,NaN,NaN,NaN,NaN,NaN
1325705220,NaN,NaN,NaN,NaN,NaN,NaN,NaN
1325705280,NaN,NaN,NaN,NaN,NaN,NaN,NaN
1325705340,NaN,NaN,NaN,NaN,NaN,NaN,NaN
1325705400,NaN,NaN,NaN,NaN,NaN,NaN,NaN
1325705460,NaN,NaN,NaN,NaN,NaN,NaN,NaN
1325705520,NaN,NaN,NaN,NaN,NaN,NaN,NaN
1325705580,NaN,NaN,NaN,NaN,NaN,NaN,NaN
1325705640,NaN,NaN,NaN,NaN,NaN,NaN,NaN
1325705700,NaN,NaN,NaN,NaN,NaN,NaN,NaN
1325705760,NaN,NaN,NaN,NaN,NaN,NaN,NaN
1325705820,NaN,NaN,NaN,NaN,NaN,NaN,NaN
1325705880,NaN,NaN,NaN,NaN,NaN,NaN,NaN
1325705940,NaN,NaN,NaN,NaN,NaN,NaN,NaN
1325706000,NaN,NaN,NaN,NaN,NaN,NaN,NaN
1325706060,NaN,NaN,NaN,NaN,NaN,NaN,NaN
1325706120,NaN,NaN,NaN,NaN,NaN,NaN,NaN
1325706180,NaN,NaN,NaN,NaN,NaN,NaN,NaN
1325706240,NaN,NaN,NaN,NaN,NaN,NaN,NaN
1325706300,NaN,NaN,NaN,NaN,NaN,NaN,NaN
1325706360,NaN,NaN,NaN,NaN,NaN,NaN,NaN
1325706420,NaN,NaN,NaN,NaN,NaN,NaN,NaN
1325706480,NaN,NaN,NaN,NaN,NaN,NaN,NaN
1325706540,NaN,NaN,NaN,NaN,NaN,NaN,NaN
1325706600,NaN,NaN,NaN,NaN,NaN,NaN,NaN
1325706660,NaN,NaN,NaN,NaN,NaN,NaN,NaN
1325706720,NaN,NaN,NaN,NaN,NaN,NaN,NaN
1325706780,NaN,NaN,NaN,NaN,NaN,NaN,NaN
1325706840,NaN,NaN,NaN,NaN,NaN,NaN,NaN
1325706900,NaN,NaN,NaN,NaN,NaN,NaN,NaN
1325706960,NaN,NaN,NaN,NaN,NaN,NaN,NaN
1325707020,NaN,NaN,NaN,NaN,NaN,NaN,NaN
1325707080,NaN,NaN,NaN,NaN,NaN,NaN,NaN
1325707140,NaN,NaN,NaN,NaN,NaN,NaN,NaN
1325707200,NaN,NaN,NaN,NaN,NaN,NaN,NaN
1325707260,NaN,NaN,NaN,NaN,NaN,NaN,NaN
1325707320,NaN,NaN,NaN,NaN,NaN,NaN,NaN
1325707380,NaN,NaN,NaN,NaN,NaN,NaN,NaN
1325707440,NaN,NaN,NaN,NaN,NaN,NaN,NaN
1325707500,NaN,NaN,NaN,NaN,NaN,NaN,NaN
1325707560,NaN,NaN,NaN,NaN,NaN,NaN,NaN
1325707620,NaN,NaN,NaN,NaN,NaN,NaN,NaN
1325707680,NaN,NaN,NaN,NaN,NaN,NaN,NaN
1325707740,NaN,NaN,NaN,NaN,NaN,NaN,NaN
1325707800,NaN,NaN,NaN,NaN,NaN,NaN,NaN
1325707860,NaN,NaN,NaN,NaN,NaN,NaN,NaN
1325707920,NaN,NaN,NaN,NaN,NaN,NaN,NaN
1325707980,NaN,NaN,NaN,NaN,NaN,NaN,NaN
1325708040,NaN,NaN,NaN,NaN,NaN,NaN,NaN
1325708100,NaN,NaN,NaN,NaN,NaN,NaN,NaN
1325708160,NaN,NaN,NaN,NaN,NaN,NaN,NaN
1325708220,NaN,NaN,NaN,NaN,NaN,NaN,NaN
1325708280,NaN,NaN,NaN,NaN,NaN,NaN,NaN
1325708340,NaN,NaN,NaN,NaN,NaN,NaN,NaN
1325708400,NaN,NaN,NaN,NaN,NaN,NaN,NaN
1325708460,NaN,NaN,NaN,NaN,NaN,NaN,NaN
1325708520,NaN,NaN,NaN,NaN,NaN,NaN,NaN
1325708580,NaN,NaN,NaN,NaN,NaN,NaN,NaN
1325708640,NaN,NaN,NaN,NaN,NaN,NaN,NaN
1325708700,NaN,NaN,NaN,NaN,NaN,NaN,NaN
1325708760,NaN,NaN,NaN,NaN,NaN,NaN,NaN
1325708820,NaN,NaN,NaN,NaN,NaN,NaN,NaN
1325708880,NaN,NaN,NaN,NaN,NaN,NaN,NaN
1325708940,NaN,NaN,NaN,NaN,NaN,NaN,NaN
1325709000,NaN,NaN,NaN,NaN,NaN,NaN,NaN
1325709060,NaN,NaN,NaN,NaN,NaN,NaN,NaN
1325709120,NaN,NaN,NaN,NaN,NaN,NaN,NaN
1325709180,NaN,NaN,NaN,NaN,NaN,NaN,NaN
1325709240,NaN,NaN,NaN,NaN,NaN,NaN,NaN
1325709300,NaN,NaN,NaN,NaN,NaN,NaN,NaN
1325709360,NaN,NaN,NaN,NaN,NaN,NaN,NaN
1325709420,NaN,NaN,NaN,NaN,NaN,NaN,NaN
1325709480,NaN,NaN,NaN,NaN,NaN,NaN,NaN
1325709540,NaN,NaN,NaN,NaN,NaN,NaN,NaN
1325709600,NaN,NaN,NaN,NaN,NaN,NaN,NaN
1325709660,NaN,NaN,NaN,NaN,NaN,NaN,NaN
1325709720,NaN,NaN,NaN,NaN,NaN,NaN,NaN
1325709780,NaN,NaN,NaN,NaN,NaN,NaN,NaN
1325709840,NaN,NaN,NaN,NaN,NaN,NaN,NaN
1325709900,NaN,NaN,NaN,NaN,NaN,NaN,NaN
1325709960,NaN,NaN,NaN,NaN,NaN,NaN,NaN
1325710020,NaN,NaN,NaN,NaN,NaN,NaN,NaN
1325710080,NaN,NaN,NaN,NaN,NaN,NaN,NaN
1325710140,NaN,NaN,NaN,NaN,NaN,NaN,NaN
1325710200,NaN,NaN,NaN,NaN,NaN,NaN,NaN
1325710260,NaN,NaN,NaN,NaN,NaN,NaN,NaN
1325710320,NaN,NaN,NaN,NaN,NaN,NaN,NaN
1325710380,NaN,NaN,NaN,NaN,NaN,NaN,NaN
1325710440,NaN,NaN,NaN,NaN,NaN,NaN,NaN
1325710500,NaN,NaN,NaN,NaN,NaN,NaN,NaN
1325710560,NaN,NaN,NaN,NaN,NaN,NaN,NaN
1325710620,NaN,NaN,NaN,NaN,NaN,NaN,NaN
1325710680,NaN,NaN,NaN,NaN,NaN,NaN,NaN
1325710740,NaN,NaN,NaN,NaN,NaN,NaN,NaN
1325710800,NaN,NaN,NaN,NaN,NaN,NaN,NaN
1325710860,NaN,NaN,NaN,NaN,NaN,NaN,NaN
1325710920,NaN,NaN,NaN,NaN,NaN,NaN,NaN
1325710980,NaN,NaN,NaN,NaN,NaN,NaN,NaN
1325711040,NaN,NaN,NaN,NaN,NaN,NaN,NaN
1325711100,NaN,NaN,NaN,NaN,NaN,NaN,NaN
1325711160,NaN,NaN,NaN,NaN,NaN,NaN,NaN
1325711220,NaN,NaN,NaN,NaN,NaN,NaN,NaN
1325711280,NaN,NaN,NaN,NaN,NaN,NaN,NaN
1325711340,NaN,NaN,NaN,NaN,NaN,NaN,NaN
1325711400,NaN,NaN,NaN,NaN,NaN,NaN,NaN
1325711460,NaN,NaN,NaN,NaN,NaN,NaN,NaN
1325711520,NaN,NaN,NaN,NaN,NaN,NaN,NaN
1325711580,NaN,NaN,NaN,NaN,NaN,NaN,NaN
1325711640,NaN,NaN,NaN,NaN,NaN,NaN,NaN
1325711700,NaN,NaN,NaN,NaN,NaN,NaN,NaN
1325711760,NaN,NaN,NaN,NaN,NaN,NaN,NaN
1325711820,NaN,NaN,NaN,NaN,NaN,NaN,NaN
1325711880,NaN,NaN,NaN,NaN,NaN,NaN,NaN
1325711940,NaN,NaN,NaN,NaN,NaN,NaN,NaN
1325712000,NaN,NaN,NaN,NaN,NaN,NaN,NaN
1325712060,NaN,NaN,NaN,NaN,NaN,NaN,NaN
1325712120,NaN,NaN,NaN,NaN,NaN,NaN,NaN
1325712180,NaN,NaN,NaN,NaN,NaN,NaN,NaN
1325712240,NaN,NaN,NaN,NaN,NaN,NaN,NaN
1325712300,NaN,NaN,NaN,NaN,NaN,NaN,NaN
1325712360,NaN,NaN,NaN,NaN,NaN,NaN,NaN
1325712420,NaN,NaN,NaN,NaN,NaN,NaN,NaN
1325712480,NaN,NaN,NaN,NaN,NaN,NaN,NaN
1325712540,NaN,NaN,NaN,NaN,NaN,NaN,NaN
1325712600,NaN,NaN,NaN,NaN,NaN,NaN,NaN
1325712660,NaN,NaN,NaN,NaN,NaN,NaN,NaN
1325712720,NaN,NaN,NaN,NaN,NaN,NaN,NaN
1325712780,NaN,NaN,NaN,NaN,NaN,NaN,NaN
1325712840,NaN,NaN,NaN,NaN,NaN,NaN,NaN
1325712900,NaN,NaN,NaN,NaN,NaN,NaN,NaN
1325712960,NaN,NaN,NaN,NaN,NaN,NaN,NaN
1325713020,NaN,NaN,NaN,NaN,NaN,NaN,NaN
1325713080,NaN,NaN,NaN,NaN,NaN,NaN,NaN
1325713140,NaN,NaN,NaN,NaN,NaN,NaN,NaN
1325713200,NaN,NaN,NaN,NaN,NaN,NaN,NaN
1325713260,NaN,NaN,NaN,NaN,NaN,NaN,NaN
1325713320,NaN,NaN,NaN,NaN,NaN,NaN,NaN
1325713380,NaN,NaN,NaN,NaN,NaN,NaN,NaN
1325713440,NaN,NaN,NaN,NaN,NaN,NaN,NaN
1325713500,NaN,NaN,NaN,NaN,NaN,NaN,NaN
1325713560,NaN,NaN,NaN,NaN,NaN,NaN,NaN
1325713620,NaN,NaN,NaN,NaN,NaN,NaN,NaN
1325713680,NaN,NaN,NaN,NaN,NaN,NaN,NaN
1325713740,NaN,NaN,NaN,NaN,NaN,NaN,NaN
1325713800,NaN,NaN,NaN,NaN,NaN,NaN,NaN
1325713860,NaN,NaN,NaN,NaN,NaN,NaN,NaN
1325713920,NaN,NaN,NaN,NaN,NaN,NaN,NaN
1325713980,NaN,NaN,NaN,NaN,NaN,NaN,NaN
1325714040,NaN,NaN,NaN,NaN,NaN,NaN,NaN
1325714100,NaN,NaN,NaN,NaN,NaN,NaN,NaN
1325714160,NaN,NaN,NaN,NaN,NaN,NaN,NaN
1325714220,NaN,NaN,NaN,NaN,NaN,NaN,NaN
1325714280,NaN,NaN,NaN,NaN,NaN,NaN,NaN
1325714340,NaN,NaN,NaN,NaN,NaN,NaN,NaN
1325714400,NaN,NaN,NaN,NaN,NaN,NaN,NaN
1325714460,NaN,NaN,NaN,NaN,NaN,NaN,NaN
1325714520,NaN,NaN,NaN,NaN,NaN,NaN,NaN
1325714580,NaN,NaN,NaN,NaN,NaN,NaN,NaN
1325714640,NaN,NaN,NaN,NaN,NaN,NaN,NaN
1325714700,NaN,NaN,NaN,NaN,NaN,NaN,NaN
1325714760,NaN,NaN,NaN,NaN,NaN,NaN,NaN
1325714820,NaN,NaN,NaN,NaN,NaN,NaN,NaN
1325714880,NaN,NaN,NaN,NaN,NaN,NaN,NaN
1325714940,NaN,NaN,NaN,NaN,NaN,NaN,NaN
1325715000,NaN,NaN,NaN,NaN,NaN,NaN,NaN
1325715060,NaN,NaN,NaN,NaN,NaN,NaN,NaN
1325715120,NaN,NaN,NaN,NaN,NaN,NaN,NaN
1325715180,NaN,NaN,NaN,NaN,NaN,NaN,NaN
1325715240,NaN,NaN,NaN,NaN,NaN,NaN,NaN
1325715300,NaN,NaN,NaN,NaN,NaN,NaN,NaN
1325715360,NaN,NaN,NaN,NaN,NaN,NaN,NaN
1325715420,NaN,NaN,NaN,NaN,NaN,NaN,NaN
1325715480,NaN,NaN,NaN,NaN,NaN,NaN,NaN
1325715540,NaN,NaN,NaN,NaN,NaN,NaN,NaN
1325715600,NaN,NaN,NaN,NaN,NaN,NaN,NaN
1325715660,NaN,NaN,NaN,NaN,NaN,NaN,NaN
1325715720,NaN,NaN,NaN,NaN,NaN,NaN,NaN
1325715780,NaN,NaN,NaN,NaN,NaN,NaN,NaN
1325715840,NaN,NaN,NaN,NaN,NaN,NaN,NaN
1325715900,NaN,NaN,NaN,NaN,NaN,NaN,NaN
1325715960,NaN,NaN,NaN,NaN,NaN,NaN,NaN
1325716020,NaN,NaN,NaN,NaN,NaN,NaN,NaN
1325716080,NaN,NaN,NaN,NaN,NaN,NaN,NaN
1325716140,NaN,NaN,NaN,NaN,NaN,NaN,NaN
1325716200,NaN,NaN,NaN,NaN,NaN,NaN,NaN
1325716260,NaN,NaN,NaN,NaN,NaN,NaN,NaN
1325716320,NaN,NaN,NaN,NaN,NaN,NaN,NaN
1325716380,NaN,NaN,NaN,NaN,NaN,NaN,NaN
1325716440,NaN,NaN,NaN,NaN,NaN,NaN,NaN
1325716500,NaN,NaN,NaN,NaN,NaN,NaN,NaN
1325716560,NaN,NaN,NaN,NaN,NaN,NaN,NaN
1325716620,NaN,NaN,NaN,NaN,NaN,NaN,NaN
1325716680,NaN,NaN,NaN,NaN,NaN,NaN,NaN
1325716740,NaN,NaN,NaN,NaN,NaN,NaN,NaN
1325716800,NaN,NaN,NaN,NaN,NaN,NaN,NaN
1325716860,NaN,NaN,NaN,NaN,NaN,NaN,NaN
1325716920,NaN,NaN,NaN,NaN,NaN,NaN,NaN
1325716980,NaN,NaN,NaN,NaN,NaN,NaN,NaN
1325717040,NaN,NaN,NaN,NaN,NaN,NaN,NaN
1325717100,NaN,NaN,NaN,NaN,NaN,NaN,NaN
1325717160,NaN,NaN,NaN,NaN,NaN,NaN,NaN
1325717220,NaN,NaN,NaN,NaN,NaN,NaN,NaN
1325717280,NaN,NaN,NaN,NaN,NaN,NaN,NaN
1325717340,NaN,NaN,NaN,NaN,NaN,NaN,NaN
1325717400,NaN,NaN,NaN,NaN,NaN,NaN,NaN
1325717460,NaN,NaN,NaN,NaN,NaN,NaN,NaN
1325717520,NaN,NaN,NaN,NaN,NaN,NaN,NaN
1325717580,NaN,NaN,NaN,NaN,NaN,NaN,NaN
1325717640,NaN,NaN,NaN,NaN,NaN,NaN,NaN
1325717700,NaN,NaN,NaN,NaN,NaN,NaN,NaN
1325717760,NaN,NaN,NaN,NaN,NaN,NaN,NaN
1325717820,NaN,NaN,NaN,NaN,NaN,NaN,NaN
1325717880,NaN,NaN,NaN,NaN,NaN,NaN,NaN
1325717940,NaN,NaN,NaN,NaN,NaN,NaN,NaN
1325718000,NaN,NaN,NaN,NaN,NaN,NaN,NaN
1325718060,NaN,NaN,NaN,NaN,NaN,NaN,NaN
1325718120,NaN,NaN,NaN,NaN,NaN,NaN,NaN
1325718180,NaN,NaN,NaN,NaN,NaN,NaN,NaN
1325718240,NaN,NaN,NaN,NaN,NaN,NaN,NaN
1325718300,NaN,NaN,NaN,NaN,NaN,NaN,NaN
1325718360,NaN,NaN,NaN,NaN,NaN,NaN,NaN
1325718420,NaN,NaN,NaN,NaN,NaN,NaN,NaN
1325718480,NaN,NaN,NaN,NaN,NaN,NaN,NaN
1325718540,NaN,NaN,NaN,NaN,NaN,NaN,NaN
1325718600,NaN,NaN,NaN,NaN,NaN,NaN,NaN
1325718660,NaN,NaN,NaN,NaN,NaN,NaN,NaN
1325718720,NaN,NaN,NaN,NaN,NaN,NaN,NaN
1325718780,NaN,NaN,NaN,NaN,NaN,NaN,NaN
1325718840,NaN,NaN,NaN,NaN,NaN,NaN,NaN
1325718900,NaN,NaN,NaN,NaN,NaN,NaN,NaN
1325718960,NaN,NaN,NaN,NaN,NaN,NaN,NaN
1325719020,NaN,NaN,NaN,NaN,NaN,NaN,NaN
1325719080,NaN,NaN,NaN,NaN,NaN,NaN,NaN
1325719140,NaN,NaN,NaN,NaN,NaN,NaN,NaN
1325719200,NaN,NaN,NaN,NaN,NaN,NaN,NaN
1325719260,NaN,NaN,NaN,NaN,NaN,NaN,NaN
1325719320,NaN,NaN,NaN,NaN,NaN,NaN,NaN
1325719380,NaN,NaN,NaN,NaN,NaN,NaN,NaN
1325719440,NaN,NaN,NaN,NaN,NaN,NaN,NaN
1325719500,NaN,NaN,NaN,NaN,NaN,NaN,NaN
1325719560,NaN,NaN,NaN,NaN,NaN,NaN,NaN
1325719620,NaN,NaN,NaN,NaN,NaN,NaN,NaN
1325719680,NaN,NaN,NaN,NaN,NaN,NaN,NaN
1325719740,NaN,NaN,NaN,NaN,NaN,NaN,NaN
1325719800,NaN,NaN,NaN,NaN,NaN,NaN,NaN
1325719860,NaN,NaN,NaN,NaN,NaN,NaN,NaN
1325719920,NaN,NaN,NaN,NaN,NaN,NaN,NaN
1325719980,NaN,NaN,NaN,NaN,NaN,NaN,NaN
1325720040,NaN,NaN,NaN,NaN,NaN,NaN,NaN
1325720100,NaN,NaN,NaN,NaN,NaN,NaN,NaN
1325720160,NaN,NaN,NaN,NaN,NaN,NaN,NaN
1325720220,NaN,NaN,NaN,NaN,NaN,NaN,NaN
1325720280,NaN,NaN,NaN,NaN,NaN,NaN,NaN
1325720340,NaN,NaN,NaN,NaN,NaN,NaN,NaN
1325720400,NaN,NaN,NaN,NaN,NaN,NaN,NaN
1325720460,NaN,NaN,NaN,NaN,NaN,NaN,NaN
1325720520,NaN,NaN,NaN,NaN,NaN,NaN,NaN
1325720580,NaN,NaN,NaN,NaN,NaN,NaN,NaN
1325720640,NaN,NaN,NaN,NaN,NaN,NaN,NaN
1325720700,NaN,NaN,NaN,NaN,NaN,NaN,NaN
1325720760,NaN,NaN,NaN,NaN,NaN,NaN,NaN
1325720820,NaN,NaN,NaN,NaN,NaN,NaN,NaN
1325720880,NaN,NaN,NaN,NaN,NaN,NaN,NaN
1325720940,NaN,NaN,NaN,NaN,NaN,NaN,NaN
1325721000,NaN,NaN,NaN,NaN,NaN,NaN,NaN
1325721060,NaN,NaN,NaN,NaN,NaN,NaN,NaN
1325721120,NaN,NaN,NaN,NaN,NaN,NaN,NaN
1325721180,NaN,NaN,NaN,NaN,NaN,NaN,NaN
1325721240,NaN,NaN,NaN,NaN,NaN,NaN,NaN
1325721300,NaN,NaN,NaN,NaN,NaN,NaN,NaN
1325721360,NaN,NaN,NaN,NaN,NaN,NaN,NaN
1325721420,NaN,NaN,NaN,NaN,NaN,NaN,NaN
1325721480,NaN,NaN,NaN,NaN,NaN,NaN,NaN
1325721540,NaN,NaN,NaN,NaN,NaN,NaN,NaN
1325721600,NaN,NaN,NaN,NaN,NaN,NaN,NaN
1325721660,NaN,NaN,NaN,NaN,NaN,NaN,NaN
1325721720,NaN,NaN,NaN,NaN,NaN,NaN,NaN
1325721780,NaN,NaN,NaN,NaN,NaN,NaN,NaN
1325721840,NaN,NaN,NaN,NaN,NaN,NaN,NaN
1325721900,NaN,NaN,NaN,NaN,NaN,NaN,NaN
1325721960,NaN,NaN,NaN,NaN,NaN,NaN,NaN
1325722020,NaN,NaN,NaN,NaN,NaN,NaN,NaN
1325722080,NaN,NaN,NaN,NaN,NaN,NaN,NaN
1325722140,NaN,NaN,NaN,NaN,NaN,NaN,NaN
1325722200,NaN,NaN,NaN,NaN,NaN,NaN,NaN
1325722260,NaN,NaN,NaN,NaN,NaN,NaN,NaN
1325722320,NaN,NaN,NaN,NaN,NaN,NaN,NaN
1325722380,NaN,NaN,NaN,NaN,NaN,NaN,NaN
1325722440,NaN,NaN,NaN,NaN,NaN,NaN,NaN
1325722500,NaN,NaN,NaN,NaN,NaN,NaN,NaN
1325722560,NaN,NaN,NaN,NaN,NaN,NaN,NaN
1325722620,NaN,NaN,NaN,NaN,NaN,NaN,NaN
1325722680,NaN,NaN,NaN,NaN,NaN,NaN,NaN
1325722740,NaN,NaN,NaN,NaN,NaN,NaN,NaN
1325722800,NaN,NaN,NaN,NaN,NaN,NaN,NaN
1325722860,NaN,NaN,NaN,NaN,NaN,NaN,NaN
1325722920,NaN,NaN,NaN,NaN,NaN,NaN,NaN
1325722980,NaN,NaN,NaN,NaN,NaN,NaN,NaN
1325723040,NaN,NaN,NaN,NaN,NaN,NaN,NaN
1325723100,NaN,NaN,NaN,NaN,NaN,NaN,NaN
1325723160,NaN,NaN,NaN,NaN,NaN,NaN,NaN
1325723220,NaN,NaN,NaN,NaN,NaN,NaN,NaN
1325723280,NaN,NaN,NaN,NaN,NaN,NaN,NaN
1325723340,NaN,NaN,NaN,NaN,NaN,NaN,NaN
1325723400,NaN,NaN,NaN,NaN,NaN,NaN,NaN
1325723460,NaN,NaN,NaN,NaN,NaN,NaN,NaN
1325723520,NaN,NaN,NaN,NaN,NaN,NaN,NaN
1325723580,NaN,NaN,NaN,NaN,NaN,NaN,NaN
1325723640,NaN,NaN,NaN,NaN,NaN,NaN,NaN
1325723700,NaN,NaN,NaN,NaN,NaN,NaN,NaN
1325723760,NaN,NaN,NaN,NaN,NaN,NaN,NaN
1325723820,NaN,NaN,NaN,NaN,NaN,NaN,NaN
1325723880,NaN,NaN,NaN,NaN,NaN,NaN,NaN
1325723940,NaN,NaN,NaN,NaN,NaN,NaN,NaN
1325724000,NaN,NaN,NaN,NaN,NaN,NaN,NaN
1325724060,NaN,NaN,NaN,NaN,NaN,NaN,NaN
1325724120,NaN,NaN,NaN,NaN,NaN,NaN,NaN
1325724180,NaN,NaN,NaN,NaN,NaN,NaN,NaN
1325724240,NaN,NaN,NaN,NaN,NaN,NaN,NaN
1325724300,NaN,NaN,NaN,NaN,NaN,NaN,NaN
1325724360,NaN,NaN,NaN,NaN,NaN,NaN,NaN
1325724420,NaN,NaN,NaN,NaN,NaN,NaN,NaN
1325724480,NaN,NaN,NaN,NaN,NaN,NaN,NaN
1325724540,NaN,NaN,NaN,NaN,NaN,NaN,NaN
1325724600,NaN,NaN,NaN,NaN,NaN,NaN,NaN
1325724660,NaN,NaN,NaN,NaN,NaN,NaN,NaN
1325724720,NaN,NaN,NaN,NaN,NaN,NaN,NaN
1325724780,NaN,NaN,NaN,NaN,NaN,NaN,NaN
1325724840,NaN,NaN,NaN,NaN,NaN,NaN,NaN
1325724900,NaN,NaN,NaN,NaN,NaN,NaN,NaN
1325724960,NaN,NaN,NaN,NaN,NaN,NaN,NaN
1325725020,NaN,NaN,NaN,NaN,NaN,NaN,NaN
1325725080,NaN,NaN,NaN,NaN,NaN,NaN,NaN
1325725140,NaN,NaN,NaN,NaN,NaN,NaN,NaN
1325725200,NaN,NaN,NaN,NaN,NaN,NaN,NaN
1325725260,NaN,NaN,NaN,NaN,NaN,NaN,NaN
1325725320,NaN,NaN,NaN,NaN,NaN,NaN,NaN
1325725380,NaN,NaN,NaN,NaN,NaN,NaN,NaN
1325725440,NaN,NaN,NaN,NaN,NaN,NaN,NaN
1325725500,NaN,NaN,NaN,NaN,NaN,NaN,NaN
1325725560,NaN,NaN,NaN,NaN,NaN,NaN,NaN
1325725620,NaN,NaN,NaN,NaN,NaN,NaN,NaN
1325725680,NaN,NaN,NaN,NaN,NaN,NaN,NaN
1325725740,NaN,NaN,NaN,NaN,NaN,NaN,NaN
1325725800,NaN,NaN,NaN,NaN,NaN,NaN,NaN
1325725860,NaN,NaN,NaN,NaN,NaN,NaN,NaN
1325725920,NaN,NaN,NaN,NaN,NaN,NaN,NaN
1325725980,NaN,NaN,NaN,NaN,NaN,NaN,NaN
1325726040,NaN,NaN,NaN,NaN,NaN,NaN,NaN
1325726100,NaN,NaN,NaN,NaN,NaN,NaN,NaN
1325726160,NaN,NaN,NaN,NaN,NaN,NaN,NaN
1325726220,NaN,NaN,NaN,NaN,NaN,NaN,NaN
1325726280,NaN,NaN,NaN,NaN,NaN,NaN,NaN
1325726340,NaN,NaN,NaN,NaN,NaN,NaN,NaN
1325726400,NaN,NaN,NaN,NaN,NaN,NaN,NaN
1325726460,NaN,NaN,NaN,NaN,NaN,NaN,NaN
1325726520,NaN,NaN,NaN,NaN,NaN,NaN,NaN
1325726580,NaN,NaN,NaN,NaN,NaN,NaN,NaN
1325726640,NaN,NaN,NaN,NaN,NaN,NaN,NaN
1325726700,NaN,NaN,NaN,NaN,NaN,NaN,NaN
1325726760,NaN,NaN,NaN,NaN,NaN,NaN,NaN
1325726820,NaN,NaN,NaN,NaN,NaN,NaN,NaN
1325726880,NaN,NaN,NaN,NaN,NaN,NaN,NaN
1325726940,NaN,NaN,NaN,NaN,NaN,NaN,NaN
1325727000,NaN,NaN,NaN,NaN,NaN,NaN,NaN
1325727060,NaN,NaN,NaN,NaN,NaN,NaN,NaN
1325727120,NaN,NaN,NaN,NaN,NaN,NaN,NaN
1325727180,NaN,NaN,NaN,NaN,NaN,NaN,NaN
1325727240,NaN,NaN,NaN,NaN,NaN,NaN,NaN
1325727300,NaN,NaN,NaN,NaN,NaN,NaN,NaN
1325727360,NaN,NaN,NaN,NaN,NaN,NaN,NaN
1325727420,NaN,NaN,NaN,NaN,NaN,NaN,NaN
1325727480,NaN,NaN,NaN,NaN,NaN,NaN,NaN
1325727540,NaN,NaN,NaN,NaN,NaN,NaN,NaN
1325727600,5.72,5.72,5.72,5.72,5,28.6,5.72
1325727660,NaN,NaN,NaN,NaN,NaN,NaN,NaN
1325727720,NaN,NaN,NaN,NaN,NaN,NaN,NaN
1325727780,NaN,NaN,NaN,NaN,NaN,NaN,NaN
1325727840,NaN,NaN,NaN,NaN,NaN,NaN,NaN
1325727900,NaN,NaN,NaN,NaN,NaN,NaN,NaN
1325727960,NaN,NaN,NaN,NaN,NaN,NaN,NaN
1325728020,NaN,NaN,NaN,NaN,NaN,NaN,NaN
1325728080,NaN,NaN,NaN,NaN,NaN,NaN,NaN
1325728140,NaN,NaN,NaN,NaN,NaN,NaN,NaN
1325728200,NaN,NaN,NaN,NaN,NaN,NaN,NaN
1325728260,NaN,NaN,NaN,NaN,NaN,NaN,NaN
1325728320,NaN,NaN,NaN,NaN,NaN,NaN,NaN
1325728380,NaN,NaN,NaN,NaN,NaN,NaN,NaN
1325728440,NaN,NaN,NaN,NaN,NaN,NaN,NaN
1325728500,NaN,NaN,NaN,NaN,NaN,NaN,NaN
1325728560,NaN,NaN,NaN,NaN,NaN,NaN,NaN
1325728620,NaN,NaN,NaN,NaN,NaN,NaN,NaN
1325728680,NaN,NaN,NaN,NaN,NaN,NaN,NaN
1325728740,NaN,NaN,NaN,NaN,NaN,NaN,NaN
1325728800,NaN,NaN,NaN,NaN,NaN,NaN,NaN
1325728860,NaN,NaN,NaN,NaN,NaN,NaN,NaN
1325728920,NaN,NaN,NaN,NaN,NaN,NaN,NaN
1325728980,NaN,NaN,NaN,NaN,NaN,NaN,NaN
1325729040,NaN,NaN,NaN,NaN,NaN,NaN,NaN
1325729100,NaN,NaN,NaN,NaN,NaN,NaN,NaN
1325729160,NaN,NaN,NaN,NaN,NaN,NaN,NaN
1325729220,NaN,NaN,NaN,NaN,NaN,NaN,NaN
1325729280,NaN,NaN,NaN,NaN,NaN,NaN,NaN
1325729340,NaN,NaN,NaN,NaN,NaN,NaN,NaN
1325729400,NaN,NaN,NaN,NaN,NaN,NaN,NaN
1325729460,NaN,NaN,NaN,NaN,NaN,NaN,NaN
1325729520,NaN,NaN,NaN,NaN,NaN,NaN,NaN
1325729580,NaN,NaN,NaN,NaN,NaN,NaN,NaN
1325729640,NaN,NaN,NaN,NaN,NaN,NaN,NaN
1325729700,NaN,NaN,NaN,NaN,NaN,NaN,NaN
1325729760,NaN,NaN,NaN,NaN,NaN,NaN,NaN
1325729820,NaN,NaN,NaN,NaN,NaN,NaN,NaN
1325729880,NaN,NaN,NaN,NaN,NaN,NaN,NaN
1325729940,NaN,NaN,NaN,NaN,NaN,NaN,NaN
1325730000,NaN,NaN,NaN,NaN,NaN,NaN,NaN
1325730060,NaN,NaN,NaN,NaN,NaN,NaN,NaN
1325730120,NaN,NaN,NaN,NaN,NaN,NaN,NaN
1325730180,NaN,NaN,NaN,NaN,NaN,NaN,NaN
1325730240,NaN,NaN,NaN,NaN,NaN,NaN,NaN
1325730300,NaN,NaN,NaN,NaN,NaN,NaN,NaN
1325730360,NaN,NaN,NaN,NaN,NaN,NaN,NaN
1325730420,NaN,NaN,NaN,NaN,NaN,NaN,NaN
1325730480,NaN,NaN,NaN,NaN,NaN,NaN,NaN
1325730540,NaN,NaN,NaN,NaN,NaN,NaN,NaN
1325730600,NaN,NaN,NaN,NaN,NaN,NaN,NaN
1325730660,NaN,NaN,NaN,NaN,NaN,NaN,NaN
1325730720,NaN,NaN,NaN,NaN,NaN,NaN,NaN
1325730780,NaN,NaN,NaN,NaN,NaN,NaN,NaN
1325730840,NaN,NaN,NaN,NaN,NaN,NaN,NaN
1325730900,NaN,NaN,NaN,NaN,NaN,NaN,NaN
1325730960,NaN,NaN,NaN,NaN,NaN,NaN,NaN
1325731020,NaN,NaN,NaN,NaN,NaN,NaN,NaN
1325731080,NaN,NaN,NaN,NaN,NaN,NaN,NaN
1325731140,NaN,NaN,NaN,NaN,NaN,NaN,NaN
1325731200,NaN,NaN,NaN,NaN,NaN,NaN,NaN
1325731260,NaN,NaN,NaN,NaN,NaN,NaN,NaN
1325731320,NaN,NaN,NaN,NaN,NaN,NaN,NaN
1325731380,NaN,NaN,NaN,NaN,NaN,NaN,NaN
1325731440,NaN,NaN,NaN,NaN,NaN,NaN,NaN
1325731500,NaN,NaN,NaN,NaN,NaN,NaN,NaN
1325731560,NaN,NaN,NaN,NaN,NaN,NaN,NaN
1325731620,NaN,NaN,NaN,NaN,NaN,NaN,NaN
1325731680,NaN,NaN,NaN,NaN,NaN,NaN,NaN
1325731740,NaN,NaN,NaN,NaN,NaN,NaN,NaN
1325731800,NaN,NaN,NaN,NaN,NaN,NaN,NaN
1325731860,NaN,NaN,NaN,NaN,NaN,NaN,NaN
1325731920,NaN,NaN,NaN,NaN,NaN,NaN,NaN
1325731980,NaN,NaN,NaN,NaN,NaN,NaN,NaN
1325732040,NaN,NaN,NaN,NaN,NaN,NaN,NaN
1325732100,NaN,NaN,NaN,NaN,NaN,NaN,NaN
1325732160,NaN,NaN,NaN,NaN,NaN,NaN,NaN
1325732220,NaN,NaN,NaN,NaN,NaN,NaN,NaN
1325732280,NaN,NaN,NaN,NaN,NaN,NaN,NaN
1325732340,NaN,NaN,NaN,NaN,NaN,NaN,NaN
1325732400,NaN,NaN,NaN,NaN,NaN,NaN,NaN
1325732460,NaN,NaN,NaN,NaN,NaN,NaN,NaN
1325732520,NaN,NaN,NaN,NaN,NaN,NaN,NaN
1325732580,NaN,NaN,NaN,NaN,NaN,NaN,NaN
1325732640,NaN,NaN,NaN,NaN,NaN,NaN,NaN
1325732700,NaN,NaN,NaN,NaN,NaN,NaN,NaN
1325732760,NaN,NaN,NaN,NaN,NaN,NaN,NaN
1325732820,NaN,NaN,NaN,NaN,NaN,NaN,NaN
1325732880,NaN,NaN,NaN,NaN,NaN,NaN,NaN
1325732940,NaN,NaN,NaN,NaN,NaN,NaN,NaN
1325733000,NaN,NaN,NaN,NaN,NaN,NaN,NaN
1325733060,NaN,NaN,NaN,NaN,NaN,NaN,NaN
1325733120,NaN,NaN,NaN,NaN,NaN,NaN,NaN
1325733180,NaN,NaN,NaN,NaN,NaN,NaN,NaN
1325733240,NaN,NaN,NaN,NaN,NaN,NaN,NaN
1325733300,NaN,NaN,NaN,NaN,NaN,NaN,NaN
1325733360,NaN,NaN,NaN,NaN,NaN,NaN,NaN
1325733420,NaN,NaN,NaN,NaN,NaN,NaN,NaN
1325733480,NaN,NaN,NaN,NaN,NaN,NaN,NaN
1325733540,NaN,NaN,NaN,NaN,NaN,NaN,NaN
1325733600,NaN,NaN,NaN,NaN,NaN,NaN,NaN
1325733660,NaN,NaN,NaN,NaN,NaN,NaN,NaN
1325733720,NaN,NaN,NaN,NaN,NaN,NaN,NaN
1325733780,NaN,NaN,NaN,NaN,NaN,NaN,NaN
1325733840,NaN,NaN,NaN,NaN,NaN,NaN,NaN
1325733900,NaN,NaN,NaN,NaN,NaN,NaN,NaN
1325733960,NaN,NaN,NaN,NaN,NaN,NaN,NaN
1325734020,NaN,NaN,NaN,NaN,NaN,NaN,NaN
1325734080,NaN,NaN,NaN,NaN,NaN,NaN,NaN
1325734140,NaN,NaN,NaN,NaN,NaN,NaN,NaN
1325734200,NaN,NaN,NaN,NaN,NaN,NaN,NaN
1325734260,NaN,NaN,NaN,NaN,NaN,NaN,NaN
1325734320,NaN,NaN,NaN,NaN,NaN,NaN,NaN
1325734380,NaN,NaN,NaN,NaN,NaN,NaN,NaN
1325734440,NaN,NaN,NaN,NaN,NaN,NaN,NaN
1325734500,NaN,NaN,NaN,NaN,NaN,NaN,NaN
1325734560,NaN,NaN,NaN,NaN,NaN,NaN,NaN
1325734620,NaN,NaN,NaN,NaN,NaN,NaN,NaN
1325734680,NaN,NaN,NaN,NaN,NaN,NaN,NaN
1325734740,NaN,NaN,NaN,NaN,NaN,NaN,NaN
1325734800,NaN,NaN,NaN,NaN,NaN,NaN,NaN
1325734860,NaN,NaN,NaN,NaN,NaN,NaN,NaN
1325734920,NaN,NaN,NaN,NaN,NaN,NaN,NaN
1325734980,NaN,NaN,NaN,NaN,NaN,NaN,NaN
1325735040,NaN,NaN,NaN,NaN,NaN,NaN,NaN
1325735100,NaN,NaN,NaN,NaN,NaN,NaN,NaN
1325735160,NaN,NaN,NaN,NaN,NaN,NaN,NaN
1325735220,NaN,NaN,NaN,NaN,NaN,NaN,NaN
1325735280,NaN,NaN,NaN,NaN,NaN,NaN,NaN
1325735340,NaN,NaN,NaN,NaN,NaN,NaN,NaN
1325735400,NaN,NaN,NaN,NaN,NaN,NaN,NaN
1325735460,NaN,NaN,NaN,NaN,NaN,NaN,NaN
1325735520,5.75,5.75,5.75,5.75,5.2,29.9,5.75
1325735580,NaN,NaN,NaN,NaN,NaN,NaN,NaN
1325735640,NaN,NaN,NaN,NaN,NaN,NaN,NaN
1325735700,NaN,NaN,NaN,NaN,NaN,NaN,NaN
1325735760,NaN,NaN,NaN,NaN,NaN,NaN,NaN
1325735820,NaN,NaN,NaN,NaN,NaN,NaN,NaN
1325735880,NaN,NaN,NaN,NaN,NaN,NaN,NaN
1325735940,NaN,NaN,NaN,NaN,NaN,NaN,NaN
1325736000,NaN,NaN,NaN,NaN,NaN,NaN,NaN
1325736060,NaN,NaN,NaN,NaN,NaN,NaN,NaN
1325736120,NaN,NaN,NaN,NaN,NaN,NaN,NaN
1325736180,NaN,NaN,NaN,NaN,NaN,NaN,NaN
1325736240,NaN,NaN,NaN,NaN,NaN,NaN,NaN
1325736300,NaN,NaN,NaN,NaN,NaN,NaN,NaN
1325736360,NaN,NaN,NaN,NaN,NaN,NaN,NaN
1325736420,NaN,NaN,NaN,NaN,NaN,NaN,NaN
1325736480,NaN,NaN,NaN,NaN,NaN,NaN,NaN
1325736540,NaN,NaN,NaN,NaN,NaN,NaN,NaN
1325736600,NaN,NaN,NaN,NaN,NaN,NaN,NaN
1325736660,NaN,NaN,NaN,NaN,NaN,NaN,NaN
1325736720,NaN,NaN,NaN,NaN,NaN,NaN,NaN
1325736780,NaN,NaN,NaN,NaN,NaN,NaN,NaN
1325736840,NaN,NaN,NaN,NaN,NaN,NaN,NaN
1325736900,NaN,NaN,NaN,NaN,NaN,NaN,NaN
1325736960,NaN,NaN,NaN,NaN,NaN,NaN,NaN
1325737020,NaN,NaN,NaN,NaN,NaN,NaN,NaN
1325737080,NaN,NaN,NaN,NaN,NaN,NaN,NaN
1325737140,NaN,NaN,NaN,NaN,NaN,NaN,NaN
1325737200,NaN,NaN,NaN,NaN,NaN,NaN,NaN
1325737260,NaN,NaN,NaN,NaN,NaN,NaN,NaN
1325737320,NaN,NaN,NaN,NaN,NaN,NaN,NaN
1325737380,NaN,NaN,NaN,NaN,NaN,NaN,NaN
1325737440,NaN,NaN,NaN,NaN,NaN,NaN,NaN
1325737500,NaN,NaN,NaN,NaN,NaN,NaN,NaN
1325737560,NaN,NaN,NaN,NaN,NaN,NaN,NaN
1325737620,NaN,NaN,NaN,NaN,NaN,NaN,NaN
1325737680,NaN,NaN,NaN,NaN,NaN,NaN,NaN
1325737740,NaN,NaN,NaN,NaN,NaN,NaN,NaN
1325737800,NaN,NaN,NaN,NaN,NaN,NaN,NaN
1325737860,NaN,NaN,NaN,NaN,NaN,NaN,NaN
1325737920,NaN,NaN,NaN,NaN,NaN,NaN,NaN
1325737980,NaN,NaN,NaN,NaN,NaN,NaN,NaN
1325738040,NaN,NaN,NaN,NaN,NaN,NaN,NaN
1325738100,NaN,NaN,NaN,NaN,NaN,NaN,NaN
1325738160,NaN,NaN,NaN,NaN,NaN,NaN,NaN
1325738220,NaN,NaN,NaN,NaN,NaN,NaN,NaN
1325738280,NaN,NaN,NaN,NaN,NaN,NaN,NaN
1325738340,NaN,NaN,NaN,NaN,NaN,NaN,NaN
1325738400,NaN,NaN,NaN,NaN,NaN,NaN,NaN
1325738460,NaN,NaN,NaN,NaN,NaN,NaN,NaN
1325738520,NaN,NaN,NaN,NaN,NaN,NaN,NaN
1325738580,NaN,NaN,NaN,NaN,NaN,NaN,NaN
1325738640,NaN,NaN,NaN,NaN,NaN,NaN,NaN
1325738700,NaN,NaN,NaN,NaN,NaN,NaN,NaN
1325738760,NaN,NaN,NaN,NaN,NaN,NaN,NaN
1325738820,NaN,NaN,NaN,NaN,NaN,NaN,NaN
1325738880,NaN,NaN,NaN,NaN,NaN,NaN,NaN
1325738940,NaN,NaN,NaN,NaN,NaN,NaN,NaN
1325739000,NaN,NaN,NaN,NaN,NaN,NaN,NaN
1325739060,NaN,NaN,NaN,NaN,NaN,NaN,NaN
1325739120,NaN,NaN,NaN,NaN,NaN,NaN,NaN
1325739180,NaN,NaN,NaN,NaN,NaN,NaN,NaN
1325739240,NaN,NaN,NaN,NaN,NaN,NaN,NaN
1325739300,NaN,NaN,NaN,NaN,NaN,NaN,NaN
1325739360,NaN,NaN,NaN,NaN,NaN,NaN,NaN
1325739420,NaN,NaN,NaN,NaN,NaN,NaN,NaN
1325739480,NaN,NaN,NaN,NaN,NaN,NaN,NaN
1325739540,NaN,NaN,NaN,NaN,NaN,NaN,NaN
1325739600,NaN,NaN,NaN,NaN,NaN,NaN,NaN
1325739660,NaN,NaN,NaN,NaN,NaN,NaN,NaN
1325739720,NaN,NaN,NaN,NaN,NaN,NaN,NaN
1325739780,NaN,NaN,NaN,NaN,NaN,NaN,NaN
1325739840,NaN,NaN,NaN,NaN,NaN,NaN,NaN
1325739900,NaN,NaN,NaN,NaN,NaN,NaN,NaN
1325739960,NaN,NaN,NaN,NaN,NaN,NaN,NaN
1325740020,NaN,NaN,NaN,NaN,NaN,NaN,NaN
1325740080,NaN,NaN,NaN,NaN,NaN,NaN,NaN
1325740140,NaN,NaN,NaN,NaN,NaN,NaN,NaN
1325740200,NaN,NaN,NaN,NaN,NaN,NaN,NaN
1325740260,NaN,NaN,NaN,NaN,NaN,NaN,NaN
1325740320,NaN,NaN,NaN,NaN,NaN,NaN,NaN
1325740380,NaN,NaN,NaN,NaN,NaN,NaN,NaN
1325740440,NaN,NaN,NaN,NaN,NaN,NaN,NaN
1325740500,NaN,NaN,NaN,NaN,NaN,NaN,NaN
1325740560,NaN,NaN,NaN,NaN,NaN,NaN,NaN
1325740620,NaN,NaN,NaN,NaN,NaN,NaN,NaN
1325740680,NaN,NaN,NaN,NaN,NaN,NaN,NaN
1325740740,NaN,NaN,NaN,NaN,NaN,NaN,NaN
1325740800,NaN,NaN,NaN,NaN,NaN,NaN,NaN
1325740860,NaN,NaN,NaN,NaN,NaN,NaN,NaN
1325740920,NaN,NaN,NaN,NaN,NaN,NaN,NaN
1325740980,NaN,NaN,NaN,NaN,NaN,NaN,NaN
1325741040,NaN,NaN,NaN,NaN,NaN,NaN,NaN
1325741100,NaN,NaN,NaN,NaN,NaN,NaN,NaN
1325741160,NaN,NaN,NaN,NaN,NaN,NaN,NaN
1325741220,NaN,NaN,NaN,NaN,NaN,NaN,NaN
1325741280,NaN,NaN,NaN,NaN,NaN,NaN,NaN
1325741340,NaN,NaN,NaN,NaN,NaN,NaN,NaN
1325741400,NaN,NaN,NaN,NaN,NaN,NaN,NaN
1325741460,NaN,NaN,NaN,NaN,NaN,NaN,NaN
1325741520,NaN,NaN,NaN,NaN,NaN,NaN,NaN
1325741580,NaN,NaN,NaN,NaN,NaN,NaN,NaN
1325741640,NaN,NaN,NaN,NaN,NaN,NaN,NaN
1325741700,NaN,NaN,NaN,NaN,NaN,NaN,NaN
1325741760,NaN,NaN,NaN,NaN,NaN,NaN,NaN
1325741820,NaN,NaN,NaN,NaN,NaN,NaN,NaN
1325741880,NaN,NaN,NaN,NaN,NaN,NaN,NaN
1325741940,NaN,NaN,NaN,NaN,NaN,NaN,NaN
1325742000,NaN,NaN,NaN,NaN,NaN,NaN,NaN
1325742060,NaN,NaN,NaN,NaN,NaN,NaN,NaN
1325742120,NaN,NaN,NaN,NaN,NaN,NaN,NaN
1325742180,NaN,NaN,NaN,NaN,NaN,NaN,NaN
1325742240,NaN,NaN,NaN,NaN,NaN,NaN,NaN
1325742300,NaN,NaN,NaN,NaN,NaN,NaN,NaN
1325742360,NaN,NaN,NaN,NaN,NaN,NaN,NaN
1325742420,NaN,NaN,NaN,NaN,NaN,NaN,NaN
1325742480,NaN,NaN,NaN,NaN,NaN,NaN,NaN
1325742540,NaN,NaN,NaN,NaN,NaN,NaN,NaN
1325742600,NaN,NaN,NaN,NaN,NaN,NaN,NaN
1325742660,NaN,NaN,NaN,NaN,NaN,NaN,NaN
1325742720,NaN,NaN,NaN,NaN,NaN,NaN,NaN
1325742780,NaN,NaN,NaN,NaN,NaN,NaN,NaN
1325742840,NaN,NaN,NaN,NaN,NaN,NaN,NaN
1325742900,NaN,NaN,NaN,NaN,NaN,NaN,NaN
1325742960,NaN,NaN,NaN,NaN,NaN,NaN,NaN
1325743020,NaN,NaN,NaN,NaN,NaN,NaN,NaN
1325743080,NaN,NaN,NaN,NaN,NaN,NaN,NaN
1325743140,NaN,NaN,NaN,NaN,NaN,NaN,NaN
1325743200,NaN,NaN,NaN,NaN,NaN,NaN,NaN
1325743260,NaN,NaN,NaN,NaN,NaN,NaN,NaN
1325743320,NaN,NaN,NaN,NaN,NaN,NaN,NaN
1325743380,NaN,NaN,NaN,NaN,NaN,NaN,NaN
1325743440,NaN,NaN,NaN,NaN,NaN,NaN,NaN
1325743500,NaN,NaN,NaN,NaN,NaN,NaN,NaN
1325743560,NaN,NaN,NaN,NaN,NaN,NaN,NaN
1325743620,NaN,NaN,NaN,NaN,NaN,NaN,NaN
1325743680,NaN,NaN,NaN,NaN,NaN,NaN,NaN
1325743740,NaN,NaN,NaN,NaN,NaN,NaN,NaN
1325743800,NaN,NaN,NaN,NaN,NaN,NaN,NaN
1325743860,NaN,NaN,NaN,NaN,NaN,NaN,NaN
1325743920,NaN,NaN,NaN,NaN,NaN,NaN,NaN
1325743980,NaN,NaN,NaN,NaN,NaN,NaN,NaN
1325744040,NaN,NaN,NaN,NaN,NaN,NaN,NaN
1325744100,NaN,NaN,NaN,NaN,NaN,NaN,NaN
1325744160,NaN,NaN,NaN,NaN,NaN,NaN,NaN
1325744220,NaN,NaN,NaN,NaN,NaN,NaN,NaN
1325744280,NaN,NaN,NaN,NaN,NaN,NaN,NaN
1325744340,NaN,NaN,NaN,NaN,NaN,NaN,NaN
1325744400,NaN,NaN,NaN,NaN,NaN,NaN,NaN
1325744460,NaN,NaN,NaN,NaN,NaN,NaN,NaN
1325744520,NaN,NaN,NaN,NaN,NaN,NaN,NaN
1325744580,NaN,NaN,NaN,NaN,NaN,NaN,NaN
1325744640,NaN,NaN,NaN,NaN,NaN,NaN,NaN
1325744700,NaN,NaN,NaN,NaN,NaN,NaN,NaN
1325744760,NaN,NaN,NaN,NaN,NaN,NaN,NaN
1325744820,NaN,NaN,NaN,NaN,NaN,NaN,NaN
1325744880,NaN,NaN,NaN,NaN,NaN,NaN,NaN
1325744940,NaN,NaN,NaN,NaN,NaN,NaN,NaN
1325745000,NaN,NaN,NaN,NaN,NaN,NaN,NaN
1325745060,NaN,NaN,NaN,NaN,NaN,NaN,NaN
1325745120,NaN,NaN,NaN,NaN,NaN,NaN,NaN
1325745180,NaN,NaN,NaN,NaN,NaN,NaN,NaN
1325745240,NaN,NaN,NaN,NaN,NaN,NaN,NaN
1325745300,NaN,NaN,NaN,NaN,NaN,NaN,NaN
1325745360,NaN,NaN,NaN,NaN,NaN,NaN,NaN
1325745420,NaN,NaN,NaN,NaN,NaN,NaN,NaN
1325745480,NaN,NaN,NaN,NaN,NaN,NaN,NaN
1325745540,NaN,NaN,NaN,NaN,NaN,NaN,NaN
1325745600,NaN,NaN,NaN,NaN,NaN,NaN,NaN
1325745660,NaN,NaN,NaN,NaN,NaN,NaN,NaN
1325745720,NaN,NaN,NaN,NaN,NaN,NaN,NaN
1325745780,NaN,NaN,NaN,NaN,NaN,NaN,NaN
1325745840,NaN,NaN,NaN,NaN,NaN,NaN,NaN
1325745900,NaN,NaN,NaN,NaN,NaN,NaN,NaN
1325745960,NaN,NaN,NaN,NaN,NaN,NaN,NaN
1325746020,NaN,NaN,NaN,NaN,NaN,NaN,NaN
1325746080,NaN,NaN,NaN,NaN,NaN,NaN,NaN
1325746140,NaN,NaN,NaN,NaN,NaN,NaN,NaN
1325746200,NaN,NaN,NaN,NaN,NaN,NaN,NaN
1325746260,NaN,NaN,NaN,NaN,NaN,NaN,NaN
1325746320,NaN,NaN,NaN,NaN,NaN,NaN,NaN
1325746380,NaN,NaN,NaN,NaN,NaN,NaN,NaN
1325746440,NaN,NaN,NaN,NaN,NaN,NaN,NaN
1325746500,NaN,NaN,NaN,NaN,NaN,NaN,NaN
1325746560,NaN,NaN,NaN,NaN,NaN,NaN,NaN
1325746620,NaN,NaN,NaN,NaN,NaN,NaN,NaN
1325746680,NaN,NaN,NaN,NaN,NaN,NaN,NaN
1325746740,NaN,NaN,NaN,NaN,NaN,NaN,NaN
1325746800,NaN,NaN,NaN,NaN,NaN,NaN,NaN
1325746860,NaN,NaN,NaN,NaN,NaN,NaN,NaN
1325746920,NaN,NaN,NaN,NaN,NaN,NaN,NaN
1325746980,NaN,NaN,NaN,NaN,NaN,NaN,NaN
1325747040,NaN,NaN,NaN,NaN,NaN,NaN,NaN
1325747100,NaN,NaN,NaN,NaN,NaN,NaN,NaN
1325747160,NaN,NaN,NaN,NaN,NaN,NaN,NaN
1325747220,NaN,NaN,NaN,NaN,NaN,NaN,NaN
1325747280,NaN,NaN,NaN,NaN,NaN,NaN,NaN
1325747340,NaN,NaN,NaN,NaN,NaN,NaN,NaN
1325747400,NaN,NaN,NaN,NaN,NaN,NaN,NaN
1325747460,NaN,NaN,NaN,NaN,NaN,NaN,NaN
1325747520,NaN,NaN,NaN,NaN,NaN,NaN,NaN
1325747580,NaN,NaN,NaN,NaN,NaN,NaN,NaN
1325747640,NaN,NaN,NaN,NaN,NaN,NaN,NaN
1325747700,NaN,NaN,NaN,NaN,NaN,NaN,NaN
1325747760,NaN,NaN,NaN,NaN,NaN,NaN,NaN
1325747820,NaN,NaN,NaN,NaN,NaN,NaN,NaN
1325747880,NaN,NaN,NaN,NaN,NaN,NaN,NaN
1325747940,5.75,5.79,5.75,5.79,14.8,85.5,5.777027027
1325748000,NaN,NaN,NaN,NaN,NaN,NaN,NaN
1325748060,NaN,NaN,NaN,NaN,NaN,NaN,NaN
1325748120,NaN,NaN,NaN,NaN,NaN,NaN,NaN
1325748180,NaN,NaN,NaN,NaN,NaN,NaN,NaN
1325748240,NaN,NaN,NaN,NaN,NaN,NaN,NaN
1325748300,NaN,NaN,NaN,NaN,NaN,NaN,NaN
1325748360,NaN,NaN,NaN,NaN,NaN,NaN,NaN
1325748420,NaN,NaN,NaN,NaN,NaN,NaN,NaN
1325748480,NaN,NaN,NaN,NaN,NaN,NaN,NaN
1325748540,NaN,NaN,NaN,NaN,NaN,NaN,NaN
1325748600,NaN,NaN,NaN,NaN,NaN,NaN,NaN
1325748660,NaN,NaN,NaN,NaN,NaN,NaN,NaN
1325748720,NaN,NaN,NaN,NaN,NaN,NaN,NaN
1325748780,NaN,NaN,NaN,NaN,NaN,NaN,NaN
1325748840,NaN,NaN,NaN,NaN,NaN,NaN,NaN
1325748900,NaN,NaN,NaN,NaN,NaN,NaN,NaN
1325748960,NaN,NaN,NaN,NaN,NaN,NaN,NaN
1325749020,NaN,NaN,NaN,NaN,NaN,NaN,NaN
1325749080,NaN,NaN,NaN,NaN,NaN,NaN,NaN
1325749140,NaN,NaN,NaN,NaN,NaN,NaN,NaN
1325749200,NaN,NaN,NaN,NaN,NaN,NaN,NaN
1325749260,NaN,NaN,NaN,NaN,NaN,NaN,NaN
1325749320,NaN,NaN,NaN,NaN,NaN,NaN,NaN
1325749380,NaN,NaN,NaN,NaN,NaN,NaN,NaN
1325749440,NaN,NaN,NaN,NaN,NaN,NaN,NaN
1325749500,NaN,NaN,NaN,NaN,NaN,NaN,NaN
1325749560,NaN,NaN,NaN,NaN,NaN,NaN,NaN
1325749620,NaN,NaN,NaN,NaN,NaN,NaN,NaN
1325749680,NaN,NaN,NaN,NaN,NaN,NaN,NaN
1325749740,NaN,NaN,NaN,NaN,NaN,NaN,NaN
1325749800,NaN,NaN,NaN,NaN,NaN,NaN,NaN
1325749860,NaN,NaN,NaN,NaN,NaN,NaN,NaN
1325749920,NaN,NaN,NaN,NaN,NaN,NaN,NaN
1325749980,NaN,NaN,NaN,NaN,NaN,NaN,NaN
1325750040,NaN,NaN,NaN,NaN,NaN,NaN,NaN
1325750100,NaN,NaN,NaN,NaN,NaN,NaN,NaN
1325750160,NaN,NaN,NaN,NaN,NaN,NaN,NaN
1325750220,NaN,NaN,NaN,NaN,NaN,NaN,NaN
1325750280,NaN,NaN,NaN,NaN,NaN,NaN,NaN
1325750340,NaN,NaN,NaN,NaN,NaN,NaN,NaN
1325750400,NaN,NaN,NaN,NaN,NaN,NaN,NaN
1325750460,NaN,NaN,NaN,NaN,NaN,NaN,NaN
1325750520,NaN,NaN,NaN,NaN,NaN,NaN,NaN
1325750580,NaN,NaN,NaN,NaN,NaN,NaN,NaN
1325750640,NaN,NaN,NaN,NaN,NaN,NaN,NaN
1325750700,NaN,NaN,NaN,NaN,NaN,NaN,NaN
1325750760,NaN,NaN,NaN,NaN,NaN,NaN,NaN
1325750820,NaN,NaN,NaN,NaN,NaN,NaN,NaN
1325750880,NaN,NaN,NaN,NaN,NaN,NaN,NaN
1325750940,NaN,NaN,NaN,NaN,NaN,NaN,NaN
1325751000,NaN,NaN,NaN,NaN,NaN,NaN,NaN
1325751060,NaN,NaN,NaN,NaN,NaN,NaN,NaN
1325751120,NaN,NaN,NaN,NaN,NaN,NaN,NaN
1325751180,NaN,NaN,NaN,NaN,NaN,NaN,NaN
1325751240,NaN,NaN,NaN,NaN,NaN,NaN,NaN
1325751300,NaN,NaN,NaN,NaN,NaN,NaN,NaN
1325751360,NaN,NaN,NaN,NaN,NaN,NaN,NaN
1325751420,NaN,NaN,NaN,NaN,NaN,NaN,NaN
1325751480,NaN,NaN,NaN,NaN,NaN,NaN,NaN
1325751540,NaN,NaN,NaN,NaN,NaN,NaN,NaN
1325751600,NaN,NaN,NaN,NaN,NaN,NaN,NaN
1325751660,NaN,NaN,NaN,NaN,NaN,NaN,NaN
1325751720,NaN,NaN,NaN,NaN,NaN,NaN,NaN
1325751780,NaN,NaN,NaN,NaN,NaN,NaN,NaN
1325751840,NaN,NaN,NaN,NaN,NaN,NaN,NaN
1325751900,NaN,NaN,NaN,NaN,NaN,NaN,NaN
1325751960,NaN,NaN,NaN,NaN,NaN,NaN,NaN
1325752020,NaN,NaN,NaN,NaN,NaN,NaN,NaN
1325752080,NaN,NaN,NaN,NaN,NaN,NaN,NaN
1325752140,NaN,NaN,NaN,NaN,NaN,NaN,NaN
1325752200,NaN,NaN,NaN,NaN,NaN,NaN,NaN
1325752260,NaN,NaN,NaN,NaN,NaN,NaN,NaN
1325752320,NaN,NaN,NaN,NaN,NaN,NaN,NaN
1325752380,NaN,NaN,NaN,NaN,NaN,NaN,NaN
1325752440,NaN,NaN,NaN,NaN,NaN,NaN,NaN
1325752500,NaN,NaN,NaN,NaN,NaN,NaN,NaN
1325752560,NaN,NaN,NaN,NaN,NaN,NaN,NaN
1325752620,NaN,NaN,NaN,NaN,NaN,NaN,NaN
1325752680,NaN,NaN,NaN,NaN,NaN,NaN,NaN
1325752740,NaN,NaN,NaN,NaN,NaN,NaN,NaN
1325752800,NaN,NaN,NaN,NaN,NaN,NaN,NaN
1325752860,NaN,NaN,NaN,NaN,NaN,NaN,NaN
1325752920,NaN,NaN,NaN,NaN,NaN,NaN,NaN
1325752980,NaN,NaN,NaN,NaN,NaN,NaN,NaN
1325753040,NaN,NaN,NaN,NaN,NaN,NaN,NaN
1325753100,NaN,NaN,NaN,NaN,NaN,NaN,NaN
1325753160,NaN,NaN,NaN,NaN,NaN,NaN,NaN
1325753220,NaN,NaN,NaN,NaN,NaN,NaN,NaN
1325753280,NaN,NaN,NaN,NaN,NaN,NaN,NaN
1325753340,NaN,NaN,NaN,NaN,NaN,NaN,NaN
1325753400,NaN,NaN,NaN,NaN,NaN,NaN,NaN
1325753460,NaN,NaN,NaN,NaN,NaN,NaN,NaN
1325753520,NaN,NaN,NaN,NaN,NaN,NaN,NaN
1325753580,NaN,NaN,NaN,NaN,NaN,NaN,NaN
1325753640,NaN,NaN,NaN,NaN,NaN,NaN,NaN
1325753700,NaN,NaN,NaN,NaN,NaN,NaN,NaN
1325753760,NaN,NaN,NaN,NaN,NaN,NaN,NaN
1325753820,NaN,NaN,NaN,NaN,NaN,NaN,NaN
1325753880,6,6,6,6,2.23666667,13.42000002,6
1325753940,NaN,NaN,NaN,NaN,NaN,NaN,NaN
1325754000,NaN,NaN,NaN,NaN,NaN,NaN,NaN
1325754060,NaN,NaN,NaN,NaN,NaN,NaN,NaN
1325754120,NaN,NaN,NaN,NaN,NaN,NaN,NaN
1325754180,6,6,6,6,0.1684827,1.0108962,6
1325754240,NaN,NaN,NaN,NaN,NaN,NaN,NaN
1325754300,NaN,NaN,NaN,NaN,NaN,NaN,NaN
1325754360,NaN,NaN,NaN,NaN,NaN,NaN,NaN
1325754420,NaN,NaN,NaN,NaN,NaN,NaN,NaN
1325754480,NaN,NaN,NaN,NaN,NaN,NaN,NaN
1325754540,NaN,NaN,NaN,NaN,NaN,NaN,NaN
1325754600,NaN,NaN,NaN,NaN,NaN,NaN,NaN
1325754660,NaN,NaN,NaN,NaN,NaN,NaN,NaN
1325754720,NaN,NaN,NaN,NaN,NaN,NaN,NaN
1325754780,NaN,NaN,NaN,NaN,NaN,NaN,NaN
1325754840,NaN,NaN,NaN,NaN,NaN,NaN,NaN
1325754900,NaN,NaN,NaN,NaN,NaN,NaN,NaN
1325754960,NaN,NaN,NaN,NaN,NaN,NaN,NaN
1325755020,NaN,NaN,NaN,NaN,NaN,NaN,NaN
1325755080,NaN,NaN,NaN,NaN,NaN,NaN,NaN
1325755140,NaN,NaN,NaN,NaN,NaN,NaN,NaN
1325755200,NaN,NaN,NaN,NaN,NaN,NaN,NaN
1325755260,NaN,NaN,NaN,NaN,NaN,NaN,NaN
1325755320,NaN,NaN,NaN,NaN,NaN,NaN,NaN
1325755380,NaN,NaN,NaN,NaN,NaN,NaN,NaN
1325755440,NaN,NaN,NaN,NaN,NaN,NaN,NaN
1325755500,NaN,NaN,NaN,NaN,NaN,NaN,NaN
1325755560,NaN,NaN,NaN,NaN,NaN,NaN,NaN
1325755620,NaN,NaN,NaN,NaN,NaN,NaN,NaN
1325755680,NaN,NaN,NaN,NaN,NaN,NaN,NaN
1325755740,NaN,NaN,NaN,NaN,NaN,NaN,NaN
1325755800,NaN,NaN,NaN,NaN,NaN,NaN,NaN
1325755860,NaN,NaN,NaN,NaN,NaN,NaN,NaN
1325755920,NaN,NaN,NaN,NaN,NaN,NaN,NaN
1325755980,NaN,NaN,NaN,NaN,NaN,NaN,NaN
1325756040,NaN,NaN,NaN,NaN,NaN,NaN,NaN
1325756100,NaN,NaN,NaN,NaN,NaN,NaN,NaN
1325756160,NaN,NaN,NaN,NaN,NaN,NaN,NaN
1325756220,NaN,NaN,NaN,NaN,NaN,NaN,NaN
1325756280,NaN,NaN,NaN,NaN,NaN,NaN,NaN
1325756340,NaN,NaN,NaN,NaN,NaN,NaN,NaN
1325756400,NaN,NaN,NaN,NaN,NaN,NaN,NaN
1325756460,NaN,NaN,NaN,NaN,NaN,NaN,NaN
1325756520,NaN,NaN,NaN,NaN,NaN,NaN,NaN
1325756580,NaN,NaN,NaN,NaN,NaN,NaN,NaN
1325756640,NaN,NaN,NaN,NaN,NaN,NaN,NaN
1325756700,NaN,NaN,NaN,NaN,NaN,NaN,NaN
1325756760,NaN,NaN,NaN,NaN,NaN,NaN,NaN
1325756820,NaN,NaN,NaN,NaN,NaN,NaN,NaN
1325756880,6.15,6.15,6.15,6.15,10,61.5,6.15
1325756940,NaN,NaN,NaN,NaN,NaN,NaN,NaN
1325757000,NaN,NaN,NaN,NaN,NaN,NaN,NaN
1325757060,NaN,NaN,NaN,NaN,NaN,NaN,NaN
1325757120,NaN,NaN,NaN,NaN,NaN,NaN,NaN
1325757180,NaN,NaN,NaN,NaN,NaN,NaN,NaN
1325757240,NaN,NaN,NaN,NaN,NaN,NaN,NaN
1325757300,NaN,NaN,NaN,NaN,NaN,NaN,NaN
1325757360,NaN,NaN,NaN,NaN,NaN,NaN,NaN
1325757420,NaN,NaN,NaN,NaN,NaN,NaN,NaN
1325757480,NaN,NaN,NaN,NaN,NaN,NaN,NaN
1325757540,NaN,NaN,NaN,NaN,NaN,NaN,NaN
1325757600,NaN,NaN,NaN,NaN,NaN,NaN,NaN
1325757660,NaN,NaN,NaN,NaN,NaN,NaN,NaN
1325757720,NaN,NaN,NaN,NaN,NaN,NaN,NaN
1325757780,NaN,NaN,NaN,NaN,NaN,NaN,NaN
1325757840,NaN,NaN,NaN,NaN,NaN,NaN,NaN
1325757900,NaN,NaN,NaN,NaN,NaN,NaN,NaN
1325757960,NaN,NaN,NaN,NaN,NaN,NaN,NaN
1325758020,NaN,NaN,NaN,NaN,NaN,NaN,NaN
1325758080,6.19,6.19,6.19,6.19,0.57189015,3.5400000285,6.19
1325758140,NaN,NaN,NaN,NaN,NaN,NaN,NaN
1325758200,6.19,6.23,6.19,6.23,16,99.285718902,6.2053574313
1325758260,NaN,NaN,NaN,NaN,NaN,NaN,NaN
1325758320,NaN,NaN,NaN,NaN,NaN,NaN,NaN
1325758380,NaN,NaN,NaN,NaN,NaN,NaN,NaN
1325758440,NaN,NaN,NaN,NaN,NaN,NaN,NaN
1325758500,NaN,NaN,NaN,NaN,NaN,NaN,NaN
1325758560,NaN,NaN,NaN,NaN,NaN,NaN,NaN
1325758620,NaN,NaN,NaN,NaN,NaN,NaN,NaN
1325758680,NaN,NaN,NaN,NaN,NaN,NaN,NaN
1325758740,NaN,NaN,NaN,NaN,NaN,NaN,NaN
1325758800,NaN,NaN,NaN,NaN,NaN,NaN,NaN
1325758860,NaN,NaN,NaN,NaN,NaN,NaN,NaN
1325758920,NaN,NaN,NaN,NaN,NaN,NaN,NaN
1325758980,NaN,NaN,NaN,NaN,NaN,NaN,NaN
1325759040,NaN,NaN,NaN,NaN,NaN,NaN,NaN
1325759100,NaN,NaN,NaN,NaN,NaN,NaN,NaN
1325759160,NaN,NaN,NaN,NaN,NaN,NaN,NaN
1325759220,NaN,NaN,NaN,NaN,NaN,NaN,NaN
1325759280,NaN,NaN,NaN,NaN,NaN,NaN,NaN
1325759340,NaN,NaN,NaN,NaN,NaN,NaN,NaN
1325759400,NaN,NaN,NaN,NaN,NaN,NaN,NaN
1325759460,NaN,NaN,NaN,NaN,NaN,NaN,NaN
1325759520,NaN,NaN,NaN,NaN,NaN,NaN,NaN
1325759580,NaN,NaN,NaN,NaN,NaN,NaN,NaN
1325759640,NaN,NaN,NaN,NaN,NaN,NaN,NaN
1325759700,NaN,NaN,NaN,NaN,NaN,NaN,NaN
1325759760,NaN,NaN,NaN,NaN,NaN,NaN,NaN
1325759820,NaN,NaN,NaN,NaN,NaN,NaN,NaN
1325759880,NaN,NaN,NaN,NaN,NaN,NaN,NaN
1325759940,NaN,NaN,NaN,NaN,NaN,NaN,NaN
1325760000,NaN,NaN,NaN,NaN,NaN,NaN,NaN
1325760060,NaN,NaN,NaN,NaN,NaN,NaN,NaN
1325760120,NaN,NaN,NaN,NaN,NaN,NaN,NaN
1325760180,NaN,NaN,NaN,NaN,NaN,NaN,NaN
1325760240,NaN,NaN,NaN,NaN,NaN,NaN,NaN
1325760300,NaN,NaN,NaN,NaN,NaN,NaN,NaN
1325760360,NaN,NaN,NaN,NaN,NaN,NaN,NaN
1325760420,NaN,NaN,NaN,NaN,NaN,NaN,NaN
1325760480,6.23,6.25,6.23,6.25,14,87.42,6.2442857143
1325760540,NaN,NaN,NaN,NaN,NaN,NaN,NaN
1325760600,NaN,NaN,NaN,NaN,NaN,NaN,NaN
1325760660,NaN,NaN,NaN,NaN,NaN,NaN,NaN
1325760720,NaN,NaN,NaN,NaN,NaN,NaN,NaN
1325760780,NaN,NaN,NaN,NaN,NaN,NaN,NaN
1325760840,NaN,NaN,NaN,NaN,NaN,NaN,NaN
1325760900,NaN,NaN,NaN,NaN,NaN,NaN,NaN
1325760960,NaN,NaN,NaN,NaN,NaN,NaN,NaN
1325761020,NaN,NaN,NaN,NaN,NaN,NaN,NaN
1325761080,NaN,NaN,NaN,NaN,NaN,NaN,NaN
1325761140,NaN,NaN,NaN,NaN,NaN,NaN,NaN
1325761200,NaN,NaN,NaN,NaN,NaN,NaN,NaN
1325761260,NaN,NaN,NaN,NaN,NaN,NaN,NaN
1325761320,NaN,NaN,NaN,NaN,NaN,NaN,NaN
1325761380,NaN,NaN,NaN,NaN,NaN,NaN,NaN
1325761440,NaN,NaN,NaN,NaN,NaN,NaN,NaN
1325761500,NaN,NaN,NaN,NaN,NaN,NaN,NaN
1325761560,NaN,NaN,NaN,NaN,NaN,NaN,NaN
1325761620,NaN,NaN,NaN,NaN,NaN,NaN,NaN
1325761680,NaN,NaN,NaN,NaN,NaN,NaN,NaN
1325761740,NaN,NaN,NaN,NaN,NaN,NaN,NaN
1325761800,NaN,NaN,NaN,NaN,NaN,NaN,NaN
1325761860,NaN,NaN,NaN,NaN,NaN,NaN,NaN
1325761920,NaN,NaN,NaN,NaN,NaN,NaN,NaN
1325761980,NaN,NaN,NaN,NaN,NaN,NaN,NaN
1325762040,NaN,NaN,NaN,NaN,NaN,NaN,NaN
1325762100,NaN,NaN,NaN,NaN,NaN,NaN,NaN
1325762160,NaN,NaN,NaN,NaN,NaN,NaN,NaN
1325762220,NaN,NaN,NaN,NaN,NaN,NaN,NaN
1325762280,NaN,NaN,NaN,NaN,NaN,NaN,NaN
1325762340,NaN,NaN,NaN,NaN,NaN,NaN,NaN
1325762400,6.46,6.46,6.46,6.46,0.77399381,5.0000000126,6.46
1325762460,6.46,6.46,6.46,6.46,0.17801857,1.1499999622,6.46
1325762520,NaN,NaN,NaN,NaN,NaN,NaN,NaN
1325762580,NaN,NaN,NaN,NaN,NaN,NaN,NaN
1325762640,NaN,NaN,NaN,NaN,NaN,NaN,NaN
1325762700,NaN,NaN,NaN,NaN,NaN,NaN,NaN
1325762760,NaN,NaN,NaN,NaN,NaN,NaN,NaN
1325762820,NaN,NaN,NaN,NaN,NaN,NaN,NaN
1325762880,6.43,6.43,6.43,6.43,0.31104199,1.9999999957,6.43
1325762940,NaN,NaN,NaN,NaN,NaN,NaN,NaN
1325763000,NaN,NaN,NaN,NaN,NaN,NaN,NaN
1325763060,NaN,NaN,NaN,NaN,NaN,NaN,NaN
1325763120,NaN,NaN,NaN,NaN,NaN,NaN,NaN
1325763180,NaN,NaN,NaN,NaN,NaN,NaN,NaN
1325763240,NaN,NaN,NaN,NaN,NaN,NaN,NaN
1325763300,NaN,NaN,NaN,NaN,NaN,NaN,NaN
1325763360,NaN,NaN,NaN,NaN,NaN,NaN,NaN
1325763420,NaN,NaN,NaN,NaN,NaN,NaN,NaN
1325763480,NaN,NaN,NaN,NaN,NaN,NaN,NaN
1325763540,NaN,NaN,NaN,NaN,NaN,NaN,NaN
1325763600,NaN,NaN,NaN,NaN,NaN,NaN,NaN
1325763660,NaN,NaN,NaN,NaN,NaN,NaN,NaN
1325763720,NaN,NaN,NaN,NaN,NaN,NaN,NaN
1325763780,NaN,NaN,NaN,NaN,NaN,NaN,NaN
1325763840,NaN,NaN,NaN,NaN,NaN,NaN,NaN
1325763900,NaN,NaN,NaN,NaN,NaN,NaN,NaN
1325763960,NaN,NaN,NaN,NaN,NaN,NaN,NaN
1325764020,NaN,NaN,NaN,NaN,NaN,NaN,NaN
1325764080,NaN,NaN,NaN,NaN,NaN,NaN,NaN
1325764140,NaN,NaN,NaN,NaN,NaN,NaN,NaN
1325764200,NaN,NaN,NaN,NaN,NaN,NaN,NaN
1325764260,NaN,NaN,NaN,NaN,NaN,NaN,NaN
1325764320,NaN,NaN,NaN,NaN,NaN,NaN,NaN
1325764380,NaN,NaN,NaN,NaN,NaN,NaN,NaN
1325764440,NaN,NaN,NaN,NaN,NaN,NaN,NaN
1325764500,NaN,NaN,NaN,NaN,NaN,NaN,NaN
1325764560,NaN,NaN,NaN,NaN,NaN,NaN,NaN
1325764620,NaN,NaN,NaN,NaN,NaN,NaN,NaN
1325764680,NaN,NaN,NaN,NaN,NaN,NaN,NaN
1325764740,NaN,NaN,NaN,NaN,NaN,NaN,NaN
1325764800,NaN,NaN,NaN,NaN,NaN,NaN,NaN
1325764860,NaN,NaN,NaN,NaN,NaN,NaN,NaN
1325764920,NaN,NaN,NaN,NaN,NaN,NaN,NaN
1325764980,NaN,NaN,NaN,NaN,NaN,NaN,NaN
1325765040,NaN,NaN,NaN,NaN,NaN,NaN,NaN
1325765100,NaN,NaN,NaN,NaN,NaN,NaN,NaN
1325765160,NaN,NaN,NaN,NaN,NaN,NaN,NaN
1325765220,NaN,NaN,NaN,NaN,NaN,NaN,NaN
1325765280,NaN,NaN,NaN,NaN,NaN,NaN,NaN
1325765340,NaN,NaN,NaN,NaN,NaN,NaN,NaN
1325765400,NaN,NaN,NaN,NaN,NaN,NaN,NaN
1325765460,NaN,NaN,NaN,NaN,NaN,NaN,NaN
1325765520,NaN,NaN,NaN,NaN,NaN,NaN,NaN
1325765580,NaN,NaN,NaN,NaN,NaN,NaN,NaN
1325765640,NaN,NaN,NaN,NaN,NaN,NaN,NaN
1325765700,NaN,NaN,NaN,NaN,NaN,NaN,NaN
1325765760,NaN,NaN,NaN,NaN,NaN,NaN,NaN
1325765820,NaN,NaN,NaN,NaN,NaN,NaN,NaN
1325765880,NaN,NaN,NaN,NaN,NaN,NaN,NaN
1325765940,NaN,NaN,NaN,NaN,NaN,NaN,NaN
1325766000,NaN,NaN,NaN,NaN,NaN,NaN,NaN
1325766060,NaN,NaN,NaN,NaN,NaN,NaN,NaN
1325766120,NaN,NaN,NaN,NaN,NaN,NaN,NaN
1325766180,NaN,NaN,NaN,NaN,NaN,NaN,NaN
1325766240,NaN,NaN,NaN,NaN,NaN,NaN,NaN
1325766300,NaN,NaN,NaN,NaN,NaN,NaN,NaN
1325766360,NaN,NaN,NaN,NaN,NaN,NaN,NaN
1325766420,NaN,NaN,NaN,NaN,NaN,NaN,NaN
1325766480,NaN,NaN,NaN,NaN,NaN,NaN,NaN
1325766540,NaN,NaN,NaN,NaN,NaN,NaN,NaN
1325766600,NaN,NaN,NaN,NaN,NaN,NaN,NaN
1325766660,NaN,NaN,NaN,NaN,NaN,NaN,NaN
1325766720,NaN,NaN,NaN,NaN,NaN,NaN,NaN
1325766780,NaN,NaN,NaN,NaN,NaN,NaN,NaN
1325766840,NaN,NaN,NaN,NaN,NaN,NaN,NaN
1325766900,NaN,NaN,NaN,NaN,NaN,NaN,NaN
1325766960,NaN,NaN,NaN,NaN,NaN,NaN,NaN
1325767020,NaN,NaN,NaN,NaN,NaN,NaN,NaN
1325767080,NaN,NaN,NaN,NaN,NaN,NaN,NaN
1325767140,NaN,NaN,NaN,NaN,NaN,NaN,NaN
1325767200,NaN,NaN,NaN,NaN,NaN,NaN,NaN
1325767260,NaN,NaN,NaN,NaN,NaN,NaN,NaN
1325767320,NaN,NaN,NaN,NaN,NaN,NaN,NaN
1325767380,NaN,NaN,NaN,NaN,NaN,NaN,NaN
1325767440,NaN,NaN,NaN,NaN,NaN,NaN,NaN
1325767500,NaN,NaN,NaN,NaN,NaN,NaN,NaN
1325767560,NaN,NaN,NaN,NaN,NaN,NaN,NaN
1325767620,NaN,NaN,NaN,NaN,NaN,NaN,NaN
1325767680,NaN,NaN,NaN,NaN,NaN,NaN,NaN
1325767740,NaN,NaN,NaN,NaN,NaN,NaN,NaN
1325767800,NaN,NaN,NaN,NaN,NaN,NaN,NaN
1325767860,NaN,NaN,NaN,NaN,NaN,NaN,NaN
1325767920,NaN,NaN,NaN,NaN,NaN,NaN,NaN
1325767980,NaN,NaN,NaN,NaN,NaN,NaN,NaN
1325768040,NaN,NaN,NaN,NaN,NaN,NaN,NaN
1325768100,NaN,NaN,NaN,NaN,NaN,NaN,NaN
1325768160,NaN,NaN,NaN,NaN,NaN,NaN,NaN
1325768220,NaN,NaN,NaN,NaN,NaN,NaN,NaN
1325768280,NaN,NaN,NaN,NaN,NaN,NaN,NaN
1325768340,NaN,NaN,NaN,NaN,NaN,NaN,NaN
1325768400,NaN,NaN,NaN,NaN,NaN,NaN,NaN
1325768460,NaN,NaN,NaN,NaN,NaN,NaN,NaN
1325768520,NaN,NaN,NaN,NaN,NaN,NaN,NaN
1325768580,NaN,NaN,NaN,NaN,NaN,NaN,NaN
1325768640,NaN,NaN,NaN,NaN,NaN,NaN,NaN
1325768700,NaN,NaN,NaN,NaN,NaN,NaN,NaN
1325768760,NaN,NaN,NaN,NaN,NaN,NaN,NaN
1325768820,6.44,6.44,6.44,6.44,0.31055901,2.0000000244,6.44
1325768880,NaN,NaN,NaN,NaN,NaN,NaN,NaN
1325768940,NaN,NaN,NaN,NaN,NaN,NaN,NaN
1325769000,NaN,NaN,NaN,NaN,NaN,NaN,NaN
1325769060,NaN,NaN,NaN,NaN,NaN,NaN,NaN
1325769120,NaN,NaN,NaN,NaN,NaN,NaN,NaN
1325769180,NaN,NaN,NaN,NaN,NaN,NaN,NaN
1325769240,NaN,NaN,NaN,NaN,NaN,NaN,NaN
1325769300,NaN,NaN,NaN,NaN,NaN,NaN,NaN
1325769360,NaN,NaN,NaN,NaN,NaN,NaN,NaN
1325769420,NaN,NaN,NaN,NaN,NaN,NaN,NaN
1325769480,NaN,NaN,NaN,NaN,NaN,NaN,NaN
1325769540,NaN,NaN,NaN,NaN,NaN,NaN,NaN
1325769600,NaN,NaN,NaN,NaN,NaN,NaN,NaN
1325769660,NaN,NaN,NaN,NaN,NaN,NaN,NaN
1325769720,NaN,NaN,NaN,NaN,NaN,NaN,NaN
1325769780,NaN,NaN,NaN,NaN,NaN,NaN,NaN
1325769840,NaN,NaN,NaN,NaN,NaN,NaN,NaN
1325769900,NaN,NaN,NaN,NaN,NaN,NaN,NaN
1325769960,NaN,NaN,NaN,NaN,NaN,NaN,NaN
1325770020,NaN,NaN,NaN,NaN,NaN,NaN,NaN
1325770080,NaN,NaN,NaN,NaN,NaN,NaN,NaN
1325770140,NaN,NaN,NaN,NaN,NaN,NaN,NaN
1325770200,NaN,NaN,NaN,NaN,NaN,NaN,NaN
1325770260,NaN,NaN,NaN,NaN,NaN,NaN,NaN
1325770320,NaN,NaN,NaN,NaN,NaN,NaN,NaN
1325770380,NaN,NaN,NaN,NaN,NaN,NaN,NaN
1325770440,NaN,NaN,NaN,NaN,NaN,NaN,NaN
1325770500,NaN,NaN,NaN,NaN,NaN,NaN,NaN
1325770560,NaN,NaN,NaN,NaN,NaN,NaN,NaN
1325770620,NaN,NaN,NaN,NaN,NaN,NaN,NaN
1325770680,6.43,6.43,6.43,6.43,0.46656299,3.0000000257,6.43
1325770740,NaN,NaN,NaN,NaN,NaN,NaN,NaN
1325770800,NaN,NaN,NaN,NaN,NaN,NaN,NaN
1325770860,NaN,NaN,NaN,NaN,NaN,NaN,NaN
1325770920,NaN,NaN,NaN,NaN,NaN,NaN,NaN
1325770980,NaN,NaN,NaN,NaN,NaN,NaN,NaN
1325771040,NaN,NaN,NaN,NaN,NaN,NaN,NaN
1325771100,NaN,NaN,NaN,NaN,NaN,NaN,NaN
1325771160,NaN,NaN,NaN,NaN,NaN,NaN,NaN
1325771220,NaN,NaN,NaN,NaN,NaN,NaN,NaN
1325771280,NaN,NaN,NaN,NaN,NaN,NaN,NaN
1325771340,NaN,NaN,NaN,NaN,NaN,NaN,NaN
1325771400,NaN,NaN,NaN,NaN,NaN,NaN,NaN
1325771460,NaN,NaN,NaN,NaN,NaN,NaN,NaN
1325771520,NaN,NaN,NaN,NaN,NaN,NaN,NaN
1325771580,NaN,NaN,NaN,NaN,NaN,NaN,NaN
1325771640,NaN,NaN,NaN,NaN,NaN,NaN,NaN
1325771700,NaN,NaN,NaN,NaN,NaN,NaN,NaN
1325771760,NaN,NaN,NaN,NaN,NaN,NaN,NaN
1325771820,NaN,NaN,NaN,NaN,NaN,NaN,NaN
1325771880,NaN,NaN,NaN,NaN,NaN,NaN,NaN
1325771940,NaN,NaN,NaN,NaN,NaN,NaN,NaN
1325772000,NaN,NaN,NaN,NaN,NaN,NaN,NaN
1325772060,NaN,NaN,NaN,NaN,NaN,NaN,NaN
1325772120,NaN,NaN,NaN,NaN,NaN,NaN,NaN
1325772180,NaN,NaN,NaN,NaN,NaN,NaN,NaN
1325772240,NaN,NaN,NaN,NaN,NaN,NaN,NaN
1325772300,NaN,NaN,NaN,NaN,NaN,NaN,NaN
1325772360,NaN,NaN,NaN,NaN,NaN,NaN,NaN
1325772420,NaN,NaN,NaN,NaN,NaN,NaN,NaN
1325772480,NaN,NaN,NaN,NaN,NaN,NaN,NaN
1325772540,NaN,NaN,NaN,NaN,NaN,NaN,NaN
1325772600,NaN,NaN,NaN,NaN,NaN,NaN,NaN
1325772660,NaN,NaN,NaN,NaN,NaN,NaN,NaN
1325772720,NaN,NaN,NaN,NaN,NaN,NaN,NaN
1325772780,NaN,NaN,NaN,NaN,NaN,NaN,NaN
1325772840,NaN,NaN,NaN,NaN,NaN,NaN,NaN
1325772900,NaN,NaN,NaN,NaN,NaN,NaN,NaN
1325772960,NaN,NaN,NaN,NaN,NaN,NaN,NaN
1325773020,NaN,NaN,NaN,NaN,NaN,NaN,NaN
1325773080,NaN,NaN,NaN,NaN,NaN,NaN,NaN
1325773140,NaN,NaN,NaN,NaN,NaN,NaN,NaN
1325773200,NaN,NaN,NaN,NaN,NaN,NaN,NaN
1325773260,NaN,NaN,NaN,NaN,NaN,NaN,NaN
1325773320,NaN,NaN,NaN,NaN,NaN,NaN,NaN
1325773380,NaN,NaN,NaN,NaN,NaN,NaN,NaN
1325773440,NaN,NaN,NaN,NaN,NaN,NaN,NaN
1325773500,NaN,NaN,NaN,NaN,NaN,NaN,NaN
1325773560,NaN,NaN,NaN,NaN,NaN,NaN,NaN
1325773620,NaN,NaN,NaN,NaN,NaN,NaN,NaN
1325773680,NaN,NaN,NaN,NaN,NaN,NaN,NaN
1325773740,NaN,NaN,NaN,NaN,NaN,NaN,NaN
1325773800,NaN,NaN,NaN,NaN,NaN,NaN,NaN
1325773860,6.42,6.42,6.42,6.42,0.31152648,2.0000000016,6.42
1325773920,NaN,NaN,NaN,NaN,NaN,NaN,NaN
1325773980,NaN,NaN,NaN,NaN,NaN,NaN,NaN
1325774040,NaN,NaN,NaN,NaN,NaN,NaN,NaN
1325774100,NaN,NaN,NaN,NaN,NaN,NaN,NaN
1325774160,NaN,NaN,NaN,NaN,NaN,NaN,NaN
1325774220,NaN,NaN,NaN,NaN,NaN,NaN,NaN
1325774280,NaN,NaN,NaN,NaN,NaN,NaN,NaN
1325774340,NaN,NaN,NaN,NaN,NaN,NaN,NaN
1325774400,NaN,NaN,NaN,NaN,NaN,NaN,NaN
1325774460,NaN,NaN,NaN,NaN,NaN,NaN,NaN
1325774520,NaN,NaN,NaN,NaN,NaN,NaN,NaN
1325774580,NaN,NaN,NaN,NaN,NaN,NaN,NaN
1325774640,NaN,NaN,NaN,NaN,NaN,NaN,NaN
1325774700,NaN,NaN,NaN,NaN,NaN,NaN,NaN
1325774760,NaN,NaN,NaN,NaN,NaN,NaN,NaN
1325774820,NaN,NaN,NaN,NaN,NaN,NaN,NaN
1325774880,NaN,NaN,NaN,NaN,NaN,NaN,NaN
1325774940,NaN,NaN,NaN,NaN,NaN,NaN,NaN
1325775000,NaN,NaN,NaN,NaN,NaN,NaN,NaN
1325775060,NaN,NaN,NaN,NaN,NaN,NaN,NaN
1325775120,NaN,NaN,NaN,NaN,NaN,NaN,NaN
1325775180,NaN,NaN,NaN,NaN,NaN,NaN,NaN
1325775240,NaN,NaN,NaN,NaN,NaN,NaN,NaN
1325775300,NaN,NaN,NaN,NaN,NaN,NaN,NaN
1325775360,NaN,NaN,NaN,NaN,NaN,NaN,NaN
1325775420,NaN,NaN,NaN,NaN,NaN,NaN,NaN
1325775480,NaN,NaN,NaN,NaN,NaN,NaN,NaN
1325775540,NaN,NaN,NaN,NaN,NaN,NaN,NaN
1325775600,NaN,NaN,NaN,NaN,NaN,NaN,NaN
1325775660,NaN,NaN,NaN,NaN,NaN,NaN,NaN
1325775720,NaN,NaN,NaN,NaN,NaN,NaN,NaN
1325775780,NaN,NaN,NaN,NaN,NaN,NaN,NaN
1325775840,NaN,NaN,NaN,NaN,NaN,NaN,NaN
1325775900,NaN,NaN,NaN,NaN,NaN,NaN,NaN
1325775960,NaN,NaN,NaN,NaN,NaN,NaN,NaN
1325776020,NaN,NaN,NaN,NaN,NaN,NaN,NaN
1325776080,NaN,NaN,NaN,NaN,NaN,NaN,NaN
1325776140,NaN,NaN,NaN,NaN,NaN,NaN,NaN
1325776200,NaN,NaN,NaN,NaN,NaN,NaN,NaN
1325776260,NaN,NaN,NaN,NaN,NaN,NaN,NaN
1325776320,NaN,NaN,NaN,NaN,NaN,NaN,NaN
1325776380,NaN,NaN,NaN,NaN,NaN,NaN,NaN
1325776440,NaN,NaN,NaN,NaN,NaN,NaN,NaN
1325776500,NaN,NaN,NaN,NaN,NaN,NaN,NaN
1325776560,NaN,NaN,NaN,NaN,NaN,NaN,NaN
1325776620,NaN,NaN,NaN,NaN,NaN,NaN,NaN
1325776680,NaN,NaN,NaN,NaN,NaN,NaN,NaN
1325776740,NaN,NaN,NaN,NaN,NaN,NaN,NaN
1325776800,NaN,NaN,NaN,NaN,NaN,NaN,NaN
1325776860,NaN,NaN,NaN,NaN,NaN,NaN,NaN
1325776920,NaN,NaN,NaN,NaN,NaN,NaN,NaN
1325776980,NaN,NaN,NaN,NaN,NaN,NaN,NaN
1325777040,NaN,NaN,NaN,NaN,NaN,NaN,NaN
1325777100,NaN,NaN,NaN,NaN,NaN,NaN,NaN
1325777160,NaN,NaN,NaN,NaN,NaN,NaN,NaN
1325777220,NaN,NaN,NaN,NaN,NaN,NaN,NaN
1325777280,NaN,NaN,NaN,NaN,NaN,NaN,NaN
1325777340,NaN,NaN,NaN,NaN,NaN,NaN,NaN
1325777400,NaN,NaN,NaN,NaN,NaN,NaN,NaN
1325777460,NaN,NaN,NaN,NaN,NaN,NaN,NaN
1325777520,NaN,NaN,NaN,NaN,NaN,NaN,NaN
1325777580,NaN,NaN,NaN,NaN,NaN,NaN,NaN
1325777640,NaN,NaN,NaN,NaN,NaN,NaN,NaN
1325777700,NaN,NaN,NaN,NaN,NaN,NaN,NaN
1325777760,NaN,NaN,NaN,NaN,NaN,NaN,NaN
1325777820,NaN,NaN,NaN,NaN,NaN,NaN,NaN
1325777880,NaN,NaN,NaN,NaN,NaN,NaN,NaN
1325777940,NaN,NaN,NaN,NaN,NaN,NaN,NaN
1325778000,NaN,NaN,NaN,NaN,NaN,NaN,NaN
1325778060,NaN,NaN,NaN,NaN,NaN,NaN,NaN
1325778120,NaN,NaN,NaN,NaN,NaN,NaN,NaN
1325778180,NaN,NaN,NaN,NaN,NaN,NaN,NaN
1325778240,NaN,NaN,NaN,NaN,NaN,NaN,NaN
1325778300,NaN,NaN,NaN,NaN,NaN,NaN,NaN
1325778360,NaN,NaN,NaN,NaN,NaN,NaN,NaN
1325778420,NaN,NaN,NaN,NaN,NaN,NaN,NaN
1325778480,NaN,NaN,NaN,NaN,NaN,NaN,NaN
1325778540,NaN,NaN,NaN,NaN,NaN,NaN,NaN
1325778600,NaN,NaN,NaN,NaN,NaN,NaN,NaN
1325778660,NaN,NaN,NaN,NaN,NaN,NaN,NaN
1325778720,NaN,NaN,NaN,NaN,NaN,NaN,NaN
1325778780,NaN,NaN,NaN,NaN,NaN,NaN,NaN
1325778840,NaN,NaN,NaN,NaN,NaN,NaN,NaN
1325778900,NaN,NaN,NaN,NaN,NaN,NaN,NaN
1325778960,NaN,NaN,NaN,NaN,NaN,NaN,NaN
1325779020,NaN,NaN,NaN,NaN,NaN,NaN,NaN
1325779080,NaN,NaN,NaN,NaN,NaN,NaN,NaN
1325779140,NaN,NaN,NaN,NaN,NaN,NaN,NaN
1325779200,NaN,NaN,NaN,NaN,NaN,NaN,NaN
1325779260,NaN,NaN,NaN,NaN,NaN,NaN,NaN
1325779320,NaN,NaN,NaN,NaN,NaN,NaN,NaN
1325779380,NaN,NaN,NaN,NaN,NaN,NaN,NaN
1325779440,NaN,NaN,NaN,NaN,NaN,NaN,NaN
1325779500,NaN,NaN,NaN,NaN,NaN,NaN,NaN
1325779560,NaN,NaN,NaN,NaN,NaN,NaN,NaN
1325779620,NaN,NaN,NaN,NaN,NaN,NaN,NaN
1325779680,NaN,NaN,NaN,NaN,NaN,NaN,NaN
1325779740,NaN,NaN,NaN,NaN,NaN,NaN,NaN
1325779800,NaN,NaN,NaN,NaN,NaN,NaN,NaN
1325779860,NaN,NaN,NaN,NaN,NaN,NaN,NaN
1325779920,NaN,NaN,NaN,NaN,NaN,NaN,NaN
1325779980,NaN,NaN,NaN,NaN,NaN,NaN,NaN
1325780040,NaN,NaN,NaN,NaN,NaN,NaN,NaN
1325780100,NaN,NaN,NaN,NaN,NaN,NaN,NaN
1325780160,NaN,NaN,NaN,NaN,NaN,NaN,NaN
1325780220,NaN,NaN,NaN,NaN,NaN,NaN,NaN
1325780280,NaN,NaN,NaN,NaN,NaN,NaN,NaN
1325780340,NaN,NaN,NaN,NaN,NaN,NaN,NaN
1325780400,NaN,NaN,NaN,NaN,NaN,NaN,NaN
1325780460,NaN,NaN,NaN,NaN,NaN,NaN,NaN
1325780520,NaN,NaN,NaN,NaN,NaN,NaN,NaN
1325780580,NaN,NaN,NaN,NaN,NaN,NaN,NaN
1325780640,NaN,NaN,NaN,NaN,NaN,NaN,NaN
1325780700,NaN,NaN,NaN,NaN,NaN,NaN,NaN
1325780760,NaN,NaN,NaN,NaN,NaN,NaN,NaN
1325780820,NaN,NaN,NaN,NaN,NaN,NaN,NaN
1325780880,NaN,NaN,NaN,NaN,NaN,NaN,NaN
1325780940,NaN,NaN,NaN,NaN,NaN,NaN,NaN
1325781000,NaN,NaN,NaN,NaN,NaN,NaN,NaN
1325781060,NaN,NaN,NaN,NaN,NaN,NaN,NaN
1325781120,NaN,NaN,NaN,NaN,NaN,NaN,NaN
1325781180,NaN,NaN,NaN,NaN,NaN,NaN,NaN
1325781240,NaN,NaN,NaN,NaN,NaN,NaN,NaN
1325781300,NaN,NaN,NaN,NaN,NaN,NaN,NaN
1325781360,NaN,NaN,NaN,NaN,NaN,NaN,NaN
1325781420,NaN,NaN,NaN,NaN,NaN,NaN,NaN
1325781480,NaN,NaN,NaN,NaN,NaN,NaN,NaN
1325781540,NaN,NaN,NaN,NaN,NaN,NaN,NaN
1325781600,NaN,NaN,NaN,NaN,NaN,NaN,NaN
1325781660,NaN,NaN,NaN,NaN,NaN,NaN,NaN
1325781720,NaN,NaN,NaN,NaN,NaN,NaN,NaN
1325781780,NaN,NaN,NaN,NaN,NaN,NaN,NaN
1325781840,NaN,NaN,NaN,NaN,NaN,NaN,NaN
1325781900,NaN,NaN,NaN,NaN,NaN,NaN,NaN
1325781960,NaN,NaN,NaN,NaN,NaN,NaN,NaN
1325782020,NaN,NaN,NaN,NaN,NaN,NaN,NaN
1325782080,NaN,NaN,NaN,NaN,NaN,NaN,NaN
1325782140,NaN,NaN,NaN,NaN,NaN,NaN,NaN
1325782200,NaN,NaN,NaN,NaN,NaN,NaN,NaN
1325782260,NaN,NaN,NaN,NaN,NaN,NaN,NaN
1325782320,NaN,NaN,NaN,NaN,NaN,NaN,NaN
1325782380,NaN,NaN,NaN,NaN,NaN,NaN,NaN
1325782440,NaN,NaN,NaN,NaN,NaN,NaN,NaN
1325782500,NaN,NaN,NaN,NaN,NaN,NaN,NaN
1325782560,NaN,NaN,NaN,NaN,NaN,NaN,NaN
1325782620,NaN,NaN,NaN,NaN,NaN,NaN,NaN
1325782680,NaN,NaN,NaN,NaN,NaN,NaN,NaN
1325782740,NaN,NaN,NaN,NaN,NaN,NaN,NaN
1325782800,NaN,NaN,NaN,NaN,NaN,NaN,NaN
1325782860,NaN,NaN,NaN,NaN,NaN,NaN,NaN
1325782920,NaN,NaN,NaN,NaN,NaN,NaN,NaN
1325782980,NaN,NaN,NaN,NaN,NaN,NaN,NaN
1325783040,NaN,NaN,NaN,NaN,NaN,NaN,NaN
1325783100,NaN,NaN,NaN,NaN,NaN,NaN,NaN
1325783160,NaN,NaN,NaN,NaN,NaN,NaN,NaN
1325783220,NaN,NaN,NaN,NaN,NaN,NaN,NaN
1325783280,NaN,NaN,NaN,NaN,NaN,NaN,NaN
1325783340,NaN,NaN,NaN,NaN,NaN,NaN,NaN
1325783400,NaN,NaN,NaN,NaN,NaN,NaN,NaN
1325783460,NaN,NaN,NaN,NaN,NaN,NaN,NaN
1325783520,NaN,NaN,NaN,NaN,NaN,NaN,NaN
1325783580,NaN,NaN,NaN,NaN,NaN,NaN,NaN
1325783640,NaN,NaN,NaN,NaN,NaN,NaN,NaN
1325783700,NaN,NaN,NaN,NaN,NaN,NaN,NaN
1325783760,NaN,NaN,NaN,NaN,NaN,NaN,NaN
1325783820,NaN,NaN,NaN,NaN,NaN,NaN,NaN
1325783880,NaN,NaN,NaN,NaN,NaN,NaN,NaN
1325783940,NaN,NaN,NaN,NaN,NaN,NaN,NaN
1325784000,NaN,NaN,NaN,NaN,NaN,NaN,NaN
1325784060,NaN,NaN,NaN,NaN,NaN,NaN,NaN
1325784120,NaN,NaN,NaN,NaN,NaN,NaN,NaN
1325784180,NaN,NaN,NaN,NaN,NaN,NaN,NaN
1325784240,NaN,NaN,NaN,NaN,NaN,NaN,NaN
1325784300,NaN,NaN,NaN,NaN,NaN,NaN,NaN
1325784360,NaN,NaN,NaN,NaN,NaN,NaN,NaN
1325784420,NaN,NaN,NaN,NaN,NaN,NaN,NaN
1325784480,NaN,NaN,NaN,NaN,NaN,NaN,NaN
1325784540,NaN,NaN,NaN,NaN,NaN,NaN,NaN
1325784600,NaN,NaN,NaN,NaN,NaN,NaN,NaN
1325784660,NaN,NaN,NaN,NaN,NaN,NaN,NaN
1325784720,NaN,NaN,NaN,NaN,NaN,NaN,NaN
1325784780,NaN,NaN,NaN,NaN,NaN,NaN,NaN
1325784840,NaN,NaN,NaN,NaN,NaN,NaN,NaN
1325784900,NaN,NaN,NaN,NaN,NaN,NaN,NaN
1325784960,NaN,NaN,NaN,NaN,NaN,NaN,NaN
1325785020,NaN,NaN,NaN,NaN,NaN,NaN,NaN
1325785080,NaN,NaN,NaN,NaN,NaN,NaN,NaN
1325785140,NaN,NaN,NaN,NaN,NaN,NaN,NaN
1325785200,NaN,NaN,NaN,NaN,NaN,NaN,NaN
1325785260,NaN,NaN,NaN,NaN,NaN,NaN,NaN
1325785320,NaN,NaN,NaN,NaN,NaN,NaN,NaN
1325785380,NaN,NaN,NaN,NaN,NaN,NaN,NaN
1325785440,NaN,NaN,NaN,NaN,NaN,NaN,NaN
1325785500,NaN,NaN,NaN,NaN,NaN,NaN,NaN
1325785560,NaN,NaN,NaN,NaN,NaN,NaN,NaN
1325785620,NaN,NaN,NaN,NaN,NaN,NaN,NaN
1325785680,NaN,NaN,NaN,NaN,NaN,NaN,NaN
1325785740,NaN,NaN,NaN,NaN,NaN,NaN,NaN
1325785800,NaN,NaN,NaN,NaN,NaN,NaN,NaN
1325785860,NaN,NaN,NaN,NaN,NaN,NaN,NaN
1325785920,NaN,NaN,NaN,NaN,NaN,NaN,NaN
1325785980,NaN,NaN,NaN,NaN,NaN,NaN,NaN
1325786040,NaN,NaN,NaN,NaN,NaN,NaN,NaN
1325786100,NaN,NaN,NaN,NaN,NaN,NaN,NaN
1325786160,NaN,NaN,NaN,NaN,NaN,NaN,NaN
1325786220,NaN,NaN,NaN,NaN,NaN,NaN,NaN
1325786280,NaN,NaN,NaN,NaN,NaN,NaN,NaN
1325786340,NaN,NaN,NaN,NaN,NaN,NaN,NaN
1325786400,NaN,NaN,NaN,NaN,NaN,NaN,NaN
1325786460,NaN,NaN,NaN,NaN,NaN,NaN,NaN
1325786520,NaN,NaN,NaN,NaN,NaN,NaN,NaN
1325786580,NaN,NaN,NaN,NaN,NaN,NaN,NaN
1325786640,NaN,NaN,NaN,NaN,NaN,NaN,NaN
1325786700,NaN,NaN,NaN,NaN,NaN,NaN,NaN
1325786760,NaN,NaN,NaN,NaN,NaN,NaN,NaN
1325786820,NaN,NaN,NaN,NaN,NaN,NaN,NaN
1325786880,NaN,NaN,NaN,NaN,NaN,NaN,NaN
1325786940,NaN,NaN,NaN,NaN,NaN,NaN,NaN
1325787000,NaN,NaN,NaN,NaN,NaN,NaN,NaN
1325787060,NaN,NaN,NaN,NaN,NaN,NaN,NaN
1325787120,NaN,NaN,NaN,NaN,NaN,NaN,NaN
1325787180,NaN,NaN,NaN,NaN,NaN,NaN,NaN
1325787240,NaN,NaN,NaN,NaN,NaN,NaN,NaN
1325787300,NaN,NaN,NaN,NaN,NaN,NaN,NaN
1325787360,NaN,NaN,NaN,NaN,NaN,NaN,NaN
1325787420,NaN,NaN,NaN,NaN,NaN,NaN,NaN
1325787480,NaN,NaN,NaN,NaN,NaN,NaN,NaN
1325787540,NaN,NaN,NaN,NaN,NaN,NaN,NaN
1325787600,NaN,NaN,NaN,NaN,NaN,NaN,NaN
1325787660,NaN,NaN,NaN,NaN,NaN,NaN,NaN
1325787720,NaN,NaN,NaN,NaN,NaN,NaN,NaN
1325787780,NaN,NaN,NaN,NaN,NaN,NaN,NaN
1325787840,NaN,NaN,NaN,NaN,NaN,NaN,NaN
1325787900,NaN,NaN,NaN,NaN,NaN,NaN,NaN
1325787960,NaN,NaN,NaN,NaN,NaN,NaN,NaN
1325788020,NaN,NaN,NaN,NaN,NaN,NaN,NaN
1325788080,NaN,NaN,NaN,NaN,NaN,NaN,NaN
1325788140,NaN,NaN,NaN,NaN,NaN,NaN,NaN
1325788200,NaN,NaN,NaN,NaN,NaN,NaN,NaN
1325788260,NaN,NaN,NaN,NaN,NaN,NaN,NaN
1325788320,NaN,NaN,NaN,NaN,NaN,NaN,NaN
1325788380,NaN,NaN,NaN,NaN,NaN,NaN,NaN
1325788440,NaN,NaN,NaN,NaN,NaN,NaN,NaN
1325788500,NaN,NaN,NaN,NaN,NaN,NaN,NaN
1325788560,NaN,NaN,NaN,NaN,NaN,NaN,NaN
1325788620,NaN,NaN,NaN,NaN,NaN,NaN,NaN
1325788680,NaN,NaN,NaN,NaN,NaN,NaN,NaN
1325788740,NaN,NaN,NaN,NaN,NaN,NaN,NaN
1325788800,NaN,NaN,NaN,NaN,NaN,NaN,NaN
1325788860,NaN,NaN,NaN,NaN,NaN,NaN,NaN
1325788920,NaN,NaN,NaN,NaN,NaN,NaN,NaN
1325788980,NaN,NaN,NaN,NaN,NaN,NaN,NaN
1325789040,NaN,NaN,NaN,NaN,NaN,NaN,NaN
1325789100,NaN,NaN,NaN,NaN,NaN,NaN,NaN
1325789160,NaN,NaN,NaN,NaN,NaN,NaN,NaN
1325789220,NaN,NaN,NaN,NaN,NaN,NaN,NaN
1325789280,NaN,NaN,NaN,NaN,NaN,NaN,NaN
1325789340,NaN,NaN,NaN,NaN,NaN,NaN,NaN
1325789400,NaN,NaN,NaN,NaN,NaN,NaN,NaN
1325789460,NaN,NaN,NaN,NaN,NaN,NaN,NaN
1325789520,NaN,NaN,NaN,NaN,NaN,NaN,NaN
1325789580,NaN,NaN,NaN,NaN,NaN,NaN,NaN
1325789640,NaN,NaN,NaN,NaN,NaN,NaN,NaN
1325789700,NaN,NaN,NaN,NaN,NaN,NaN,NaN
1325789760,NaN,NaN,NaN,NaN,NaN,NaN,NaN
1325789820,NaN,NaN,NaN,NaN,NaN,NaN,NaN
1325789880,NaN,NaN,NaN,NaN,NaN,NaN,NaN
1325789940,NaN,NaN,NaN,NaN,NaN,NaN,NaN
1325790000,NaN,NaN,NaN,NaN,NaN,NaN,NaN
1325790060,NaN,NaN,NaN,NaN,NaN,NaN,NaN
1325790120,NaN,NaN,NaN,NaN,NaN,NaN,NaN
1325790180,NaN,NaN,NaN,NaN,NaN,NaN,NaN
1325790240,NaN,NaN,NaN,NaN,NaN,NaN,NaN
1325790300,NaN,NaN,NaN,NaN,NaN,NaN,NaN
1325790360,NaN,NaN,NaN,NaN,NaN,NaN,NaN
1325790420,NaN,NaN,NaN,NaN,NaN,NaN,NaN
1325790480,NaN,NaN,NaN,NaN,NaN,NaN,NaN
1325790540,NaN,NaN,NaN,NaN,NaN,NaN,NaN
1325790600,NaN,NaN,NaN,NaN,NaN,NaN,NaN
1325790660,NaN,NaN,NaN,NaN,NaN,NaN,NaN
1325790720,NaN,NaN,NaN,NaN,NaN,NaN,NaN
1325790780,NaN,NaN,NaN,NaN,NaN,NaN,NaN
1325790840,NaN,NaN,NaN,NaN,NaN,NaN,NaN
1325790900,NaN,NaN,NaN,NaN,NaN,NaN,NaN
1325790960,NaN,NaN,NaN,NaN,NaN,NaN,NaN
1325791020,NaN,NaN,NaN,NaN,NaN,NaN,NaN
1325791080,NaN,NaN,NaN,NaN,NaN,NaN,NaN
1325791140,NaN,NaN,NaN,NaN,NaN,NaN,NaN
1325791200,NaN,NaN,NaN,NaN,NaN,NaN,NaN
1325791260,NaN,NaN,NaN,NaN,NaN,NaN,NaN
1325791320,NaN,NaN,NaN,NaN,NaN,NaN,NaN
1325791380,NaN,NaN,NaN,NaN,NaN,NaN,NaN
1325791440,NaN,NaN,NaN,NaN,NaN,NaN,NaN
1325791500,NaN,NaN,NaN,NaN,NaN,NaN,NaN
1325791560,NaN,NaN,NaN,NaN,NaN,NaN,NaN
1325791620,NaN,NaN,NaN,NaN,NaN,NaN,NaN
1325791680,NaN,NaN,NaN,NaN,NaN,NaN,NaN
1325791740,NaN,NaN,NaN,NaN,NaN,NaN,NaN
1325791800,NaN,NaN,NaN,NaN,NaN,NaN,NaN
1325791860,NaN,NaN,NaN,NaN,NaN,NaN,NaN
1325791920,NaN,NaN,NaN,NaN,NaN,NaN,NaN
1325791980,NaN,NaN,NaN,NaN,NaN,NaN,NaN
1325792040,NaN,NaN,NaN,NaN,NaN,NaN,NaN
1325792100,NaN,NaN,NaN,NaN,NaN,NaN,NaN
1325792160,NaN,NaN,NaN,NaN,NaN,NaN,NaN
1325792220,NaN,NaN,NaN,NaN,NaN,NaN,NaN
1325792280,NaN,NaN,NaN,NaN,NaN,NaN,NaN
1325792340,NaN,NaN,NaN,NaN,NaN,NaN,NaN
1325792400,NaN,NaN,NaN,NaN,NaN,NaN,NaN
1325792460,NaN,NaN,NaN,NaN,NaN,NaN,NaN
1325792520,NaN,NaN,NaN,NaN,NaN,NaN,NaN
1325792580,NaN,NaN,NaN,NaN,NaN,NaN,NaN
1325792640,NaN,NaN,NaN,NaN,NaN,NaN,NaN
1325792700,NaN,NaN,NaN,NaN,NaN,NaN,NaN
1325792760,NaN,NaN,NaN,NaN,NaN,NaN,NaN
1325792820,NaN,NaN,NaN,NaN,NaN,NaN,NaN
1325792880,NaN,NaN,NaN,NaN,NaN,NaN,NaN
1325792940,NaN,NaN,NaN,NaN,NaN,NaN,NaN
1325793000,NaN,NaN,NaN,NaN,NaN,NaN,NaN
1325793060,NaN,NaN,NaN,NaN,NaN,NaN,NaN
1325793120,NaN,NaN,NaN,NaN,NaN,NaN,NaN
1325793180,NaN,NaN,NaN,NaN,NaN,NaN,NaN
1325793240,NaN,NaN,NaN,NaN,NaN,NaN,NaN
1325793300,NaN,NaN,NaN,NaN,NaN,NaN,NaN
1325793360,NaN,NaN,NaN,NaN,NaN,NaN,NaN
1325793420,NaN,NaN,NaN,NaN,NaN,NaN,NaN
1325793480,NaN,NaN,NaN,NaN,NaN,NaN,NaN
1325793540,NaN,NaN,NaN,NaN,NaN,NaN,NaN
1325793600,NaN,NaN,NaN,NaN,NaN,NaN,NaN
1325793660,NaN,NaN,NaN,NaN,NaN,NaN,NaN
1325793720,NaN,NaN,NaN,NaN,NaN,NaN,NaN
1325793780,NaN,NaN,NaN,NaN,NaN,NaN,NaN
1325793840,NaN,NaN,NaN,NaN,NaN,NaN,NaN
1325793900,NaN,NaN,NaN,NaN,NaN,NaN,NaN
1325793960,NaN,NaN,NaN,NaN,NaN,NaN,NaN
1325794020,NaN,NaN,NaN,NaN,NaN,NaN,NaN
1325794080,NaN,NaN,NaN,NaN,NaN,NaN,NaN
1325794140,NaN,NaN,NaN,NaN,NaN,NaN,NaN
1325794200,NaN,NaN,NaN,NaN,NaN,NaN,NaN
1325794260,NaN,NaN,NaN,NaN,NaN,NaN,NaN
1325794320,NaN,NaN,NaN,NaN,NaN,NaN,NaN
1325794380,NaN,NaN,NaN,NaN,NaN,NaN,NaN
1325794440,NaN,NaN,NaN,NaN,NaN,NaN,NaN
1325794500,NaN,NaN,NaN,NaN,NaN,NaN,NaN
1325794560,NaN,NaN,NaN,NaN,NaN,NaN,NaN
1325794620,NaN,NaN,NaN,NaN,NaN,NaN,NaN
1325794680,NaN,NaN,NaN,NaN,NaN,NaN,NaN
1325794740,NaN,NaN,NaN,NaN,NaN,NaN,NaN
1325794800,NaN,NaN,NaN,NaN,NaN,NaN,NaN
1325794860,NaN,NaN,NaN,NaN,NaN,NaN,NaN
1325794920,NaN,NaN,NaN,NaN,NaN,NaN,NaN
1325794980,NaN,NaN,NaN,NaN,NaN,NaN,NaN
1325795040,NaN,NaN,NaN,NaN,NaN,NaN,NaN
1325795100,NaN,NaN,NaN,NaN,NaN,NaN,NaN
1325795160,NaN,NaN,NaN,NaN,NaN,NaN,NaN
1325795220,NaN,NaN,NaN,NaN,NaN,NaN,NaN
1325795280,NaN,NaN,NaN,NaN,NaN,NaN,NaN
1325795340,NaN,NaN,NaN,NaN,NaN,NaN,NaN
1325795400,NaN,NaN,NaN,NaN,NaN,NaN,NaN
1325795460,NaN,NaN,NaN,NaN,NaN,NaN,NaN
1325795520,NaN,NaN,NaN,NaN,NaN,NaN,NaN
1325795580,NaN,NaN,NaN,NaN,NaN,NaN,NaN
1325795640,NaN,NaN,NaN,NaN,NaN,NaN,NaN
1325795700,NaN,NaN,NaN,NaN,NaN,NaN,NaN
1325795760,NaN,NaN,NaN,NaN,NaN,NaN,NaN
1325795820,NaN,NaN,NaN,NaN,NaN,NaN,NaN
1325795880,NaN,NaN,NaN,NaN,NaN,NaN,NaN
1325795940,NaN,NaN,NaN,NaN,NaN,NaN,NaN
1325796000,NaN,NaN,NaN,NaN,NaN,NaN,NaN
1325796060,NaN,NaN,NaN,NaN,NaN,NaN,NaN
1325796120,NaN,NaN,NaN,NaN,NaN,NaN,NaN
1325796180,NaN,NaN,NaN,NaN,NaN,NaN,NaN
1325796240,NaN,NaN,NaN,NaN,NaN,NaN,NaN
1325796300,NaN,NaN,NaN,NaN,NaN,NaN,NaN
1325796360,NaN,NaN,NaN,NaN,NaN,NaN,NaN
1325796420,NaN,NaN,NaN,NaN,NaN,NaN,NaN
1325796480,NaN,NaN,NaN,NaN,NaN,NaN,NaN
1325796540,NaN,NaN,NaN,NaN,NaN,NaN,NaN
1325796600,NaN,NaN,NaN,NaN,NaN,NaN,NaN
1325796660,NaN,NaN,NaN,NaN,NaN,NaN,NaN
1325796720,NaN,NaN,NaN,NaN,NaN,NaN,NaN
1325796780,NaN,NaN,NaN,NaN,NaN,NaN,NaN
1325796840,NaN,NaN,NaN,NaN,NaN,NaN,NaN
1325796900,NaN,NaN,NaN,NaN,NaN,NaN,NaN
1325796960,NaN,NaN,NaN,NaN,NaN,NaN,NaN
1325797020,NaN,NaN,NaN,NaN,NaN,NaN,NaN
1325797080,NaN,NaN,NaN,NaN,NaN,NaN,NaN
1325797140,NaN,NaN,NaN,NaN,NaN,NaN,NaN
1325797200,NaN,NaN,NaN,NaN,NaN,NaN,NaN
1325797260,NaN,NaN,NaN,NaN,NaN,NaN,NaN
1325797320,NaN,NaN,NaN,NaN,NaN,NaN,NaN
1325797380,NaN,NaN,NaN,NaN,NaN,NaN,NaN
1325797440,NaN,NaN,NaN,NaN,NaN,NaN,NaN
1325797500,NaN,NaN,NaN,NaN,NaN,NaN,NaN
1325797560,NaN,NaN,NaN,NaN,NaN,NaN,NaN
1325797620,NaN,NaN,NaN,NaN,NaN,NaN,NaN
1325797680,NaN,NaN,NaN,NaN,NaN,NaN,NaN
1325797740,NaN,NaN,NaN,NaN,NaN,NaN,NaN
1325797800,NaN,NaN,NaN,NaN,NaN,NaN,NaN
1325797860,NaN,NaN,NaN,NaN,NaN,NaN,NaN
1325797920,NaN,NaN,NaN,NaN,NaN,NaN,NaN
1325797980,NaN,NaN,NaN,NaN,NaN,NaN,NaN
1325798040,NaN,NaN,NaN,NaN,NaN,NaN,NaN
1325798100,NaN,NaN,NaN,NaN,NaN,NaN,NaN
1325798160,NaN,NaN,NaN,NaN,NaN,NaN,NaN
1325798220,NaN,NaN,NaN,NaN,NaN,NaN,NaN
1325798280,NaN,NaN,NaN,NaN,NaN,NaN,NaN
1325798340,NaN,NaN,NaN,NaN,NaN,NaN,NaN
1325798400,NaN,NaN,NaN,NaN,NaN,NaN,NaN
1325798460,NaN,NaN,NaN,NaN,NaN,NaN,NaN
1325798520,NaN,NaN,NaN,NaN,NaN,NaN,NaN
1325798580,NaN,NaN,NaN,NaN,NaN,NaN,NaN
1325798640,NaN,NaN,NaN,NaN,NaN,NaN,NaN
1325798700,NaN,NaN,NaN,NaN,NaN,NaN,NaN
1325798760,NaN,NaN,NaN,NaN,NaN,NaN,NaN
1325798820,NaN,NaN,NaN,NaN,NaN,NaN,NaN
1325798880,NaN,NaN,NaN,NaN,NaN,NaN,NaN
1325798940,NaN,NaN,NaN,NaN,NaN,NaN,NaN
1325799000,NaN,NaN,NaN,NaN,NaN,NaN,NaN
1325799060,NaN,NaN,NaN,NaN,NaN,NaN,NaN
1325799120,NaN,NaN,NaN,NaN,NaN,NaN,NaN
1325799180,NaN,NaN,NaN,NaN,NaN,NaN,NaN
1325799240,NaN,NaN,NaN,NaN,NaN,NaN,NaN
1325799300,NaN,NaN,NaN,NaN,NaN,NaN,NaN
1325799360,NaN,NaN,NaN,NaN,NaN,NaN,NaN
1325799420,NaN,NaN,NaN,NaN,NaN,NaN,NaN
1325799480,NaN,NaN,NaN,NaN,NaN,NaN,NaN
1325799540,NaN,NaN,NaN,NaN,NaN,NaN,NaN
1325799600,NaN,NaN,NaN,NaN,NaN,NaN,NaN
1325799660,NaN,NaN,NaN,NaN,NaN,NaN,NaN
1325799720,NaN,NaN,NaN,NaN,NaN,NaN,NaN
1325799780,NaN,NaN,NaN,NaN,NaN,NaN,NaN
1325799840,NaN,NaN,NaN,NaN,NaN,NaN,NaN
1325799900,NaN,NaN,NaN,NaN,NaN,NaN,NaN
1325799960,NaN,NaN,NaN,NaN,NaN,NaN,NaN
1325800020,NaN,NaN,NaN,NaN,NaN,NaN,NaN
1325800080,NaN,NaN,NaN,NaN,NaN,NaN,NaN
1325800140,NaN,NaN,NaN,NaN,NaN,NaN,NaN
1325800200,NaN,NaN,NaN,NaN,NaN,NaN,NaN
1325800260,NaN,NaN,NaN,NaN,NaN,NaN,NaN
1325800320,NaN,NaN,NaN,NaN,NaN,NaN,NaN
1325800380,NaN,NaN,NaN,NaN,NaN,NaN,NaN
1325800440,NaN,NaN,NaN,NaN,NaN,NaN,NaN
1325800500,NaN,NaN,NaN,NaN,NaN,NaN,NaN
1325800560,NaN,NaN,NaN,NaN,NaN,NaN,NaN
1325800620,NaN,NaN,NaN,NaN,NaN,NaN,NaN
1325800680,NaN,NaN,NaN,NaN,NaN,NaN,NaN
1325800740,NaN,NaN,NaN,NaN,NaN,NaN,NaN
1325800800,NaN,NaN,NaN,NaN,NaN,NaN,NaN
1325800860,NaN,NaN,NaN,NaN,NaN,NaN,NaN
1325800920,NaN,NaN,NaN,NaN,NaN,NaN,NaN
1325800980,NaN,NaN,NaN,NaN,NaN,NaN,NaN
1325801040,NaN,NaN,NaN,NaN,NaN,NaN,NaN
1325801100,NaN,NaN,NaN,NaN,NaN,NaN,NaN
1325801160,NaN,NaN,NaN,NaN,NaN,NaN,NaN
1325801220,NaN,NaN,NaN,NaN,NaN,NaN,NaN
1325801280,NaN,NaN,NaN,NaN,NaN,NaN,NaN
1325801340,NaN,NaN,NaN,NaN,NaN,NaN,NaN
1325801400,NaN,NaN,NaN,NaN,NaN,NaN,NaN
1325801460,NaN,NaN,NaN,NaN,NaN,NaN,NaN
1325801520,NaN,NaN,NaN,NaN,NaN,NaN,NaN
1325801580,NaN,NaN,NaN,NaN,NaN,NaN,NaN
1325801640,NaN,NaN,NaN,NaN,NaN,NaN,NaN
1325801700,NaN,NaN,NaN,NaN,NaN,NaN,NaN
1325801760,NaN,NaN,NaN,NaN,NaN,NaN,NaN
1325801820,NaN,NaN,NaN,NaN,NaN,NaN,NaN
1325801880,NaN,NaN,NaN,NaN,NaN,NaN,NaN
1325801940,NaN,NaN,NaN,NaN,NaN,NaN,NaN
1325802000,NaN,NaN,NaN,NaN,NaN,NaN,NaN
1325802060,NaN,NaN,NaN,NaN,NaN,NaN,NaN
1325802120,NaN,NaN,NaN,NaN,NaN,NaN,NaN
1325802180,NaN,NaN,NaN,NaN,NaN,NaN,NaN
1325802240,NaN,NaN,NaN,NaN,NaN,NaN,NaN
1325802300,NaN,NaN,NaN,NaN,NaN,NaN,NaN
1325802360,NaN,NaN,NaN,NaN,NaN,NaN,NaN
1325802420,NaN,NaN,NaN,NaN,NaN,NaN,NaN
1325802480,NaN,NaN,NaN,NaN,NaN,NaN,NaN
1325802540,NaN,NaN,NaN,NaN,NaN,NaN,NaN
1325802600,NaN,NaN,NaN,NaN,NaN,NaN,NaN
1325802660,NaN,NaN,NaN,NaN,NaN,NaN,NaN
1325802720,NaN,NaN,NaN,NaN,NaN,NaN,NaN
1325802780,NaN,NaN,NaN,NaN,NaN,NaN,NaN
1325802840,NaN,NaN,NaN,NaN,NaN,NaN,NaN
1325802900,NaN,NaN,NaN,NaN,NaN,NaN,NaN
1325802960,NaN,NaN,NaN,NaN,NaN,NaN,NaN
1325803020,NaN,NaN,NaN,NaN,NaN,NaN,NaN
1325803080,NaN,NaN,NaN,NaN,NaN,NaN,NaN
1325803140,NaN,NaN,NaN,NaN,NaN,NaN,NaN
1325803200,NaN,NaN,NaN,NaN,NaN,NaN,NaN
1325803260,NaN,NaN,NaN,NaN,NaN,NaN,NaN
1325803320,NaN,NaN,NaN,NaN,NaN,NaN,NaN
1325803380,NaN,NaN,NaN,NaN,NaN,NaN,NaN
1325803440,NaN,NaN,NaN,NaN,NaN,NaN,NaN
1325803500,NaN,NaN,NaN,NaN,NaN,NaN,NaN
1325803560,NaN,NaN,NaN,NaN,NaN,NaN,NaN
1325803620,NaN,NaN,NaN,NaN,NaN,NaN,NaN
1325803680,NaN,NaN,NaN,NaN,NaN,NaN,NaN
1325803740,NaN,NaN,NaN,NaN,NaN,NaN,NaN
1325803800,6.43,6.43,6.43,6.43,0.31152648,2.0031152664,6.43
1325803860,NaN,NaN,NaN,NaN,NaN,NaN,NaN
1325803920,NaN,NaN,NaN,NaN,NaN,NaN,NaN
1325803980,NaN,NaN,NaN,NaN,NaN,NaN,NaN
1325804040,NaN,NaN,NaN,NaN,NaN,NaN,NaN
1325804100,NaN,NaN,NaN,NaN,NaN,NaN,NaN
1325804160,NaN,NaN,NaN,NaN,NaN,NaN,NaN
1325804220,NaN,NaN,NaN,NaN,NaN,NaN,NaN
1325804280,NaN,NaN,NaN,NaN,NaN,NaN,NaN
1325804340,NaN,NaN,NaN,NaN,NaN,NaN,NaN
1325804400,NaN,NaN,NaN,NaN,NaN,NaN,NaN
1325804460,NaN,NaN,NaN,NaN,NaN,NaN,NaN
1325804520,NaN,NaN,NaN,NaN,NaN,NaN,NaN
1325804580,NaN,NaN,NaN,NaN,NaN,NaN,NaN
1325804640,NaN,NaN,NaN,NaN,NaN,NaN,NaN
1325804700,NaN,NaN,NaN,NaN,NaN,NaN,NaN
1325804760,NaN,NaN,NaN,NaN,NaN,NaN,NaN
1325804820,NaN,NaN,NaN,NaN,NaN,NaN,NaN
1325804880,NaN,NaN,NaN,NaN,NaN,NaN,NaN
1325804940,NaN,NaN,NaN,NaN,NaN,NaN,NaN
1325805000,NaN,NaN,NaN,NaN,NaN,NaN,NaN
1325805060,NaN,NaN,NaN,NaN,NaN,NaN,NaN
1325805120,NaN,NaN,NaN,NaN,NaN,NaN,NaN
1325805180,NaN,NaN,NaN,NaN,NaN,NaN,NaN
1325805240,NaN,NaN,NaN,NaN,NaN,NaN,NaN
1325805300,NaN,NaN,NaN,NaN,NaN,NaN,NaN
1325805360,NaN,NaN,NaN,NaN,NaN,NaN,NaN
1325805420,NaN,NaN,NaN,NaN,NaN,NaN,NaN
1325805480,NaN,NaN,NaN,NaN,NaN,NaN,NaN
1325805540,NaN,NaN,NaN,NaN,NaN,NaN,NaN
1325805600,NaN,NaN,NaN,NaN,NaN,NaN,NaN
1325805660,NaN,NaN,NaN,NaN,NaN,NaN,NaN
1325805720,NaN,NaN,NaN,NaN,NaN,NaN,NaN
1325805780,NaN,NaN,NaN,NaN,NaN,NaN,NaN
1325805840,NaN,NaN,NaN,NaN,NaN,NaN,NaN
1325805900,NaN,NaN,NaN,NaN,NaN,NaN,NaN
1325805960,NaN,NaN,NaN,NaN,NaN,NaN,NaN
1325806020,NaN,NaN,NaN,NaN,NaN,NaN,NaN
1325806080,NaN,NaN,NaN,NaN,NaN,NaN,NaN
1325806140,NaN,NaN,NaN,NaN,NaN,NaN,NaN
1325806200,NaN,NaN,NaN,NaN,NaN,NaN,NaN
1325806260,NaN,NaN,NaN,NaN,NaN,NaN,NaN
1325806320,NaN,NaN,NaN,NaN,NaN,NaN,NaN
1325806380,NaN,NaN,NaN,NaN,NaN,NaN,NaN
1325806440,NaN,NaN,NaN,NaN,NaN,NaN,NaN
1325806500,6.44,6.44,6.44,6.44,0.46656299,3.0046656556,6.44
1325806560,NaN,NaN,NaN,NaN,NaN,NaN,NaN
1325806620,NaN,NaN,NaN,NaN,NaN,NaN,NaN
1325806680,NaN,NaN,NaN,NaN,NaN,NaN,NaN
1325806740,6.47,6.47,6.47,6.47,0.95201238,6.1595200986,6.47
1325806800,NaN,NaN,NaN,NaN,NaN,NaN,NaN
1325806860,6.65,6.65,6.65,6.65,20.77744361,138.17000001,6.65
1325806920,NaN,NaN,NaN,NaN,NaN,NaN,NaN
1325806980,6.65,6.65,6.65,6.65,1.46627565,9.7507330725,6.65
1325807040,NaN,NaN,NaN,NaN,NaN,NaN,NaN
1325807100,NaN,NaN,NaN,NaN,NaN,NaN,NaN
1325807160,6.65,6.65,6.65,6.65,0.49926578,3.320117437,6.65
1325807220,NaN,NaN,NaN,NaN,NaN,NaN,NaN
1325807280,NaN,NaN,NaN,NaN,NaN,NaN,NaN
1325807340,NaN,NaN,NaN,NaN,NaN,NaN,NaN
1325807400,NaN,NaN,NaN,NaN,NaN,NaN,NaN
1325807460,NaN,NaN,NaN,NaN,NaN,NaN,NaN
1325807520,NaN,NaN,NaN,NaN,NaN,NaN,NaN
1325807580,NaN,NaN,NaN,NaN,NaN,NaN,NaN
1325807640,NaN,NaN,NaN,NaN,NaN,NaN,NaN
1325807700,NaN,NaN,NaN,NaN,NaN,NaN,NaN
1325807760,NaN,NaN,NaN,NaN,NaN,NaN,NaN
1325807820,NaN,NaN,NaN,NaN,NaN,NaN,NaN
1325807880,NaN,NaN,NaN,NaN,NaN,NaN,NaN
1325807940,NaN,NaN,NaN,NaN,NaN,NaN,NaN
1325808000,NaN,NaN,NaN,NaN,NaN,NaN,NaN
1325808060,NaN,NaN,NaN,NaN,NaN,NaN,NaN
1325808120,NaN,NaN,NaN,NaN,NaN,NaN,NaN
1325808180,NaN,NaN,NaN,NaN,NaN,NaN,NaN
1325808240,NaN,NaN,NaN,NaN,NaN,NaN,NaN
1325808300,NaN,NaN,NaN,NaN,NaN,NaN,NaN
1325808360,NaN,NaN,NaN,NaN,NaN,NaN,NaN
1325808420,NaN,NaN,NaN,NaN,NaN,NaN,NaN
1325808480,NaN,NaN,NaN,NaN,NaN,NaN,NaN
1325808540,NaN,NaN,NaN,NaN,NaN,NaN,NaN
1325808600,NaN,NaN,NaN,NaN,NaN,NaN,NaN
1325808660,NaN,NaN,NaN,NaN,NaN,NaN,NaN
1325808720,NaN,NaN,NaN,NaN,NaN,NaN,NaN
1325808780,NaN,NaN,NaN,NaN,NaN,NaN,NaN
1325808840,NaN,NaN,NaN,NaN,NaN,NaN,NaN
1325808900,NaN,NaN,NaN,NaN,NaN,NaN,NaN
1325808960,NaN,NaN,NaN,NaN,NaN,NaN,NaN
1325809020,NaN,NaN,NaN,NaN,NaN,NaN,NaN
1325809080,NaN,NaN,NaN,NaN,NaN,NaN,NaN
1325809140,NaN,NaN,NaN,NaN,NaN,NaN,NaN
1325809200,NaN,NaN,NaN,NaN,NaN,NaN,NaN
1325809260,NaN,NaN,NaN,NaN,NaN,NaN,NaN
1325809320,NaN,NaN,NaN,NaN,NaN,NaN,NaN
1325809380,NaN,NaN,NaN,NaN,NaN,NaN,NaN
1325809440,NaN,NaN,NaN,NaN,NaN,NaN,NaN
1325809500,NaN,NaN,NaN,NaN,NaN,NaN,NaN
1325809560,NaN,NaN,NaN,NaN,NaN,NaN,NaN
1325809620,NaN,NaN,NaN,NaN,NaN,NaN,NaN
1325809680,NaN,NaN,NaN,NaN,NaN,NaN,NaN
1325809740,NaN,NaN,NaN,NaN,NaN,NaN,NaN
1325809800,NaN,NaN,NaN,NaN,NaN,NaN,NaN
1325809860,NaN,NaN,NaN,NaN,NaN,NaN,NaN
1325809920,NaN,NaN,NaN,NaN,NaN,NaN,NaN
1325809980,NaN,NaN,NaN,NaN,NaN,NaN,NaN
1325810040,NaN,NaN,NaN,NaN,NaN,NaN,NaN
1325810100,NaN,NaN,NaN,NaN,NaN,NaN,NaN
1325810160,NaN,NaN,NaN,NaN,NaN,NaN,NaN
1325810220,NaN,NaN,NaN,NaN,NaN,NaN,NaN
1325810280,NaN,NaN,NaN,NaN,NaN,NaN,NaN
1325810340,NaN,NaN,NaN,NaN,NaN,NaN,NaN
1325810400,NaN,NaN,NaN,NaN,NaN,NaN,NaN
1325810460,NaN,NaN,NaN,NaN,NaN,NaN,NaN
1325810520,NaN,NaN,NaN,NaN,NaN,NaN,NaN
1325810580,NaN,NaN,NaN,NaN,NaN,NaN,NaN
1325810640,NaN,NaN,NaN,NaN,NaN,NaN,NaN
1325810700,NaN,NaN,NaN,NaN,NaN,NaN,NaN
1325810760,NaN,NaN,NaN,NaN,NaN,NaN,NaN
1325810820,NaN,NaN,NaN,NaN,NaN,NaN,NaN
1325810880,NaN,NaN,NaN,NaN,NaN,NaN,NaN
1325810940,NaN,NaN,NaN,NaN,NaN,NaN,NaN
1325811000,NaN,NaN,NaN,NaN,NaN,NaN,NaN
1325811060,NaN,NaN,NaN,NaN,NaN,NaN,NaN
1325811120,NaN,NaN,NaN,NaN,NaN,NaN,NaN
1325811180,NaN,NaN,NaN,NaN,NaN,NaN,NaN
1325811240,NaN,NaN,NaN,NaN,NaN,NaN,NaN
1325811300,NaN,NaN,NaN,NaN,NaN,NaN,NaN
1325811360,NaN,NaN,NaN,NaN,NaN,NaN,NaN
1325811420,NaN,NaN,NaN,NaN,NaN,NaN,NaN
1325811480,NaN,NaN,NaN,NaN,NaN,NaN,NaN
1325811540,NaN,NaN,NaN,NaN,NaN,NaN,NaN
1325811600,NaN,NaN,NaN,NaN,NaN,NaN,NaN
1325811660,NaN,NaN,NaN,NaN,NaN,NaN,NaN
1325811720,NaN,NaN,NaN,NaN,NaN,NaN,NaN
1325811780,NaN,NaN,NaN,NaN,NaN,NaN,NaN
1325811840,NaN,NaN,NaN,NaN,NaN,NaN,NaN
1325811900,NaN,NaN,NaN,NaN,NaN,NaN,NaN
1325811960,NaN,NaN,NaN,NaN,NaN,NaN,NaN
1325812020,NaN,NaN,NaN,NaN,NaN,NaN,NaN
1325812080,NaN,NaN,NaN,NaN,NaN,NaN,NaN
1325812140,NaN,NaN,NaN,NaN,NaN,NaN,NaN
1325812200,NaN,NaN,NaN,NaN,NaN,NaN,NaN
1325812260,NaN,NaN,NaN,NaN,NaN,NaN,NaN
1325812320,NaN,NaN,NaN,NaN,NaN,NaN,NaN
1325812380,NaN,NaN,NaN,NaN,NaN,NaN,NaN
1325812440,NaN,NaN,NaN,NaN,NaN,NaN,NaN
1325812500,NaN,NaN,NaN,NaN,NaN,NaN,NaN
1325812560,NaN,NaN,NaN,NaN,NaN,NaN,NaN
1325812620,NaN,NaN,NaN,NaN,NaN,NaN,NaN
1325812680,NaN,NaN,NaN,NaN,NaN,NaN,NaN
1325812740,NaN,NaN,NaN,NaN,NaN,NaN,NaN
1325812800,NaN,NaN,NaN,NaN,NaN,NaN,NaN
1325812860,NaN,NaN,NaN,NaN,NaN,NaN,NaN
1325812920,NaN,NaN,NaN,NaN,NaN,NaN,NaN
1325812980,NaN,NaN,NaN,NaN,NaN,NaN,NaN
1325813040,NaN,NaN,NaN,NaN,NaN,NaN,NaN
1325813100,NaN,NaN,NaN,NaN,NaN,NaN,NaN
1325813160,NaN,NaN,NaN,NaN,NaN,NaN,NaN
1325813220,NaN,NaN,NaN,NaN,NaN,NaN,NaN
1325813280,NaN,NaN,NaN,NaN,NaN,NaN,NaN
1325813340,NaN,NaN,NaN,NaN,NaN,NaN,NaN
1325813400,NaN,NaN,NaN,NaN,NaN,NaN,NaN
1325813460,NaN,NaN,NaN,NaN,NaN,NaN,NaN
1325813520,NaN,NaN,NaN,NaN,NaN,NaN,NaN
1325813580,NaN,NaN,NaN,NaN,NaN,NaN,NaN
1325813640,NaN,NaN,NaN,NaN,NaN,NaN,NaN
1325813700,NaN,NaN,NaN,NaN,NaN,NaN,NaN
1325813760,NaN,NaN,NaN,NaN,NaN,NaN,NaN
1325813820,NaN,NaN,NaN,NaN,NaN,NaN,NaN
1325813880,NaN,NaN,NaN,NaN,NaN,NaN,NaN
1325813940,NaN,NaN,NaN,NaN,NaN,NaN,NaN
1325814000,NaN,NaN,NaN,NaN,NaN,NaN,NaN
1325814060,NaN,NaN,NaN,NaN,NaN,NaN,NaN
1325814120,NaN,NaN,NaN,NaN,NaN,NaN,NaN
1325814180,NaN,NaN,NaN,NaN,NaN,NaN,NaN
1325814240,NaN,NaN,NaN,NaN,NaN,NaN,NaN
1325814300,NaN,NaN,NaN,NaN,NaN,NaN,NaN
1325814360,NaN,NaN,NaN,NaN,NaN,NaN,NaN
1325814420,NaN,NaN,NaN,NaN,NaN,NaN,NaN
1325814480,NaN,NaN,NaN,NaN,NaN,NaN,NaN
1325814540,NaN,NaN,NaN,NaN,NaN,NaN,NaN
1325814600,NaN,NaN,NaN,NaN,NaN,NaN,NaN
1325814660,NaN,NaN,NaN,NaN,NaN,NaN,NaN
1325814720,NaN,NaN,NaN,NaN,NaN,NaN,NaN
1325814780,NaN,NaN,NaN,NaN,NaN,NaN,NaN
1325814840,NaN,NaN,NaN,NaN,NaN,NaN,NaN
1325814900,NaN,NaN,NaN,NaN,NaN,NaN,NaN
1325814960,NaN,NaN,NaN,NaN,NaN,NaN,NaN
1325815020,NaN,NaN,NaN,NaN,NaN,NaN,NaN
1325815080,NaN,NaN,NaN,NaN,NaN,NaN,NaN
1325815140,NaN,NaN,NaN,NaN,NaN,NaN,NaN
1325815200,NaN,NaN,NaN,NaN,NaN,NaN,NaN
1325815260,NaN,NaN,NaN,NaN,NaN,NaN,NaN
1325815320,NaN,NaN,NaN,NaN,NaN,NaN,NaN
1325815380,NaN,NaN,NaN,NaN,NaN,NaN,NaN
1325815440,NaN,NaN,NaN,NaN,NaN,NaN,NaN
1325815500,NaN,NaN,NaN,NaN,NaN,NaN,NaN
1325815560,NaN,NaN,NaN,NaN,NaN,NaN,NaN
1325815620,NaN,NaN,NaN,NaN,NaN,NaN,NaN
1325815680,NaN,NaN,NaN,NaN,NaN,NaN,NaN
1325815740,NaN,NaN,NaN,NaN,NaN,NaN,NaN
1325815800,NaN,NaN,NaN,NaN,NaN,NaN,NaN
1325815860,NaN,NaN,NaN,NaN,NaN,NaN,NaN
1325815920,NaN,NaN,NaN,NaN,NaN,NaN,NaN
1325815980,NaN,NaN,NaN,NaN,NaN,NaN,NaN
1325816040,NaN,NaN,NaN,NaN,NaN,NaN,NaN
1325816100,NaN,NaN,NaN,NaN,NaN,NaN,NaN
1325816160,NaN,NaN,NaN,NaN,NaN,NaN,NaN
1325816220,NaN,NaN,NaN,NaN,NaN,NaN,NaN
1325816280,NaN,NaN,NaN,NaN,NaN,NaN,NaN
1325816340,NaN,NaN,NaN,NaN,NaN,NaN,NaN
1325816400,NaN,NaN,NaN,NaN,NaN,NaN,NaN
1325816460,NaN,NaN,NaN,NaN,NaN,NaN,NaN
1325816520,NaN,NaN,NaN,NaN,NaN,NaN,NaN
1325816580,NaN,NaN,NaN,NaN,NaN,NaN,NaN
1325816640,NaN,NaN,NaN,NaN,NaN,NaN,NaN
1325816700,NaN,NaN,NaN,NaN,NaN,NaN,NaN
1325816760,NaN,NaN,NaN,NaN,NaN,NaN,NaN
1325816820,NaN,NaN,NaN,NaN,NaN,NaN,NaN
1325816880,NaN,NaN,NaN,NaN,NaN,NaN,NaN
1325816940,NaN,NaN,NaN,NaN,NaN,NaN,NaN
1325817000,NaN,NaN,NaN,NaN,NaN,NaN,NaN
1325817060,NaN,NaN,NaN,NaN,NaN,NaN,NaN
1325817120,NaN,NaN,NaN,NaN,NaN,NaN,NaN
1325817180,NaN,NaN,NaN,NaN,NaN,NaN,NaN
1325817240,NaN,NaN,NaN,NaN,NaN,NaN,NaN
1325817300,NaN,NaN,NaN,NaN,NaN,NaN,NaN
1325817360,NaN,NaN,NaN,NaN,NaN,NaN,NaN
1325817420,NaN,NaN,NaN,NaN,NaN,NaN,NaN
1325817480,NaN,NaN,NaN,NaN,NaN,NaN,NaN
1325817540,NaN,NaN,NaN,NaN,NaN,NaN,NaN
1325817600,NaN,NaN,NaN,NaN,NaN,NaN,NaN
1325817660,NaN,NaN,NaN,NaN,NaN,NaN,NaN
1325817720,NaN,NaN,NaN,NaN,NaN,NaN,NaN
1325817780,NaN,NaN,NaN,NaN,NaN,NaN,NaN
1325817840,NaN,NaN,NaN,NaN,NaN,NaN,NaN
1325817900,NaN,NaN,NaN,NaN,NaN,NaN,NaN
1325817960,NaN,NaN,NaN,NaN,NaN,NaN,NaN
1325818020,NaN,NaN,NaN,NaN,NaN,NaN,NaN
1325818080,NaN,NaN,NaN,NaN,NaN,NaN,NaN
1325818140,NaN,NaN,NaN,NaN,NaN,NaN,NaN
1325818200,NaN,NaN,NaN,NaN,NaN,NaN,NaN
1325818260,NaN,NaN,NaN,NaN,NaN,NaN,NaN
1325818320,NaN,NaN,NaN,NaN,NaN,NaN,NaN
1325818380,NaN,NaN,NaN,NaN,NaN,NaN,NaN
1325818440,NaN,NaN,NaN,NaN,NaN,NaN,NaN
1325818500,NaN,NaN,NaN,NaN,NaN,NaN,NaN
1325818560,NaN,NaN,NaN,NaN,NaN,NaN,NaN
1325818620,NaN,NaN,NaN,NaN,NaN,NaN,NaN
1325818680,NaN,NaN,NaN,NaN,NaN,NaN,NaN
1325818740,NaN,NaN,NaN,NaN,NaN,NaN,NaN
1325818800,NaN,NaN,NaN,NaN,NaN,NaN,NaN
1325818860,NaN,NaN,NaN,NaN,NaN,NaN,NaN
1325818920,NaN,NaN,NaN,NaN,NaN,NaN,NaN
1325818980,NaN,NaN,NaN,NaN,NaN,NaN,NaN
1325819040,NaN,NaN,NaN,NaN,NaN,NaN,NaN
1325819100,NaN,NaN,NaN,NaN,NaN,NaN,NaN
1325819160,NaN,NaN,NaN,NaN,NaN,NaN,NaN
1325819220,NaN,NaN,NaN,NaN,NaN,NaN,NaN
1325819280,NaN,NaN,NaN,NaN,NaN,NaN,NaN
1325819340,NaN,NaN,NaN,NaN,NaN,NaN,NaN
1325819400,NaN,NaN,NaN,NaN,NaN,NaN,NaN
1325819460,NaN,NaN,NaN,NaN,NaN,NaN,NaN
1325819520,NaN,NaN,NaN,NaN,NaN,NaN,NaN
1325819580,NaN,NaN,NaN,NaN,NaN,NaN,NaN
1325819640,NaN,NaN,NaN,NaN,NaN,NaN,NaN
1325819700,NaN,NaN,NaN,NaN,NaN,NaN,NaN
1325819760,NaN,NaN,NaN,NaN,NaN,NaN,NaN
1325819820,NaN,NaN,NaN,NaN,NaN,NaN,NaN
1325819880,NaN,NaN,NaN,NaN,NaN,NaN,NaN
1325819940,NaN,NaN,NaN,NaN,NaN,NaN,NaN
1325820000,NaN,NaN,NaN,NaN,NaN,NaN,NaN
1325820060,NaN,NaN,NaN,NaN,NaN,NaN,NaN
1325820120,NaN,NaN,NaN,NaN,NaN,NaN,NaN
1325820180,NaN,NaN,NaN,NaN,NaN,NaN,NaN
1325820240,NaN,NaN,NaN,NaN,NaN,NaN,NaN
1325820300,NaN,NaN,NaN,NaN,NaN,NaN,NaN
1325820360,NaN,NaN,NaN,NaN,NaN,NaN,NaN
1325820420,NaN,NaN,NaN,NaN,NaN,NaN,NaN
1325820480,NaN,NaN,NaN,NaN,NaN,NaN,NaN
1325820540,NaN,NaN,NaN,NaN,NaN,NaN,NaN
1325820600,NaN,NaN,NaN,NaN,NaN,NaN,NaN
1325820660,NaN,NaN,NaN,NaN,NaN,NaN,NaN
1325820720,NaN,NaN,NaN,NaN,NaN,NaN,NaN
1325820780,NaN,NaN,NaN,NaN,NaN,NaN,NaN
1325820840,NaN,NaN,NaN,NaN,NaN,NaN,NaN
1325820900,NaN,NaN,NaN,NaN,NaN,NaN,NaN
1325820960,NaN,NaN,NaN,NaN,NaN,NaN,NaN
1325821020,NaN,NaN,NaN,NaN,NaN,NaN,NaN
1325821080,NaN,NaN,NaN,NaN,NaN,NaN,NaN
1325821140,NaN,NaN,NaN,NaN,NaN,NaN,NaN
1325821200,NaN,NaN,NaN,NaN,NaN,NaN,NaN
1325821260,NaN,NaN,NaN,NaN,NaN,NaN,NaN
1325821320,NaN,NaN,NaN,NaN,NaN,NaN,NaN
1325821380,NaN,NaN,NaN,NaN,NaN,NaN,NaN
1325821440,NaN,NaN,NaN,NaN,NaN,NaN,NaN
1325821500,NaN,NaN,NaN,NaN,NaN,NaN,NaN
1325821560,NaN,NaN,NaN,NaN,NaN,NaN,NaN
1325821620,NaN,NaN,NaN,NaN,NaN,NaN,NaN
1325821680,NaN,NaN,NaN,NaN,NaN,NaN,NaN
1325821740,NaN,NaN,NaN,NaN,NaN,NaN,NaN
1325821800,NaN,NaN,NaN,NaN,NaN,NaN,NaN
1325821860,NaN,NaN,NaN,NaN,NaN,NaN,NaN
1325821920,NaN,NaN,NaN,NaN,NaN,NaN,NaN
1325821980,NaN,NaN,NaN,NaN,NaN,NaN,NaN
1325822040,NaN,NaN,NaN,NaN,NaN,NaN,NaN
1325822100,NaN,NaN,NaN,NaN,NaN,NaN,NaN
1325822160,NaN,NaN,NaN,NaN,NaN,NaN,NaN
1325822220,NaN,NaN,NaN,NaN,NaN,NaN,NaN
1325822280,NaN,NaN,NaN,NaN,NaN,NaN,NaN
1325822340,NaN,NaN,NaN,NaN,NaN,NaN,NaN
1325822400,NaN,NaN,NaN,NaN,NaN,NaN,NaN
1325822460,NaN,NaN,NaN,NaN,NaN,NaN,NaN
1325822520,NaN,NaN,NaN,NaN,NaN,NaN,NaN
1325822580,NaN,NaN,NaN,NaN,NaN,NaN,NaN
1325822640,NaN,NaN,NaN,NaN,NaN,NaN,NaN
1325822700,NaN,NaN,NaN,NaN,NaN,NaN,NaN
1325822760,NaN,NaN,NaN,NaN,NaN,NaN,NaN
1325822820,NaN,NaN,NaN,NaN,NaN,NaN,NaN
1325822880,NaN,NaN,NaN,NaN,NaN,NaN,NaN
1325822940,NaN,NaN,NaN,NaN,NaN,NaN,NaN
1325823000,NaN,NaN,NaN,NaN,NaN,NaN,NaN
1325823060,NaN,NaN,NaN,NaN,NaN,NaN,NaN
1325823120,NaN,NaN,NaN,NaN,NaN,NaN,NaN
1325823180,NaN,NaN,NaN,NaN,NaN,NaN,NaN
1325823240,NaN,NaN,NaN,NaN,NaN,NaN,NaN
1325823300,NaN,NaN,NaN,NaN,NaN,NaN,NaN
1325823360,NaN,NaN,NaN,NaN,NaN,NaN,NaN
1325823420,NaN,NaN,NaN,NaN,NaN,NaN,NaN
1325823480,NaN,NaN,NaN,NaN,NaN,NaN,NaN
1325823540,NaN,NaN,NaN,NaN,NaN,NaN,NaN
1325823600,NaN,NaN,NaN,NaN,NaN,NaN,NaN
1325823660,NaN,NaN,NaN,NaN,NaN,NaN,NaN
1325823720,NaN,NaN,NaN,NaN,NaN,NaN,NaN
1325823780,NaN,NaN,NaN,NaN,NaN,NaN,NaN
1325823840,NaN,NaN,NaN,NaN,NaN,NaN,NaN
1325823900,NaN,NaN,NaN,NaN,NaN,NaN,NaN
1325823960,NaN,NaN,NaN,NaN,NaN,NaN,NaN
1325824020,NaN,NaN,NaN,NaN,NaN,NaN,NaN
1325824080,NaN,NaN,NaN,NaN,NaN,NaN,NaN
1325824140,NaN,NaN,NaN,NaN,NaN,NaN,NaN
1325824200,NaN,NaN,NaN,NaN,NaN,NaN,NaN
1325824260,NaN,NaN,NaN,NaN,NaN,NaN,NaN
1325824320,NaN,NaN,NaN,NaN,NaN,NaN,NaN
1325824380,NaN,NaN,NaN,NaN,NaN,NaN,NaN
1325824440,NaN,NaN,NaN,NaN,NaN,NaN,NaN
1325824500,NaN,NaN,NaN,NaN,NaN,NaN,NaN
1325824560,NaN,NaN,NaN,NaN,NaN,NaN,NaN
1325824620,NaN,NaN,NaN,NaN,NaN,NaN,NaN
1325824680,NaN,NaN,NaN,NaN,NaN,NaN,NaN
1325824740,NaN,NaN,NaN,NaN,NaN,NaN,NaN
1325824800,NaN,NaN,NaN,NaN,NaN,NaN,NaN
1325824860,NaN,NaN,NaN,NaN,NaN,NaN,NaN
1325824920,NaN,NaN,NaN,NaN,NaN,NaN,NaN
1325824980,NaN,NaN,NaN,NaN,NaN,NaN,NaN
1325825040,NaN,NaN,NaN,NaN,NaN,NaN,NaN
1325825100,NaN,NaN,NaN,NaN,NaN,NaN,NaN
1325825160,NaN,NaN,NaN,NaN,NaN,NaN,NaN
1325825220,NaN,NaN,NaN,NaN,NaN,NaN,NaN
1325825280,NaN,NaN,NaN,NaN,NaN,NaN,NaN
1325825340,NaN,NaN,NaN,NaN,NaN,NaN,NaN
1325825400,NaN,NaN,NaN,NaN,NaN,NaN,NaN
1325825460,NaN,NaN,NaN,NaN,NaN,NaN,NaN
1325825520,NaN,NaN,NaN,NaN,NaN,NaN,NaN
1325825580,NaN,NaN,NaN,NaN,NaN,NaN,NaN
1325825640,NaN,NaN,NaN,NaN,NaN,NaN,NaN
1325825700,NaN,NaN,NaN,NaN,NaN,NaN,NaN
1325825760,NaN,NaN,NaN,NaN,NaN,NaN,NaN
1325825820,NaN,NaN,NaN,NaN,NaN,NaN,NaN
1325825880,NaN,NaN,NaN,NaN,NaN,NaN,NaN
1325825940,NaN,NaN,NaN,NaN,NaN,NaN,NaN
1325826000,NaN,NaN,NaN,NaN,NaN,NaN,NaN
1325826060,NaN,NaN,NaN,NaN,NaN,NaN,NaN
1325826120,NaN,NaN,NaN,NaN,NaN,NaN,NaN
1325826180,NaN,NaN,NaN,NaN,NaN,NaN,NaN
1325826240,NaN,NaN,NaN,NaN,NaN,NaN,NaN
1325826300,NaN,NaN,NaN,NaN,NaN,NaN,NaN
1325826360,NaN,NaN,NaN,NaN,NaN,NaN,NaN
1325826420,NaN,NaN,NaN,NaN,NaN,NaN,NaN
1325826480,NaN,NaN,NaN,NaN,NaN,NaN,NaN
1325826540,NaN,NaN,NaN,NaN,NaN,NaN,NaN
1325826600,NaN,NaN,NaN,NaN,NaN,NaN,NaN
1325826660,NaN,NaN,NaN,NaN,NaN,NaN,NaN
1325826720,NaN,NaN,NaN,NaN,NaN,NaN,NaN
1325826780,NaN,NaN,NaN,NaN,NaN,NaN,NaN
1325826840,NaN,NaN,NaN,NaN,NaN,NaN,NaN
1325826900,NaN,NaN,NaN,NaN,NaN,NaN,NaN
1325826960,NaN,NaN,NaN,NaN,NaN,NaN,NaN
1325827020,NaN,NaN,NaN,NaN,NaN,NaN,NaN
1325827080,NaN,NaN,NaN,NaN,NaN,NaN,NaN
1325827140,NaN,NaN,NaN,NaN,NaN,NaN,NaN
1325827200,NaN,NaN,NaN,NaN,NaN,NaN,NaN
1325827260,NaN,NaN,NaN,NaN,NaN,NaN,NaN
1325827320,NaN,NaN,NaN,NaN,NaN,NaN,NaN
1325827380,NaN,NaN,NaN,NaN,NaN,NaN,NaN
1325827440,NaN,NaN,NaN,NaN,NaN,NaN,NaN
1325827500,NaN,NaN,NaN,NaN,NaN,NaN,NaN
1325827560,NaN,NaN,NaN,NaN,NaN,NaN,NaN
1325827620,NaN,NaN,NaN,NaN,NaN,NaN,NaN
1325827680,NaN,NaN,NaN,NaN,NaN,NaN,NaN
1325827740,NaN,NaN,NaN,NaN,NaN,NaN,NaN
1325827800,NaN,NaN,NaN,NaN,NaN,NaN,NaN
1325827860,NaN,NaN,NaN,NaN,NaN,NaN,NaN
1325827920,NaN,NaN,NaN,NaN,NaN,NaN,NaN
1325827980,NaN,NaN,NaN,NaN,NaN,NaN,NaN
1325828040,NaN,NaN,NaN,NaN,NaN,NaN,NaN
1325828100,NaN,NaN,NaN,NaN,NaN,NaN,NaN
1325828160,NaN,NaN,NaN,NaN,NaN,NaN,NaN
1325828220,NaN,NaN,NaN,NaN,NaN,NaN,NaN
1325828280,NaN,NaN,NaN,NaN,NaN,NaN,NaN
1325828340,NaN,NaN,NaN,NaN,NaN,NaN,NaN
1325828400,NaN,NaN,NaN,NaN,NaN,NaN,NaN
1325828460,NaN,NaN,NaN,NaN,NaN,NaN,NaN
1325828520,NaN,NaN,NaN,NaN,NaN,NaN,NaN
1325828580,NaN,NaN,NaN,NaN,NaN,NaN,NaN
1325828640,NaN,NaN,NaN,NaN,NaN,NaN,NaN
1325828700,NaN,NaN,NaN,NaN,NaN,NaN,NaN
1325828760,NaN,NaN,NaN,NaN,NaN,NaN,NaN
1325828820,NaN,NaN,NaN,NaN,NaN,NaN,NaN
1325828880,NaN,NaN,NaN,NaN,NaN,NaN,NaN
1325828940,NaN,NaN,NaN,NaN,NaN,NaN,NaN
1325829000,NaN,NaN,NaN,NaN,NaN,NaN,NaN
1325829060,NaN,NaN,NaN,NaN,NaN,NaN,NaN
1325829120,NaN,NaN,NaN,NaN,NaN,NaN,NaN
1325829180,NaN,NaN,NaN,NaN,NaN,NaN,NaN
1325829240,NaN,NaN,NaN,NaN,NaN,NaN,NaN
1325829300,NaN,NaN,NaN,NaN,NaN,NaN,NaN
1325829360,NaN,NaN,NaN,NaN,NaN,NaN,NaN
1325829420,NaN,NaN,NaN,NaN,NaN,NaN,NaN
1325829480,NaN,NaN,NaN,NaN,NaN,NaN,NaN
1325829540,NaN,NaN,NaN,NaN,NaN,NaN,NaN
1325829600,NaN,NaN,NaN,NaN,NaN,NaN,NaN
1325829660,NaN,NaN,NaN,NaN,NaN,NaN,NaN
1325829720,6.65,6.65,6.65,6.65,1.42549766,9.479559439,6.65
1325829780,NaN,NaN,NaN,NaN,NaN,NaN,NaN
1325829840,6.69,6.73,6.69,6.73,6.31,42.36385832,6.7137651855
1325829900,NaN,NaN,NaN,NaN,NaN,NaN,NaN
1325829960,NaN,NaN,NaN,NaN,NaN,NaN,NaN
1325830020,NaN,NaN,NaN,NaN,NaN,NaN,NaN
1325830080,NaN,NaN,NaN,NaN,NaN,NaN,NaN
1325830140,NaN,NaN,NaN,NaN,NaN,NaN,NaN
1325830200,NaN,NaN,NaN,NaN,NaN,NaN,NaN
1325830260,NaN,NaN,NaN,NaN,NaN,NaN,NaN
1325830320,NaN,NaN,NaN,NaN,NaN,NaN,NaN
1325830380,NaN,NaN,NaN,NaN,NaN,NaN,NaN
1325830440,NaN,NaN,NaN,NaN,NaN,NaN,NaN
1325830500,NaN,NaN,NaN,NaN,NaN,NaN,NaN
1325830560,NaN,NaN,NaN,NaN,NaN,NaN,NaN
1325830620,NaN,NaN,NaN,NaN,NaN,NaN,NaN
1325830680,NaN,NaN,NaN,NaN,NaN,NaN,NaN
1325830740,NaN,NaN,NaN,NaN,NaN,NaN,NaN
1325830800,NaN,NaN,NaN,NaN,NaN,NaN,NaN
1325830860,NaN,NaN,NaN,NaN,NaN,NaN,NaN
1325830920,NaN,NaN,NaN,NaN,NaN,NaN,NaN
1325830980,NaN,NaN,NaN,NaN,NaN,NaN,NaN
1325831040,NaN,NaN,NaN,NaN,NaN,NaN,NaN
1325831100,NaN,NaN,NaN,NaN,NaN,NaN,NaN
1325831160,NaN,NaN,NaN,NaN,NaN,NaN,NaN
1325831220,NaN,NaN,NaN,NaN,NaN,NaN,NaN
1325831280,NaN,NaN,NaN,NaN,NaN,NaN,NaN
1325831340,NaN,NaN,NaN,NaN,NaN,NaN,NaN
1325831400,NaN,NaN,NaN,NaN,NaN,NaN,NaN
1325831460,NaN,NaN,NaN,NaN,NaN,NaN,NaN
1325831520,NaN,NaN,NaN,NaN,NaN,NaN,NaN
1325831580,NaN,NaN,NaN,NaN,NaN,NaN,NaN
1325831640,NaN,NaN,NaN,NaN,NaN,NaN,NaN
1325831700,NaN,NaN,NaN,NaN,NaN,NaN,NaN
1325831760,NaN,NaN,NaN,NaN,NaN,NaN,NaN
1325831820,NaN,NaN,NaN,NaN,NaN,NaN,NaN
1325831880,NaN,NaN,NaN,NaN,NaN,NaN,NaN
1325831940,NaN,NaN,NaN,NaN,NaN,NaN,NaN
1325832000,NaN,NaN,NaN,NaN,NaN,NaN,NaN
1325832060,NaN,NaN,NaN,NaN,NaN,NaN,NaN
1325832120,NaN,NaN,NaN,NaN,NaN,NaN,NaN
1325832180,NaN,NaN,NaN,NaN,NaN,NaN,NaN
1325832240,NaN,NaN,NaN,NaN,NaN,NaN,NaN
1325832300,NaN,NaN,NaN,NaN,NaN,NaN,NaN
1325832360,NaN,NaN,NaN,NaN,NaN,NaN,NaN
1325832420,NaN,NaN,NaN,NaN,NaN,NaN,NaN
1325832480,NaN,NaN,NaN,NaN,NaN,NaN,NaN
1325832540,NaN,NaN,NaN,NaN,NaN,NaN,NaN
1325832600,NaN,NaN,NaN,NaN,NaN,NaN,NaN
1325832660,NaN,NaN,NaN,NaN,NaN,NaN,NaN
1325832720,NaN,NaN,NaN,NaN,NaN,NaN,NaN
1325832780,NaN,NaN,NaN,NaN,NaN,NaN,NaN
1325832840,NaN,NaN,NaN,NaN,NaN,NaN,NaN
1325832900,NaN,NaN,NaN,NaN,NaN,NaN,NaN
1325832960,NaN,NaN,NaN,NaN,NaN,NaN,NaN
1325833020,NaN,NaN,NaN,NaN,NaN,NaN,NaN
1325833080,NaN,NaN,NaN,NaN,NaN,NaN,NaN
1325833140,NaN,NaN,NaN,NaN,NaN,NaN,NaN
1325833200,NaN,NaN,NaN,NaN,NaN,NaN,NaN
1325833260,NaN,NaN,NaN,NaN,NaN,NaN,NaN
1325833320,NaN,NaN,NaN,NaN,NaN,NaN,NaN
1325833380,NaN,NaN,NaN,NaN,NaN,NaN,NaN
1325833440,NaN,NaN,NaN,NaN,NaN,NaN,NaN
1325833500,NaN,NaN,NaN,NaN,NaN,NaN,NaN
1325833560,NaN,NaN,NaN,NaN,NaN,NaN,NaN
1325833620,NaN,NaN,NaN,NaN,NaN,NaN,NaN
1325833680,NaN,NaN,NaN,NaN,NaN,NaN,NaN
1325833740,NaN,NaN,NaN,NaN,NaN,NaN,NaN
1325833800,NaN,NaN,NaN,NaN,NaN,NaN,NaN
1325833860,NaN,NaN,NaN,NaN,NaN,NaN,NaN
1325833920,NaN,NaN,NaN,NaN,NaN,NaN,NaN
1325833980,NaN,NaN,NaN,NaN,NaN,NaN,NaN
1325834040,NaN,NaN,NaN,NaN,NaN,NaN,NaN
1325834100,NaN,NaN,NaN,NaN,NaN,NaN,NaN
1325834160,NaN,NaN,NaN,NaN,NaN,NaN,NaN
1325834220,NaN,NaN,NaN,NaN,NaN,NaN,NaN
1325834280,NaN,NaN,NaN,NaN,NaN,NaN,NaN
1325834340,NaN,NaN,NaN,NaN,NaN,NaN,NaN
1325834400,NaN,NaN,NaN,NaN,NaN,NaN,NaN
1325834460,NaN,NaN,NaN,NaN,NaN,NaN,NaN
1325834520,NaN,NaN,NaN,NaN,NaN,NaN,NaN
1325834580,NaN,NaN,NaN,NaN,NaN,NaN,NaN
1325834640,NaN,NaN,NaN,NaN,NaN,NaN,NaN
1325834700,NaN,NaN,NaN,NaN,NaN,NaN,NaN
1325834760,NaN,NaN,NaN,NaN,NaN,NaN,NaN
1325834820,NaN,NaN,NaN,NaN,NaN,NaN,NaN
1325834880,NaN,NaN,NaN,NaN,NaN,NaN,NaN
1325834940,NaN,NaN,NaN,NaN,NaN,NaN,NaN
1325835000,NaN,NaN,NaN,NaN,NaN,NaN,NaN
1325835060,NaN,NaN,NaN,NaN,NaN,NaN,NaN
1325835120,NaN,NaN,NaN,NaN,NaN,NaN,NaN
1325835180,NaN,NaN,NaN,NaN,NaN,NaN,NaN
1325835240,NaN,NaN,NaN,NaN,NaN,NaN,NaN
1325835300,NaN,NaN,NaN,NaN,NaN,NaN,NaN
1325835360,NaN,NaN,NaN,NaN,NaN,NaN,NaN
1325835420,NaN,NaN,NaN,NaN,NaN,NaN,NaN
1325835480,NaN,NaN,NaN,NaN,NaN,NaN,NaN
1325835540,NaN,NaN,NaN,NaN,NaN,NaN,NaN
1325835600,NaN,NaN,NaN,NaN,NaN,NaN,NaN
1325835660,NaN,NaN,NaN,NaN,NaN,NaN,NaN
1325835720,NaN,NaN,NaN,NaN,NaN,NaN,NaN
1325835780,NaN,NaN,NaN,NaN,NaN,NaN,NaN
1325835840,NaN,NaN,NaN,NaN,NaN,NaN,NaN
1325835900,NaN,NaN,NaN,NaN,NaN,NaN,NaN
1325835960,NaN,NaN,NaN,NaN,NaN,NaN,NaN
1325836020,NaN,NaN,NaN,NaN,NaN,NaN,NaN
1325836080,NaN,NaN,NaN,NaN,NaN,NaN,NaN
1325836140,NaN,NaN,NaN,NaN,NaN,NaN,NaN
1325836200,NaN,NaN,NaN,NaN,NaN,NaN,NaN
1325836260,NaN,NaN,NaN,NaN,NaN,NaN,NaN
1325836320,NaN,NaN,NaN,NaN,NaN,NaN,NaN
1325836380,NaN,NaN,NaN,NaN,NaN,NaN,NaN
1325836440,NaN,NaN,NaN,NaN,NaN,NaN,NaN
1325836500,NaN,NaN,NaN,NaN,NaN,NaN,NaN
1325836560,NaN,NaN,NaN,NaN,NaN,NaN,NaN
1325836620,NaN,NaN,NaN,NaN,NaN,NaN,NaN
1325836680,NaN,NaN,NaN,NaN,NaN,NaN,NaN
1325836740,NaN,NaN,NaN,NaN,NaN,NaN,NaN
1325836800,NaN,NaN,NaN,NaN,NaN,NaN,NaN
1325836860,NaN,NaN,NaN,NaN,NaN,NaN,NaN
1325836920,NaN,NaN,NaN,NaN,NaN,NaN,NaN
1325836980,NaN,NaN,NaN,NaN,NaN,NaN,NaN
1325837040,NaN,NaN,NaN,NaN,NaN,NaN,NaN
1325837100,NaN,NaN,NaN,NaN,NaN,NaN,NaN
1325837160,NaN,NaN,NaN,NaN,NaN,NaN,NaN
1325837220,NaN,NaN,NaN,NaN,NaN,NaN,NaN
1325837280,NaN,NaN,NaN,NaN,NaN,NaN,NaN
1325837340,NaN,NaN,NaN,NaN,NaN,NaN,NaN
1325837400,NaN,NaN,NaN,NaN,NaN,NaN,NaN
1325837460,NaN,NaN,NaN,NaN,NaN,NaN,NaN
1325837520,NaN,NaN,NaN,NaN,NaN,NaN,NaN
1325837580,NaN,NaN,NaN,NaN,NaN,NaN,NaN
1325837640,NaN,NaN,NaN,NaN,NaN,NaN,NaN
1325837700,NaN,NaN,NaN,NaN,NaN,NaN,NaN
1325837760,NaN,NaN,NaN,NaN,NaN,NaN,NaN
1325837820,NaN,NaN,NaN,NaN,NaN,NaN,NaN
1325837880,NaN,NaN,NaN,NaN,NaN,NaN,NaN
1325837940,NaN,NaN,NaN,NaN,NaN,NaN,NaN
1325838000,NaN,NaN,NaN,NaN,NaN,NaN,NaN
1325838060,NaN,NaN,NaN,NaN,NaN,NaN,NaN
1325838120,NaN,NaN,NaN,NaN,NaN,NaN,NaN
1325838180,NaN,NaN,NaN,NaN,NaN,NaN,NaN
1325838240,NaN,NaN,NaN,NaN,NaN,NaN,NaN
1325838300,NaN,NaN,NaN,NaN,NaN,NaN,NaN
1325838360,NaN,NaN,NaN,NaN,NaN,NaN,NaN
1325838420,NaN,NaN,NaN,NaN,NaN,NaN,NaN
1325838480,NaN,NaN,NaN,NaN,NaN,NaN,NaN
1325838540,NaN,NaN,NaN,NaN,NaN,NaN,NaN
1325838600,NaN,NaN,NaN,NaN,NaN,NaN,NaN
1325838660,NaN,NaN,NaN,NaN,NaN,NaN,NaN
1325838720,NaN,NaN,NaN,NaN,NaN,NaN,NaN
1325838780,NaN,NaN,NaN,NaN,NaN,NaN,NaN
1325838840,NaN,NaN,NaN,NaN,NaN,NaN,NaN
1325838900,NaN,NaN,NaN,NaN,NaN,NaN,NaN
1325838960,NaN,NaN,NaN,NaN,NaN,NaN,NaN
1325839020,NaN,NaN,NaN,NaN,NaN,NaN,NaN
1325839080,NaN,NaN,NaN,NaN,NaN,NaN,NaN
1325839140,NaN,NaN,NaN,NaN,NaN,NaN,NaN
1325839200,NaN,NaN,NaN,NaN,NaN,NaN,NaN
1325839260,NaN,NaN,NaN,NaN,NaN,NaN,NaN
1325839320,NaN,NaN,NaN,NaN,NaN,NaN,NaN
1325839380,NaN,NaN,NaN,NaN,NaN,NaN,NaN
1325839440,NaN,NaN,NaN,NaN,NaN,NaN,NaN
1325839500,NaN,NaN,NaN,NaN,NaN,NaN,NaN
1325839560,NaN,NaN,NaN,NaN,NaN,NaN,NaN
1325839620,NaN,NaN,NaN,NaN,NaN,NaN,NaN
1325839680,NaN,NaN,NaN,NaN,NaN,NaN,NaN
1325839740,NaN,NaN,NaN,NaN,NaN,NaN,NaN
1325839800,NaN,NaN,NaN,NaN,NaN,NaN,NaN
1325839860,NaN,NaN,NaN,NaN,NaN,NaN,NaN
1325839920,NaN,NaN,NaN,NaN,NaN,NaN,NaN
1325839980,NaN,NaN,NaN,NaN,NaN,NaN,NaN
1325840040,NaN,NaN,NaN,NaN,NaN,NaN,NaN
1325840100,NaN,NaN,NaN,NaN,NaN,NaN,NaN
1325840160,NaN,NaN,NaN,NaN,NaN,NaN,NaN
1325840220,NaN,NaN,NaN,NaN,NaN,NaN,NaN
1325840280,NaN,NaN,NaN,NaN,NaN,NaN,NaN
1325840340,NaN,NaN,NaN,NaN,NaN,NaN,NaN
1325840400,NaN,NaN,NaN,NaN,NaN,NaN,NaN
1325840460,NaN,NaN,NaN,NaN,NaN,NaN,NaN
1325840520,NaN,NaN,NaN,NaN,NaN,NaN,NaN
1325840580,NaN,NaN,NaN,NaN,NaN,NaN,NaN
1325840640,NaN,NaN,NaN,NaN,NaN,NaN,NaN
1325840700,NaN,NaN,NaN,NaN,NaN,NaN,NaN
1325840760,NaN,NaN,NaN,NaN,NaN,NaN,NaN
1325840820,NaN,NaN,NaN,NaN,NaN,NaN,NaN
1325840880,NaN,NaN,NaN,NaN,NaN,NaN,NaN
1325840940,NaN,NaN,NaN,NaN,NaN,NaN,NaN
1325841000,NaN,NaN,NaN,NaN,NaN,NaN,NaN
1325841060,NaN,NaN,NaN,NaN,NaN,NaN,NaN
1325841120,NaN,NaN,NaN,NaN,NaN,NaN,NaN
1325841180,NaN,NaN,NaN,NaN,NaN,NaN,NaN
1325841240,NaN,NaN,NaN,NaN,NaN,NaN,NaN
1325841300,NaN,NaN,NaN,NaN,NaN,NaN,NaN
1325841360,NaN,NaN,NaN,NaN,NaN,NaN,NaN
1325841420,NaN,NaN,NaN,NaN,NaN,NaN,NaN
1325841480,NaN,NaN,NaN,NaN,NaN,NaN,NaN
1325841540,NaN,NaN,NaN,NaN,NaN,NaN,NaN
1325841600,NaN,NaN,NaN,NaN,NaN,NaN,NaN
1325841660,NaN,NaN,NaN,NaN,NaN,NaN,NaN
1325841720,NaN,NaN,NaN,NaN,NaN,NaN,NaN
1325841780,NaN,NaN,NaN,NaN,NaN,NaN,NaN
1325841840,NaN,NaN,NaN,NaN,NaN,NaN,NaN
1325841900,NaN,NaN,NaN,NaN,NaN,NaN,NaN
1325841960,NaN,NaN,NaN,NaN,NaN,NaN,NaN
1325842020,NaN,NaN,NaN,NaN,NaN,NaN,NaN
1325842080,NaN,NaN,NaN,NaN,NaN,NaN,NaN
1325842140,NaN,NaN,NaN,NaN,NaN,NaN,NaN
1325842200,NaN,NaN,NaN,NaN,NaN,NaN,NaN
1325842260,NaN,NaN,NaN,NaN,NaN,NaN,NaN
1325842320,NaN,NaN,NaN,NaN,NaN,NaN,NaN
1325842380,NaN,NaN,NaN,NaN,NaN,NaN,NaN
1325842440,NaN,NaN,NaN,NaN,NaN,NaN,NaN
1325842500,NaN,NaN,NaN,NaN,NaN,NaN,NaN
1325842560,NaN,NaN,NaN,NaN,NaN,NaN,NaN
1325842620,NaN,NaN,NaN,NaN,NaN,NaN,NaN
1325842680,NaN,NaN,NaN,NaN,NaN,NaN,NaN
1325842740,NaN,NaN,NaN,NaN,NaN,NaN,NaN
1325842800,NaN,NaN,NaN,NaN,NaN,NaN,NaN
1325842860,NaN,NaN,NaN,NaN,NaN,NaN,NaN
1325842920,NaN,NaN,NaN,NaN,NaN,NaN,NaN
1325842980,NaN,NaN,NaN,NaN,NaN,NaN,NaN
1325843040,NaN,NaN,NaN,NaN,NaN,NaN,NaN
1325843100,NaN,NaN,NaN,NaN,NaN,NaN,NaN
1325843160,NaN,NaN,NaN,NaN,NaN,NaN,NaN
1325843220,NaN,NaN,NaN,NaN,NaN,NaN,NaN
1325843280,NaN,NaN,NaN,NaN,NaN,NaN,NaN
1325843340,NaN,NaN,NaN,NaN,NaN,NaN,NaN
1325843400,NaN,NaN,NaN,NaN,NaN,NaN,NaN
1325843460,NaN,NaN,NaN,NaN,NaN,NaN,NaN
1325843520,NaN,NaN,NaN,NaN,NaN,NaN,NaN
1325843580,NaN,NaN,NaN,NaN,NaN,NaN,NaN
1325843640,NaN,NaN,NaN,NaN,NaN,NaN,NaN
1325843700,NaN,NaN,NaN,NaN,NaN,NaN,NaN
1325843760,NaN,NaN,NaN,NaN,NaN,NaN,NaN
1325843820,NaN,NaN,NaN,NaN,NaN,NaN,NaN
1325843880,NaN,NaN,NaN,NaN,NaN,NaN,NaN
1325843940,NaN,NaN,NaN,NaN,NaN,NaN,NaN
1325844000,NaN,NaN,NaN,NaN,NaN,NaN,NaN
1325844060,NaN,NaN,NaN,NaN,NaN,NaN,NaN
1325844120,NaN,NaN,NaN,NaN,NaN,NaN,NaN
1325844180,NaN,NaN,NaN,NaN,NaN,NaN,NaN
1325844240,NaN,NaN,NaN,NaN,NaN,NaN,NaN
1325844300,NaN,NaN,NaN,NaN,NaN,NaN,NaN
1325844360,NaN,NaN,NaN,NaN,NaN,NaN,NaN
1325844420,NaN,NaN,NaN,NaN,NaN,NaN,NaN
1325844480,NaN,NaN,NaN,NaN,NaN,NaN,NaN
1325844540,NaN,NaN,NaN,NaN,NaN,NaN,NaN
1325844600,NaN,NaN,NaN,NaN,NaN,NaN,NaN
1325844660,NaN,NaN,NaN,NaN,NaN,NaN,NaN
1325844720,NaN,NaN,NaN,NaN,NaN,NaN,NaN
1325844780,NaN,NaN,NaN,NaN,NaN,NaN,NaN
1325844840,NaN,NaN,NaN,NaN,NaN,NaN,NaN
1325844900,NaN,NaN,NaN,NaN,NaN,NaN,NaN
1325844960,NaN,NaN,NaN,NaN,NaN,NaN,NaN
1325845020,NaN,NaN,NaN,NaN,NaN,NaN,NaN
1325845080,NaN,NaN,NaN,NaN,NaN,NaN,NaN
1325845140,NaN,NaN,NaN,NaN,NaN,NaN,NaN
1325845200,NaN,NaN,NaN,NaN,NaN,NaN,NaN
1325845260,NaN,NaN,NaN,NaN,NaN,NaN,NaN
1325845320,NaN,NaN,NaN,NaN,NaN,NaN,NaN
1325845380,NaN,NaN,NaN,NaN,NaN,NaN,NaN
1325845440,NaN,NaN,NaN,NaN,NaN,NaN,NaN
1325845500,NaN,NaN,NaN,NaN,NaN,NaN,NaN
1325845560,NaN,NaN,NaN,NaN,NaN,NaN,NaN
1325845620,NaN,NaN,NaN,NaN,NaN,NaN,NaN
1325845680,NaN,NaN,NaN,NaN,NaN,NaN,NaN
1325845740,NaN,NaN,NaN,NaN,NaN,NaN,NaN
1325845800,NaN,NaN,NaN,NaN,NaN,NaN,NaN
1325845860,NaN,NaN,NaN,NaN,NaN,NaN,NaN
1325845920,NaN,NaN,NaN,NaN,NaN,NaN,NaN
1325845980,NaN,NaN,NaN,NaN,NaN,NaN,NaN
1325846040,NaN,NaN,NaN,NaN,NaN,NaN,NaN
1325846100,NaN,NaN,NaN,NaN,NaN,NaN,NaN
1325846160,NaN,NaN,NaN,NaN,NaN,NaN,NaN
1325846220,NaN,NaN,NaN,NaN,NaN,NaN,NaN
1325846280,NaN,NaN,NaN,NaN,NaN,NaN,NaN
1325846340,NaN,NaN,NaN,NaN,NaN,NaN,NaN
1325846400,NaN,NaN,NaN,NaN,NaN,NaN,NaN
1325846460,NaN,NaN,NaN,NaN,NaN,NaN,NaN
1325846520,NaN,NaN,NaN,NaN,NaN,NaN,NaN
1325846580,NaN,NaN,NaN,NaN,NaN,NaN,NaN
1325846640,NaN,NaN,NaN,NaN,NaN,NaN,NaN
1325846700,NaN,NaN,NaN,NaN,NaN,NaN,NaN
1325846760,NaN,NaN,NaN,NaN,NaN,NaN,NaN
1325846820,NaN,NaN,NaN,NaN,NaN,NaN,NaN
1325846880,NaN,NaN,NaN,NaN,NaN,NaN,NaN
1325846940,NaN,NaN,NaN,NaN,NaN,NaN,NaN
1325847000,NaN,NaN,NaN,NaN,NaN,NaN,NaN
1325847060,NaN,NaN,NaN,NaN,NaN,NaN,NaN
1325847120,NaN,NaN,NaN,NaN,NaN,NaN,NaN
1325847180,NaN,NaN,NaN,NaN,NaN,NaN,NaN
1325847240,NaN,NaN,NaN,NaN,NaN,NaN,NaN
1325847300,NaN,NaN,NaN,NaN,NaN,NaN,NaN
1325847360,NaN,NaN,NaN,NaN,NaN,NaN,NaN
1325847420,NaN,NaN,NaN,NaN,NaN,NaN,NaN
1325847480,NaN,NaN,NaN,NaN,NaN,NaN,NaN
1325847540,NaN,NaN,NaN,NaN,NaN,NaN,NaN
1325847600,NaN,NaN,NaN,NaN,NaN,NaN,NaN
1325847660,NaN,NaN,NaN,NaN,NaN,NaN,NaN
1325847720,NaN,NaN,NaN,NaN,NaN,NaN,NaN
1325847780,NaN,NaN,NaN,NaN,NaN,NaN,NaN
1325847840,NaN,NaN,NaN,NaN,NaN,NaN,NaN
1325847900,NaN,NaN,NaN,NaN,NaN,NaN,NaN
1325847960,NaN,NaN,NaN,NaN,NaN,NaN,NaN
1325848020,NaN,NaN,NaN,NaN,NaN,NaN,NaN
1325848080,NaN,NaN,NaN,NaN,NaN,NaN,NaN
1325848140,NaN,NaN,NaN,NaN,NaN,NaN,NaN
1325848200,NaN,NaN,NaN,NaN,NaN,NaN,NaN
1325848260,NaN,NaN,NaN,NaN,NaN,NaN,NaN
1325848320,NaN,NaN,NaN,NaN,NaN,NaN,NaN
1325848380,NaN,NaN,NaN,NaN,NaN,NaN,NaN
1325848440,NaN,NaN,NaN,NaN,NaN,NaN,NaN
1325848500,NaN,NaN,NaN,NaN,NaN,NaN,NaN
1325848560,NaN,NaN,NaN,NaN,NaN,NaN,NaN
1325848620,NaN,NaN,NaN,NaN,NaN,NaN,NaN
1325848680,NaN,NaN,NaN,NaN,NaN,NaN,NaN
1325848740,NaN,NaN,NaN,NaN,NaN,NaN,NaN
1325848800,NaN,NaN,NaN,NaN,NaN,NaN,NaN
1325848860,NaN,NaN,NaN,NaN,NaN,NaN,NaN
1325848920,NaN,NaN,NaN,NaN,NaN,NaN,NaN
1325848980,NaN,NaN,NaN,NaN,NaN,NaN,NaN
1325849040,NaN,NaN,NaN,NaN,NaN,NaN,NaN
1325849100,NaN,NaN,NaN,NaN,NaN,NaN,NaN
1325849160,NaN,NaN,NaN,NaN,NaN,NaN,NaN
1325849220,NaN,NaN,NaN,NaN,NaN,NaN,NaN
1325849280,NaN,NaN,NaN,NaN,NaN,NaN,NaN
1325849340,NaN,NaN,NaN,NaN,NaN,NaN,NaN
1325849400,NaN,NaN,NaN,NaN,NaN,NaN,NaN
1325849460,NaN,NaN,NaN,NaN,NaN,NaN,NaN
1325849520,NaN,NaN,NaN,NaN,NaN,NaN,NaN
1325849580,NaN,NaN,NaN,NaN,NaN,NaN,NaN
1325849640,NaN,NaN,NaN,NaN,NaN,NaN,NaN
1325849700,NaN,NaN,NaN,NaN,NaN,NaN,NaN
1325849760,NaN,NaN,NaN,NaN,NaN,NaN,NaN
1325849820,NaN,NaN,NaN,NaN,NaN,NaN,NaN
1325849880,NaN,NaN,NaN,NaN,NaN,NaN,NaN
1325849940,NaN,NaN,NaN,NaN,NaN,NaN,NaN
1325850000,NaN,NaN,NaN,NaN,NaN,NaN,NaN
1325850060,NaN,NaN,NaN,NaN,NaN,NaN,NaN
1325850120,NaN,NaN,NaN,NaN,NaN,NaN,NaN
1325850180,NaN,NaN,NaN,NaN,NaN,NaN,NaN
1325850240,NaN,NaN,NaN,NaN,NaN,NaN,NaN
1325850300,NaN,NaN,NaN,NaN,NaN,NaN,NaN
1325850360,NaN,NaN,NaN,NaN,NaN,NaN,NaN
1325850420,NaN,NaN,NaN,NaN,NaN,NaN,NaN
1325850480,NaN,NaN,NaN,NaN,NaN,NaN,NaN
1325850540,NaN,NaN,NaN,NaN,NaN,NaN,NaN
1325850600,NaN,NaN,NaN,NaN,NaN,NaN,NaN
1325850660,NaN,NaN,NaN,NaN,NaN,NaN,NaN
1325850720,NaN,NaN,NaN,NaN,NaN,NaN,NaN
1325850780,NaN,NaN,NaN,NaN,NaN,NaN,NaN
1325850840,NaN,NaN,NaN,NaN,NaN,NaN,NaN
1325850900,NaN,NaN,NaN,NaN,NaN,NaN,NaN
1325850960,NaN,NaN,NaN,NaN,NaN,NaN,NaN
1325851020,NaN,NaN,NaN,NaN,NaN,NaN,NaN
1325851080,NaN,NaN,NaN,NaN,NaN,NaN,NaN
1325851140,NaN,NaN,NaN,NaN,NaN,NaN,NaN
1325851200,NaN,NaN,NaN,NaN,NaN,NaN,NaN
1325851260,NaN,NaN,NaN,NaN,NaN,NaN,NaN
1325851320,NaN,NaN,NaN,NaN,NaN,NaN,NaN
1325851380,NaN,NaN,NaN,NaN,NaN,NaN,NaN
1325851440,NaN,NaN,NaN,NaN,NaN,NaN,NaN
1325851500,NaN,NaN,NaN,NaN,NaN,NaN,NaN
1325851560,NaN,NaN,NaN,NaN,NaN,NaN,NaN
1325851620,NaN,NaN,NaN,NaN,NaN,NaN,NaN
1325851680,NaN,NaN,NaN,NaN,NaN,NaN,NaN
1325851740,NaN,NaN,NaN,NaN,NaN,NaN,NaN
1325851800,NaN,NaN,NaN,NaN,NaN,NaN,NaN
1325851860,NaN,NaN,NaN,NaN,NaN,NaN,NaN
1325851920,NaN,NaN,NaN,NaN,NaN,NaN,NaN
1325851980,NaN,NaN,NaN,NaN,NaN,NaN,NaN
1325852040,NaN,NaN,NaN,NaN,NaN,NaN,NaN
1325852100,NaN,NaN,NaN,NaN,NaN,NaN,NaN
1325852160,NaN,NaN,NaN,NaN,NaN,NaN,NaN
1325852220,NaN,NaN,NaN,NaN,NaN,NaN,NaN
1325852280,NaN,NaN,NaN,NaN,NaN,NaN,NaN
1325852340,NaN,NaN,NaN,NaN,NaN,NaN,NaN
1325852400,NaN,NaN,NaN,NaN,NaN,NaN,NaN
1325852460,NaN,NaN,NaN,NaN,NaN,NaN,NaN
1325852520,NaN,NaN,NaN,NaN,NaN,NaN,NaN
1325852580,NaN,NaN,NaN,NaN,NaN,NaN,NaN
1325852640,NaN,NaN,NaN,NaN,NaN,NaN,NaN
1325852700,NaN,NaN,NaN,NaN,NaN,NaN,NaN
1325852760,NaN,NaN,NaN,NaN,NaN,NaN,NaN
1325852820,NaN,NaN,NaN,NaN,NaN,NaN,NaN
1325852880,NaN,NaN,NaN,NaN,NaN,NaN,NaN
1325852940,NaN,NaN,NaN,NaN,NaN,NaN,NaN
1325853000,NaN,NaN,NaN,NaN,NaN,NaN,NaN
1325853060,NaN,NaN,NaN,NaN,NaN,NaN,NaN
1325853120,NaN,NaN,NaN,NaN,NaN,NaN,NaN
1325853180,NaN,NaN,NaN,NaN,NaN,NaN,NaN
1325853240,NaN,NaN,NaN,NaN,NaN,NaN,NaN
1325853300,NaN,NaN,NaN,NaN,NaN,NaN,NaN
1325853360,NaN,NaN,NaN,NaN,NaN,NaN,NaN
1325853420,NaN,NaN,NaN,NaN,NaN,NaN,NaN
1325853480,NaN,NaN,NaN,NaN,NaN,NaN,NaN
1325853540,NaN,NaN,NaN,NaN,NaN,NaN,NaN
1325853600,NaN,NaN,NaN,NaN,NaN,NaN,NaN
1325853660,NaN,NaN,NaN,NaN,NaN,NaN,NaN
1325853720,NaN,NaN,NaN,NaN,NaN,NaN,NaN
1325853780,NaN,NaN,NaN,NaN,NaN,NaN,NaN
1325853840,NaN,NaN,NaN,NaN,NaN,NaN,NaN
1325853900,NaN,NaN,NaN,NaN,NaN,NaN,NaN
1325853960,NaN,NaN,NaN,NaN,NaN,NaN,NaN
1325854020,NaN,NaN,NaN,NaN,NaN,NaN,NaN
1325854080,NaN,NaN,NaN,NaN,NaN,NaN,NaN
1325854140,NaN,NaN,NaN,NaN,NaN,NaN,NaN
1325854200,NaN,NaN,NaN,NaN,NaN,NaN,NaN
1325854260,NaN,NaN,NaN,NaN,NaN,NaN,NaN
1325854320,NaN,NaN,NaN,NaN,NaN,NaN,NaN
1325854380,NaN,NaN,NaN,NaN,NaN,NaN,NaN
1325854440,NaN,NaN,NaN,NaN,NaN,NaN,NaN
1325854500,NaN,NaN,NaN,NaN,NaN,NaN,NaN
1325854560,NaN,NaN,NaN,NaN,NaN,NaN,NaN
1325854620,NaN,NaN,NaN,NaN,NaN,NaN,NaN
1325854680,NaN,NaN,NaN,NaN,NaN,NaN,NaN
1325854740,NaN,NaN,NaN,NaN,NaN,NaN,NaN
1325854800,NaN,NaN,NaN,NaN,NaN,NaN,NaN
1325854860,NaN,NaN,NaN,NaN,NaN,NaN,NaN
1325854920,NaN,NaN,NaN,NaN,NaN,NaN,NaN
1325854980,NaN,NaN,NaN,NaN,NaN,NaN,NaN
1325855040,NaN,NaN,NaN,NaN,NaN,NaN,NaN
1325855100,NaN,NaN,NaN,NaN,NaN,NaN,NaN
1325855160,NaN,NaN,NaN,NaN,NaN,NaN,NaN
1325855220,NaN,NaN,NaN,NaN,NaN,NaN,NaN
1325855280,NaN,NaN,NaN,NaN,NaN,NaN,NaN
1325855340,NaN,NaN,NaN,NaN,NaN,NaN,NaN
1325855400,NaN,NaN,NaN,NaN,NaN,NaN,NaN
1325855460,NaN,NaN,NaN,NaN,NaN,NaN,NaN
1325855520,NaN,NaN,NaN,NaN,NaN,NaN,NaN
1325855580,NaN,NaN,NaN,NaN,NaN,NaN,NaN
1325855640,NaN,NaN,NaN,NaN,NaN,NaN,NaN
1325855700,NaN,NaN,NaN,NaN,NaN,NaN,NaN
1325855760,NaN,NaN,NaN,NaN,NaN,NaN,NaN
1325855820,NaN,NaN,NaN,NaN,NaN,NaN,NaN
1325855880,NaN,NaN,NaN,NaN,NaN,NaN,NaN
1325855940,NaN,NaN,NaN,NaN,NaN,NaN,NaN
1325856000,6.8,6.9,6.8,6.9,9.31055901,63.611801268,6.832221481
1325856060,NaN,NaN,NaN,NaN,NaN,NaN,NaN
1325856120,NaN,NaN,NaN,NaN,NaN,NaN,NaN
1325856180,NaN,NaN,NaN,NaN,NaN,NaN,NaN
1325856240,NaN,NaN,NaN,NaN,NaN,NaN,NaN
1325856300,NaN,NaN,NaN,NaN,NaN,NaN,NaN
1325856360,NaN,NaN,NaN,NaN,NaN,NaN,NaN
1325856420,NaN,NaN,NaN,NaN,NaN,NaN,NaN
1325856480,NaN,NaN,NaN,NaN,NaN,NaN,NaN
1325856540,NaN,NaN,NaN,NaN,NaN,NaN,NaN
1325856600,NaN,NaN,NaN,NaN,NaN,NaN,NaN
1325856660,NaN,NaN,NaN,NaN,NaN,NaN,NaN
1325856720,NaN,NaN,NaN,NaN,NaN,NaN,NaN
1325856780,NaN,NaN,NaN,NaN,NaN,NaN,NaN
1325856840,NaN,NaN,NaN,NaN,NaN,NaN,NaN
1325856900,NaN,NaN,NaN,NaN,NaN,NaN,NaN
1325856960,NaN,NaN,NaN,NaN,NaN,NaN,NaN
1325857020,NaN,NaN,NaN,NaN,NaN,NaN,NaN
1325857080,NaN,NaN,NaN,NaN,NaN,NaN,NaN
1325857140,NaN,NaN,NaN,NaN,NaN,NaN,NaN
1325857200,NaN,NaN,NaN,NaN,NaN,NaN,NaN
1325857260,NaN,NaN,NaN,NaN,NaN,NaN,NaN
1325857320,NaN,NaN,NaN,NaN,NaN,NaN,NaN
1325857380,NaN,NaN,NaN,NaN,NaN,NaN,NaN
1325857440,NaN,NaN,NaN,NaN,NaN,NaN,NaN
1325857500,NaN,NaN,NaN,NaN,NaN,NaN,NaN
1325857560,NaN,NaN,NaN,NaN,NaN,NaN,NaN
1325857620,NaN,NaN,NaN,NaN,NaN,NaN,NaN
1325857680,NaN,NaN,NaN,NaN,NaN,NaN,NaN
1325857740,NaN,NaN,NaN,NaN,NaN,NaN,NaN
1325857800,NaN,NaN,NaN,NaN,NaN,NaN,NaN
1325857860,NaN,NaN,NaN,NaN,NaN,NaN,NaN
1325857920,NaN,NaN,NaN,NaN,NaN,NaN,NaN
1325857980,NaN,NaN,NaN,NaN,NaN,NaN,NaN
1325858040,NaN,NaN,NaN,NaN,NaN,NaN,NaN
1325858100,NaN,NaN,NaN,NaN,NaN,NaN,NaN
1325858160,NaN,NaN,NaN,NaN,NaN,NaN,NaN
1325858220,NaN,NaN,NaN,NaN,NaN,NaN,NaN
1325858280,NaN,NaN,NaN,NaN,NaN,NaN,NaN
1325858340,NaN,NaN,NaN,NaN,NaN,NaN,NaN
1325858400,NaN,NaN,NaN,NaN,NaN,NaN,NaN
1325858460,NaN,NaN,NaN,NaN,NaN,NaN,NaN
1325858520,NaN,NaN,NaN,NaN,NaN,NaN,NaN
1325858580,NaN,NaN,NaN,NaN,NaN,NaN,NaN
1325858640,NaN,NaN,NaN,NaN,NaN,NaN,NaN
1325858700,NaN,NaN,NaN,NaN,NaN,NaN,NaN
1325858760,NaN,NaN,NaN,NaN,NaN,NaN,NaN
1325858820,NaN,NaN,NaN,NaN,NaN,NaN,NaN
1325858880,NaN,NaN,NaN,NaN,NaN,NaN,NaN
1325858940,NaN,NaN,NaN,NaN,NaN,NaN,NaN
1325859000,NaN,NaN,NaN,NaN,NaN,NaN,NaN
1325859060,NaN,NaN,NaN,NaN,NaN,NaN,NaN
1325859120,NaN,NaN,NaN,NaN,NaN,NaN,NaN
1325859180,NaN,NaN,NaN,NaN,NaN,NaN,NaN
1325859240,NaN,NaN,NaN,NaN,NaN,NaN,NaN
1325859300,NaN,NaN,NaN,NaN,NaN,NaN,NaN
1325859360,NaN,NaN,NaN,NaN,NaN,NaN,NaN
1325859420,NaN,NaN,NaN,NaN,NaN,NaN,NaN
1325859480,NaN,NaN,NaN,NaN,NaN,NaN,NaN
1325859540,NaN,NaN,NaN,NaN,NaN,NaN,NaN
1325859600,NaN,NaN,NaN,NaN,NaN,NaN,NaN
1325859660,NaN,NaN,NaN,NaN,NaN,NaN,NaN
1325859720,NaN,NaN,NaN,NaN,NaN,NaN,NaN
1325859780,NaN,NaN,NaN,NaN,NaN,NaN,NaN
1325859840,NaN,NaN,NaN,NaN,NaN,NaN,NaN
1325859900,NaN,NaN,NaN,NaN,NaN,NaN,NaN
1325859960,NaN,NaN,NaN,NaN,NaN,NaN,NaN
1325860020,NaN,NaN,NaN,NaN,NaN,NaN,NaN
1325860080,NaN,NaN,NaN,NaN,NaN,NaN,NaN
1325860140,NaN,NaN,NaN,NaN,NaN,NaN,NaN
1325860200,NaN,NaN,NaN,NaN,NaN,NaN,NaN
1325860260,NaN,NaN,NaN,NaN,NaN,NaN,NaN
1325860320,NaN,NaN,NaN,NaN,NaN,NaN,NaN
1325860380,NaN,NaN,NaN,NaN,NaN,NaN,NaN
1325860440,NaN,NaN,NaN,NaN,NaN,NaN,NaN
1325860500,NaN,NaN,NaN,NaN,NaN,NaN,NaN
1325860560,NaN,NaN,NaN,NaN,NaN,NaN,NaN
1325860620,NaN,NaN,NaN,NaN,NaN,NaN,NaN
1325860680,NaN,NaN,NaN,NaN,NaN,NaN,NaN
1325860740,NaN,NaN,NaN,NaN,NaN,NaN,NaN
1325860800,NaN,NaN,NaN,NaN,NaN,NaN,NaN
1325860860,NaN,NaN,NaN,NaN,NaN,NaN,NaN
1325860920,NaN,NaN,NaN,NaN,NaN,NaN,NaN
1325860980,NaN,NaN,NaN,NaN,NaN,NaN,NaN
1325861040,NaN,NaN,NaN,NaN,NaN,NaN,NaN
1325861100,NaN,NaN,NaN,NaN,NaN,NaN,NaN
1325861160,NaN,NaN,NaN,NaN,NaN,NaN,NaN
1325861220,NaN,NaN,NaN,NaN,NaN,NaN,NaN
1325861280,NaN,NaN,NaN,NaN,NaN,NaN,NaN
1325861340,NaN,NaN,NaN,NaN,NaN,NaN,NaN
1325861400,NaN,NaN,NaN,NaN,NaN,NaN,NaN
1325861460,NaN,NaN,NaN,NaN,NaN,NaN,NaN
1325861520,NaN,NaN,NaN,NaN,NaN,NaN,NaN
1325861580,NaN,NaN,NaN,NaN,NaN,NaN,NaN
1325861640,NaN,NaN,NaN,NaN,NaN,NaN,NaN
1325861700,NaN,NaN,NaN,NaN,NaN,NaN,NaN
1325861760,NaN,NaN,NaN,NaN,NaN,NaN,NaN
1325861820,NaN,NaN,NaN,NaN,NaN,NaN,NaN
1325861880,NaN,NaN,NaN,NaN,NaN,NaN,NaN
1325861940,NaN,NaN,NaN,NaN,NaN,NaN,NaN
1325862000,NaN,NaN,NaN,NaN,NaN,NaN,NaN
1325862060,NaN,NaN,NaN,NaN,NaN,NaN,NaN
1325862120,NaN,NaN,NaN,NaN,NaN,NaN,NaN
1325862180,NaN,NaN,NaN,NaN,NaN,NaN,NaN
1325862240,NaN,NaN,NaN,NaN,NaN,NaN,NaN
1325862300,NaN,NaN,NaN,NaN,NaN,NaN,NaN
1325862360,NaN,NaN,NaN,NaN,NaN,NaN,NaN
1325862420,NaN,NaN,NaN,NaN,NaN,NaN,NaN
1325862480,NaN,NaN,NaN,NaN,NaN,NaN,NaN
1325862540,NaN,NaN,NaN,NaN,NaN,NaN,NaN
1325862600,NaN,NaN,NaN,NaN,NaN,NaN,NaN
1325862660,NaN,NaN,NaN,NaN,NaN,NaN,NaN
1325862720,NaN,NaN,NaN,NaN,NaN,NaN,NaN
1325862780,NaN,NaN,NaN,NaN,NaN,NaN,NaN
1325862840,NaN,NaN,NaN,NaN,NaN,NaN,NaN
1325862900,NaN,NaN,NaN,NaN,NaN,NaN,NaN
1325862960,NaN,NaN,NaN,NaN,NaN,NaN,NaN
1325863020,NaN,NaN,NaN,NaN,NaN,NaN,NaN
1325863080,NaN,NaN,NaN,NaN,NaN,NaN,NaN
1325863140,NaN,NaN,NaN,NaN,NaN,NaN,NaN
1325863200,NaN,NaN,NaN,NaN,NaN,NaN,NaN
1325863260,6.76,6.76,6.76,6.76,0.29585799,2.0000000124,6.76
1325863320,NaN,NaN,NaN,NaN,NaN,NaN,NaN
1325863380,NaN,NaN,NaN,NaN,NaN,NaN,NaN
1325863440,NaN,NaN,NaN,NaN,NaN,NaN,NaN
1325863500,NaN,NaN,NaN,NaN,NaN,NaN,NaN
1325863560,NaN,NaN,NaN,NaN,NaN,NaN,NaN
1325863620,NaN,NaN,NaN,NaN,NaN,NaN,NaN
1325863680,NaN,NaN,NaN,NaN,NaN,NaN,NaN
1325863740,NaN,NaN,NaN,NaN,NaN,NaN,NaN
1325863800,NaN,NaN,NaN,NaN,NaN,NaN,NaN
1325863860,NaN,NaN,NaN,NaN,NaN,NaN,NaN
1325863920,NaN,NaN,NaN,NaN,NaN,NaN,NaN
1325863980,NaN,NaN,NaN,NaN,NaN,NaN,NaN
1325864040,NaN,NaN,NaN,NaN,NaN,NaN,NaN
1325864100,NaN,NaN,NaN,NaN,NaN,NaN,NaN
1325864160,6.5,6.5,6.5,6.5,0.5,3.25,6.5
1325864220,6.49,6.49,6.49,6.49,1.54083205,10.000000005,6.49
1325864280,NaN,NaN,NaN,NaN,NaN,NaN,NaN
1325864340,NaN,NaN,NaN,NaN,NaN,NaN,NaN
1325864400,NaN,NaN,NaN,NaN,NaN,NaN,NaN
1325864460,NaN,NaN,NaN,NaN,NaN,NaN,NaN
1325864520,NaN,NaN,NaN,NaN,NaN,NaN,NaN
1325864580,NaN,NaN,NaN,NaN,NaN,NaN,NaN
1325864640,NaN,NaN,NaN,NaN,NaN,NaN,NaN
1325864700,NaN,NaN,NaN,NaN,NaN,NaN,NaN
1325864760,NaN,NaN,NaN,NaN,NaN,NaN,NaN
1325864820,NaN,NaN,NaN,NaN,NaN,NaN,NaN
1325864880,NaN,NaN,NaN,NaN,NaN,NaN,NaN
1325864940,NaN,NaN,NaN,NaN,NaN,NaN,NaN
1325865000,NaN,NaN,NaN,NaN,NaN,NaN,NaN
1325865060,NaN,NaN,NaN,NaN,NaN,NaN,NaN
1325865120,NaN,NaN,NaN,NaN,NaN,NaN,NaN
1325865180,NaN,NaN,NaN,NaN,NaN,NaN,NaN
1325865240,NaN,NaN,NaN,NaN,NaN,NaN,NaN
1325865300,NaN,NaN,NaN,NaN,NaN,NaN,NaN
1325865360,NaN,NaN,NaN,NaN,NaN,NaN,NaN
1325865420,NaN,NaN,NaN,NaN,NaN,NaN,NaN
1325865480,NaN,NaN,NaN,NaN,NaN,NaN,NaN
1325865540,NaN,NaN,NaN,NaN,NaN,NaN,NaN
1325865600,NaN,NaN,NaN,NaN,NaN,NaN,NaN
1325865660,NaN,NaN,NaN,NaN,NaN,NaN,NaN
1325865720,NaN,NaN,NaN,NaN,NaN,NaN,NaN
1325865780,NaN,NaN,NaN,NaN,NaN,NaN,NaN
1325865840,NaN,NaN,NaN,NaN,NaN,NaN,NaN
1325865900,NaN,NaN,NaN,NaN,NaN,NaN,NaN
1325865960,NaN,NaN,NaN,NaN,NaN,NaN,NaN
1325866020,NaN,NaN,NaN,NaN,NaN,NaN,NaN
1325866080,NaN,NaN,NaN,NaN,NaN,NaN,NaN
1325866140,NaN,NaN,NaN,NaN,NaN,NaN,NaN
1325866200,NaN,NaN,NaN,NaN,NaN,NaN,NaN
1325866260,NaN,NaN,NaN,NaN,NaN,NaN,NaN
1325866320,NaN,NaN,NaN,NaN,NaN,NaN,NaN
1325866380,NaN,NaN,NaN,NaN,NaN,NaN,NaN
1325866440,NaN,NaN,NaN,NaN,NaN,NaN,NaN
1325866500,NaN,NaN,NaN,NaN,NaN,NaN,NaN
1325866560,NaN,NaN,NaN,NaN,NaN,NaN,NaN
1325866620,NaN,NaN,NaN,NaN,NaN,NaN,NaN
1325866680,NaN,NaN,NaN,NaN,NaN,NaN,NaN
1325866740,NaN,NaN,NaN,NaN,NaN,NaN,NaN
1325866800,NaN,NaN,NaN,NaN,NaN,NaN,NaN
1325866860,NaN,NaN,NaN,NaN,NaN,NaN,NaN
1325866920,NaN,NaN,NaN,NaN,NaN,NaN,NaN
1325866980,NaN,NaN,NaN,NaN,NaN,NaN,NaN
1325867040,NaN,NaN,NaN,NaN,NaN,NaN,NaN
1325867100,NaN,NaN,NaN,NaN,NaN,NaN,NaN
1325867160,NaN,NaN,NaN,NaN,NaN,NaN,NaN
1325867220,NaN,NaN,NaN,NaN,NaN,NaN,NaN
1325867280,NaN,NaN,NaN,NaN,NaN,NaN,NaN
1325867340,NaN,NaN,NaN,NaN,NaN,NaN,NaN
1325867400,NaN,NaN,NaN,NaN,NaN,NaN,NaN
1325867460,NaN,NaN,NaN,NaN,NaN,NaN,NaN
1325867520,NaN,NaN,NaN,NaN,NaN,NaN,NaN
1325867580,NaN,NaN,NaN,NaN,NaN,NaN,NaN
1325867640,NaN,NaN,NaN,NaN,NaN,NaN,NaN
1325867700,NaN,NaN,NaN,NaN,NaN,NaN,NaN
1325867760,NaN,NaN,NaN,NaN,NaN,NaN,NaN
1325867820,6.4,6.4,6.4,6.4,0.5,3.2,6.4
1325867880,NaN,NaN,NaN,NaN,NaN,NaN,NaN
1325867940,NaN,NaN,NaN,NaN,NaN,NaN,NaN
1325868000,NaN,NaN,NaN,NaN,NaN,NaN,NaN
1325868060,NaN,NaN,NaN,NaN,NaN,NaN,NaN
1325868120,NaN,NaN,NaN,NaN,NaN,NaN,NaN
1325868180,NaN,NaN,NaN,NaN,NaN,NaN,NaN
1325868240,NaN,NaN,NaN,NaN,NaN,NaN,NaN
1325868300,NaN,NaN,NaN,NaN,NaN,NaN,NaN
1325868360,NaN,NaN,NaN,NaN,NaN,NaN,NaN
1325868420,NaN,NaN,NaN,NaN,NaN,NaN,NaN
1325868480,NaN,NaN,NaN,NaN,NaN,NaN,NaN
1325868540,NaN,NaN,NaN,NaN,NaN,NaN,NaN
1325868600,NaN,NaN,NaN,NaN,NaN,NaN,NaN
1325868660,NaN,NaN,NaN,NaN,NaN,NaN,NaN
1325868720,NaN,NaN,NaN,NaN,NaN,NaN,NaN
1325868780,NaN,NaN,NaN,NaN,NaN,NaN,NaN
1325868840,NaN,NaN,NaN,NaN,NaN,NaN,NaN
1325868900,NaN,NaN,NaN,NaN,NaN,NaN,NaN
1325868960,NaN,NaN,NaN,NaN,NaN,NaN,NaN
1325869020,NaN,NaN,NaN,NaN,NaN,NaN,NaN
1325869080,NaN,NaN,NaN,NaN,NaN,NaN,NaN
1325869140,NaN,NaN,NaN,NaN,NaN,NaN,NaN
1325869200,NaN,NaN,NaN,NaN,NaN,NaN,NaN
1325869260,NaN,NaN,NaN,NaN,NaN,NaN,NaN
1325869320,NaN,NaN,NaN,NaN,NaN,NaN,NaN
1325869380,NaN,NaN,NaN,NaN,NaN,NaN,NaN
1325869440,NaN,NaN,NaN,NaN,NaN,NaN,NaN
1325869500,NaN,NaN,NaN,NaN,NaN,NaN,NaN
1325869560,NaN,NaN,NaN,NaN,NaN,NaN,NaN
1325869620,NaN,NaN,NaN,NaN,NaN,NaN,NaN
1325869680,NaN,NaN,NaN,NaN,NaN,NaN,NaN
1325869740,NaN,NaN,NaN,NaN,NaN,NaN,NaN
1325869800,NaN,NaN,NaN,NaN,NaN,NaN,NaN
1325869860,NaN,NaN,NaN,NaN,NaN,NaN,NaN
1325869920,NaN,NaN,NaN,NaN,NaN,NaN,NaN
1325869980,NaN,NaN,NaN,NaN,NaN,NaN,NaN
1325870040,NaN,NaN,NaN,NaN,NaN,NaN,NaN
1325870100,NaN,NaN,NaN,NaN,NaN,NaN,NaN
1325870160,NaN,NaN,NaN,NaN,NaN,NaN,NaN
1325870220,NaN,NaN,NaN,NaN,NaN,NaN,NaN
1325870280,NaN,NaN,NaN,NaN,NaN,NaN,NaN
1325870340,NaN,NaN,NaN,NaN,NaN,NaN,NaN
1325870400,NaN,NaN,NaN,NaN,NaN,NaN,NaN
1325870460,NaN,NaN,NaN,NaN,NaN,NaN,NaN
1325870520,NaN,NaN,NaN,NaN,NaN,NaN,NaN
1325870580,NaN,NaN,NaN,NaN,NaN,NaN,NaN
1325870640,NaN,NaN,NaN,NaN,NaN,NaN,NaN
1325870700,NaN,NaN,NaN,NaN,NaN,NaN,NaN
1325870760,NaN,NaN,NaN,NaN,NaN,NaN,NaN
1325870820,NaN,NaN,NaN,NaN,NaN,NaN,NaN
1325870880,NaN,NaN,NaN,NaN,NaN,NaN,NaN
1325870940,NaN,NaN,NaN,NaN,NaN,NaN,NaN
1325871000,NaN,NaN,NaN,NaN,NaN,NaN,NaN
1325871060,NaN,NaN,NaN,NaN,NaN,NaN,NaN
1325871120,NaN,NaN,NaN,NaN,NaN,NaN,NaN
1325871180,NaN,NaN,NaN,NaN,NaN,NaN,NaN
1325871240,NaN,NaN,NaN,NaN,NaN,NaN,NaN
1325871300,NaN,NaN,NaN,NaN,NaN,NaN,NaN
1325871360,NaN,NaN,NaN,NaN,NaN,NaN,NaN
1325871420,NaN,NaN,NaN,NaN,NaN,NaN,NaN
1325871480,NaN,NaN,NaN,NaN,NaN,NaN,NaN
1325871540,NaN,NaN,NaN,NaN,NaN,NaN,NaN
1325871600,NaN,NaN,NaN,NaN,NaN,NaN,NaN
1325871660,NaN,NaN,NaN,NaN,NaN,NaN,NaN
1325871720,NaN,NaN,NaN,NaN,NaN,NaN,NaN
1325871780,NaN,NaN,NaN,NaN,NaN,NaN,NaN
1325871840,NaN,NaN,NaN,NaN,NaN,NaN,NaN
1325871900,NaN,NaN,NaN,NaN,NaN,NaN,NaN
1325871960,NaN,NaN,NaN,NaN,NaN,NaN,NaN
1325872020,NaN,NaN,NaN,NaN,NaN,NaN,NaN
1325872080,NaN,NaN,NaN,NaN,NaN,NaN,NaN
1325872140,NaN,NaN,NaN,NaN,NaN,NaN,NaN
1325872200,NaN,NaN,NaN,NaN,NaN,NaN,NaN
1325872260,NaN,NaN,NaN,NaN,NaN,NaN,NaN
1325872320,NaN,NaN,NaN,NaN,NaN,NaN,NaN
1325872380,NaN,NaN,NaN,NaN,NaN,NaN,NaN
1325872440,NaN,NaN,NaN,NaN,NaN,NaN,NaN
1325872500,NaN,NaN,NaN,NaN,NaN,NaN,NaN
1325872560,NaN,NaN,NaN,NaN,NaN,NaN,NaN
1325872620,NaN,NaN,NaN,NaN,NaN,NaN,NaN
1325872680,NaN,NaN,NaN,NaN,NaN,NaN,NaN
1325872740,6.4,6.4,6.4,6.4,1.55038759,9.922480576,6.4
1325872800,6.4,6.4,6.4,6.4,0.83875968,5.368061952,6.4
1325872860,NaN,NaN,NaN,NaN,NaN,NaN,NaN
1325872920,NaN,NaN,NaN,NaN,NaN,NaN,NaN
1325872980,NaN,NaN,NaN,NaN,NaN,NaN,NaN
1325873040,NaN,NaN,NaN,NaN,NaN,NaN,NaN
1325873100,NaN,NaN,NaN,NaN,NaN,NaN,NaN
1325873160,NaN,NaN,NaN,NaN,NaN,NaN,NaN
1325873220,NaN,NaN,NaN,NaN,NaN,NaN,NaN
1325873280,NaN,NaN,NaN,NaN,NaN,NaN,NaN
1325873340,NaN,NaN,NaN,NaN,NaN,NaN,NaN
1325873400,NaN,NaN,NaN,NaN,NaN,NaN,NaN
1325873460,NaN,NaN,NaN,NaN,NaN,NaN,NaN
1325873520,NaN,NaN,NaN,NaN,NaN,NaN,NaN
1325873580,NaN,NaN,NaN,NaN,NaN,NaN,NaN
1325873640,NaN,NaN,NaN,NaN,NaN,NaN,NaN
1325873700,NaN,NaN,NaN,NaN,NaN,NaN,NaN
1325873760,NaN,NaN,NaN,NaN,NaN,NaN,NaN
1325873820,NaN,NaN,NaN,NaN,NaN,NaN,NaN
1325873880,NaN,NaN,NaN,NaN,NaN,NaN,NaN
1325873940,NaN,NaN,NaN,NaN,NaN,NaN,NaN
1325874000,NaN,NaN,NaN,NaN,NaN,NaN,NaN
1325874060,NaN,NaN,NaN,NaN,NaN,NaN,NaN
1325874120,NaN,NaN,NaN,NaN,NaN,NaN,NaN
1325874180,NaN,NaN,NaN,NaN,NaN,NaN,NaN
1325874240,NaN,NaN,NaN,NaN,NaN,NaN,NaN
1325874300,NaN,NaN,NaN,NaN,NaN,NaN,NaN
1325874360,NaN,NaN,NaN,NaN,NaN,NaN,NaN
1325874420,NaN,NaN,NaN,NaN,NaN,NaN,NaN
1325874480,NaN,NaN,NaN,NaN,NaN,NaN,NaN
1325874540,NaN,NaN,NaN,NaN,NaN,NaN,NaN
1325874600,NaN,NaN,NaN,NaN,NaN,NaN,NaN
1325874660,NaN,NaN,NaN,NaN,NaN,NaN,NaN
1325874720,NaN,NaN,NaN,NaN,NaN,NaN,NaN
1325874780,NaN,NaN,NaN,NaN,NaN,NaN,NaN
1325874840,NaN,NaN,NaN,NaN,NaN,NaN,NaN
1325874900,NaN,NaN,NaN,NaN,NaN,NaN,NaN
1325874960,NaN,NaN,NaN,NaN,NaN,NaN,NaN
1325875020,NaN,NaN,NaN,NaN,NaN,NaN,NaN
1325875080,NaN,NaN,NaN,NaN,NaN,NaN,NaN
1325875140,NaN,NaN,NaN,NaN,NaN,NaN,NaN
1325875200,NaN,NaN,NaN,NaN,NaN,NaN,NaN
1325875260,NaN,NaN,NaN,NaN,NaN,NaN,NaN
1325875320,6.4,6.4,6.4,6.4,9.11085273,58.309457472,6.4
1325875380,NaN,NaN,NaN,NaN,NaN,NaN,NaN
1325875440,NaN,NaN,NaN,NaN,NaN,NaN,NaN
1325875500,NaN,NaN,NaN,NaN,NaN,NaN,NaN
1325875560,NaN,NaN,NaN,NaN,NaN,NaN,NaN
1325875620,NaN,NaN,NaN,NaN,NaN,NaN,NaN
1325875680,NaN,NaN,NaN,NaN,NaN,NaN,NaN
1325875740,NaN,NaN,NaN,NaN,NaN,NaN,NaN
1325875800,NaN,NaN,NaN,NaN,NaN,NaN,NaN
1325875860,NaN,NaN,NaN,NaN,NaN,NaN,NaN
1325875920,NaN,NaN,NaN,NaN,NaN,NaN,NaN
1325875980,NaN,NaN,NaN,NaN,NaN,NaN,NaN
1325876040,NaN,NaN,NaN,NaN,NaN,NaN,NaN
1325876100,NaN,NaN,NaN,NaN,NaN,NaN,NaN
1325876160,NaN,NaN,NaN,NaN,NaN,NaN,NaN
1325876220,NaN,NaN,NaN,NaN,NaN,NaN,NaN
1325876280,NaN,NaN,NaN,NaN,NaN,NaN,NaN
1325876340,NaN,NaN,NaN,NaN,NaN,NaN,NaN
1325876400,NaN,NaN,NaN,NaN,NaN,NaN,NaN
1325876460,NaN,NaN,NaN,NaN,NaN,NaN,NaN
1325876520,NaN,NaN,NaN,NaN,NaN,NaN,NaN
1325876580,NaN,NaN,NaN,NaN,NaN,NaN,NaN
1325876640,NaN,NaN,NaN,NaN,NaN,NaN,NaN
1325876700,NaN,NaN,NaN,NaN,NaN,NaN,NaN
1325876760,NaN,NaN,NaN,NaN,NaN,NaN,NaN
1325876820,NaN,NaN,NaN,NaN,NaN,NaN,NaN
1325876880,NaN,NaN,NaN,NaN,NaN,NaN,NaN
1325876940,NaN,NaN,NaN,NaN,NaN,NaN,NaN
1325877000,NaN,NaN,NaN,NaN,NaN,NaN,NaN
1325877060,NaN,NaN,NaN,NaN,NaN,NaN,NaN
1325877120,NaN,NaN,NaN,NaN,NaN,NaN,NaN
1325877180,NaN,NaN,NaN,NaN,NaN,NaN,NaN
1325877240,NaN,NaN,NaN,NaN,NaN,NaN,NaN
1325877300,NaN,NaN,NaN,NaN,NaN,NaN,NaN
1325877360,NaN,NaN,NaN,NaN,NaN,NaN,NaN
1325877420,NaN,NaN,NaN,NaN,NaN,NaN,NaN
1325877480,NaN,NaN,NaN,NaN,NaN,NaN,NaN
1325877540,NaN,NaN,NaN,NaN,NaN,NaN,NaN
1325877600,NaN,NaN,NaN,NaN,NaN,NaN,NaN
1325877660,NaN,NaN,NaN,NaN,NaN,NaN,NaN
1325877720,NaN,NaN,NaN,NaN,NaN,NaN,NaN
1325877780,NaN,NaN,NaN,NaN,NaN,NaN,NaN
1325877840,NaN,NaN,NaN,NaN,NaN,NaN,NaN
1325877900,NaN,NaN,NaN,NaN,NaN,NaN,NaN
1325877960,NaN,NaN,NaN,NaN,NaN,NaN,NaN
1325878020,NaN,NaN,NaN,NaN,NaN,NaN,NaN
1325878080,NaN,NaN,NaN,NaN,NaN,NaN,NaN
1325878140,NaN,NaN,NaN,NaN,NaN,NaN,NaN
1325878200,NaN,NaN,NaN,NaN,NaN,NaN,NaN
1325878260,NaN,NaN,NaN,NaN,NaN,NaN,NaN
1325878320,NaN,NaN,NaN,NaN,NaN,NaN,NaN
1325878380,NaN,NaN,NaN,NaN,NaN,NaN,NaN
1325878440,NaN,NaN,NaN,NaN,NaN,NaN,NaN
1325878500,NaN,NaN,NaN,NaN,NaN,NaN,NaN
1325878560,NaN,NaN,NaN,NaN,NaN,NaN,NaN
1325878620,NaN,NaN,NaN,NaN,NaN,NaN,NaN
1325878680,NaN,NaN,NaN,NaN,NaN,NaN,NaN
1325878740,NaN,NaN,NaN,NaN,NaN,NaN,NaN
1325878800,NaN,NaN,NaN,NaN,NaN,NaN,NaN
1325878860,NaN,NaN,NaN,NaN,NaN,NaN,NaN
1325878920,NaN,NaN,NaN,NaN,NaN,NaN,NaN
1325878980,NaN,NaN,NaN,NaN,NaN,NaN,NaN
1325879040,NaN,NaN,NaN,NaN,NaN,NaN,NaN
1325879100,NaN,NaN,NaN,NaN,NaN,NaN,NaN
1325879160,NaN,NaN,NaN,NaN,NaN,NaN,NaN
1325879220,NaN,NaN,NaN,NaN,NaN,NaN,NaN
1325879280,NaN,NaN,NaN,NaN,NaN,NaN,NaN
1325879340,NaN,NaN,NaN,NaN,NaN,NaN,NaN
1325879400,NaN,NaN,NaN,NaN,NaN,NaN,NaN
1325879460,NaN,NaN,NaN,NaN,NaN,NaN,NaN
1325879520,NaN,NaN,NaN,NaN,NaN,NaN,NaN
1325879580,NaN,NaN,NaN,NaN,NaN,NaN,NaN
1325879640,NaN,NaN,NaN,NaN,NaN,NaN,NaN
1325879700,NaN,NaN,NaN,NaN,NaN,NaN,NaN
1325879760,NaN,NaN,NaN,NaN,NaN,NaN,NaN
1325879820,NaN,NaN,NaN,NaN,NaN,NaN,NaN
1325879880,NaN,NaN,NaN,NaN,NaN,NaN,NaN
1325879940,NaN,NaN,NaN,NaN,NaN,NaN,NaN
1325880000,NaN,NaN,NaN,NaN,NaN,NaN,NaN
1325880060,NaN,NaN,NaN,NaN,NaN,NaN,NaN
1325880120,NaN,NaN,NaN,NaN,NaN,NaN,NaN
1325880180,NaN,NaN,NaN,NaN,NaN,NaN,NaN
1325880240,NaN,NaN,NaN,NaN,NaN,NaN,NaN
1325880300,NaN,NaN,NaN,NaN,NaN,NaN,NaN
1325880360,NaN,NaN,NaN,NaN,NaN,NaN,NaN
1325880420,NaN,NaN,NaN,NaN,NaN,NaN,NaN
1325880480,NaN,NaN,NaN,NaN,NaN,NaN,NaN
1325880540,NaN,NaN,NaN,NaN,NaN,NaN,NaN
1325880600,NaN,NaN,NaN,NaN,NaN,NaN,NaN
1325880660,NaN,NaN,NaN,NaN,NaN,NaN,NaN
1325880720,NaN,NaN,NaN,NaN,NaN,NaN,NaN
1325880780,NaN,NaN,NaN,NaN,NaN,NaN,NaN
1325880840,NaN,NaN,NaN,NaN,NaN,NaN,NaN
1325880900,NaN,NaN,NaN,NaN,NaN,NaN,NaN
1325880960,NaN,NaN,NaN,NaN,NaN,NaN,NaN
1325881020,NaN,NaN,NaN,NaN,NaN,NaN,NaN
1325881080,6.3,6.3,6.3,6.3,0.5,3.15,6.3
1325881140,6.2,6.2,6.2,6.2,0.5,3.1,6.2
1325881200,NaN,NaN,NaN,NaN,NaN,NaN,NaN
1325881260,6.1,6.1,6.1,6.1,0.5,3.05,6.1
1325881320,6,6,6,6,1,6,6
1325881380,NaN,NaN,NaN,NaN,NaN,NaN,NaN
1325881440,NaN,NaN,NaN,NaN,NaN,NaN,NaN
1325881500,NaN,NaN,NaN,NaN,NaN,NaN,NaN
1325881560,NaN,NaN,NaN,NaN,NaN,NaN,NaN
1325881620,NaN,NaN,NaN,NaN,NaN,NaN,NaN
1325881680,NaN,NaN,NaN,NaN,NaN,NaN,NaN
1325881740,NaN,NaN,NaN,NaN,NaN,NaN,NaN
1325881800,NaN,NaN,NaN,NaN,NaN,NaN,NaN
1325881860,NaN,NaN,NaN,NaN,NaN,NaN,NaN
1325881920,NaN,NaN,NaN,NaN,NaN,NaN,NaN
1325881980,NaN,NaN,NaN,NaN,NaN,NaN,NaN
1325882040,NaN,NaN,NaN,NaN,NaN,NaN,NaN
1325882100,NaN,NaN,NaN,NaN,NaN,NaN,NaN
1325882160,NaN,NaN,NaN,NaN,NaN,NaN,NaN
1325882220,NaN,NaN,NaN,NaN,NaN,NaN,NaN
1325882280,NaN,NaN,NaN,NaN,NaN,NaN,NaN
1325882340,NaN,NaN,NaN,NaN,NaN,NaN,NaN
1325882400,NaN,NaN,NaN,NaN,NaN,NaN,NaN
1325882460,NaN,NaN,NaN,NaN,NaN,NaN,NaN
1325882520,NaN,NaN,NaN,NaN,NaN,NaN,NaN
1325882580,NaN,NaN,NaN,NaN,NaN,NaN,NaN
1325882640,NaN,NaN,NaN,NaN,NaN,NaN,NaN
1325882700,NaN,NaN,NaN,NaN,NaN,NaN,NaN
1325882760,NaN,NaN,NaN,NaN,NaN,NaN,NaN
1325882820,NaN,NaN,NaN,NaN,NaN,NaN,NaN
1325882880,NaN,NaN,NaN,NaN,NaN,NaN,NaN
1325882940,NaN,NaN,NaN,NaN,NaN,NaN,NaN
1325883000,NaN,NaN,NaN,NaN,NaN,NaN,NaN
1325883060,NaN,NaN,NaN,NaN,NaN,NaN,NaN
1325883120,NaN,NaN,NaN,NaN,NaN,NaN,NaN
1325883180,NaN,NaN,NaN,NaN,NaN,NaN,NaN
1325883240,NaN,NaN,NaN,NaN,NaN,NaN,NaN
1325883300,NaN,NaN,NaN,NaN,NaN,NaN,NaN
1325883360,NaN,NaN,NaN,NaN,NaN,NaN,NaN
1325883420,NaN,NaN,NaN,NaN,NaN,NaN,NaN
1325883480,NaN,NaN,NaN,NaN,NaN,NaN,NaN
1325883540,NaN,NaN,NaN,NaN,NaN,NaN,NaN
1325883600,NaN,NaN,NaN,NaN,NaN,NaN,NaN
1325883660,NaN,NaN,NaN,NaN,NaN,NaN,NaN
1325883720,NaN,NaN,NaN,NaN,NaN,NaN,NaN
1325883780,NaN,NaN,NaN,NaN,NaN,NaN,NaN
1325883840,NaN,NaN,NaN,NaN,NaN,NaN,NaN
1325883900,NaN,NaN,NaN,NaN,NaN,NaN,NaN
1325883960,NaN,NaN,NaN,NaN,NaN,NaN,NaN
1325884020,NaN,NaN,NaN,NaN,NaN,NaN,NaN
1325884080,NaN,NaN,NaN,NaN,NaN,NaN,NaN
1325884140,NaN,NaN,NaN,NaN,NaN,NaN,NaN
1325884200,NaN,NaN,NaN,NaN,NaN,NaN,NaN
1325884260,NaN,NaN,NaN,NaN,NaN,NaN,NaN
1325884320,NaN,NaN,NaN,NaN,NaN,NaN,NaN
1325884380,NaN,NaN,NaN,NaN,NaN,NaN,NaN
1325884440,NaN,NaN,NaN,NaN,NaN,NaN,NaN
1325884500,NaN,NaN,NaN,NaN,NaN,NaN,NaN
1325884560,NaN,NaN,NaN,NaN,NaN,NaN,NaN
1325884620,NaN,NaN,NaN,NaN,NaN,NaN,NaN
1325884680,NaN,NaN,NaN,NaN,NaN,NaN,NaN
1325884740,NaN,NaN,NaN,NaN,NaN,NaN,NaN
1325884800,NaN,NaN,NaN,NaN,NaN,NaN,NaN
1325884860,NaN,NaN,NaN,NaN,NaN,NaN,NaN
1325884920,NaN,NaN,NaN,NaN,NaN,NaN,NaN
1325884980,NaN,NaN,NaN,NaN,NaN,NaN,NaN
1325885040,NaN,NaN,NaN,NaN,NaN,NaN,NaN
1325885100,NaN,NaN,NaN,NaN,NaN,NaN,NaN
1325885160,NaN,NaN,NaN,NaN,NaN,NaN,NaN
1325885220,NaN,NaN,NaN,NaN,NaN,NaN,NaN
1325885280,NaN,NaN,NaN,NaN,NaN,NaN,NaN
1325885340,NaN,NaN,NaN,NaN,NaN,NaN,NaN
1325885400,NaN,NaN,NaN,NaN,NaN,NaN,NaN
1325885460,NaN,NaN,NaN,NaN,NaN,NaN,NaN
1325885520,NaN,NaN,NaN,NaN,NaN,NaN,NaN
1325885580,NaN,NaN,NaN,NaN,NaN,NaN,NaN
1325885640,NaN,NaN,NaN,NaN,NaN,NaN,NaN
1325885700,NaN,NaN,NaN,NaN,NaN,NaN,NaN
1325885760,NaN,NaN,NaN,NaN,NaN,NaN,NaN
1325885820,NaN,NaN,NaN,NaN,NaN,NaN,NaN
1325885880,NaN,NaN,NaN,NaN,NaN,NaN,NaN
1325885940,NaN,NaN,NaN,NaN,NaN,NaN,NaN
1325886000,NaN,NaN,NaN,NaN,NaN,NaN,NaN
1325886060,NaN,NaN,NaN,NaN,NaN,NaN,NaN
1325886120,NaN,NaN,NaN,NaN,NaN,NaN,NaN
1325886180,NaN,NaN,NaN,NaN,NaN,NaN,NaN
1325886240,NaN,NaN,NaN,NaN,NaN,NaN,NaN
1325886300,NaN,NaN,NaN,NaN,NaN,NaN,NaN
1325886360,NaN,NaN,NaN,NaN,NaN,NaN,NaN
1325886420,NaN,NaN,NaN,NaN,NaN,NaN,NaN
1325886480,NaN,NaN,NaN,NaN,NaN,NaN,NaN
1325886540,NaN,NaN,NaN,NaN,NaN,NaN,NaN
1325886600,NaN,NaN,NaN,NaN,NaN,NaN,NaN
1325886660,NaN,NaN,NaN,NaN,NaN,NaN,NaN
1325886720,NaN,NaN,NaN,NaN,NaN,NaN,NaN
1325886780,NaN,NaN,NaN,NaN,NaN,NaN,NaN
1325886840,NaN,NaN,NaN,NaN,NaN,NaN,NaN
1325886900,NaN,NaN,NaN,NaN,NaN,NaN,NaN
1325886960,NaN,NaN,NaN,NaN,NaN,NaN,NaN
1325887020,NaN,NaN,NaN,NaN,NaN,NaN,NaN
1325887080,NaN,NaN,NaN,NaN,NaN,NaN,NaN
1325887140,NaN,NaN,NaN,NaN,NaN,NaN,NaN
1325887200,NaN,NaN,NaN,NaN,NaN,NaN,NaN
1325887260,NaN,NaN,NaN,NaN,NaN,NaN,NaN
1325887320,NaN,NaN,NaN,NaN,NaN,NaN,NaN
1325887380,NaN,NaN,NaN,NaN,NaN,NaN,NaN
1325887440,NaN,NaN,NaN,NaN,NaN,NaN,NaN
1325887500,NaN,NaN,NaN,NaN,NaN,NaN,NaN
1325887560,NaN,NaN,NaN,NaN,NaN,NaN,NaN
1325887620,NaN,NaN,NaN,NaN,NaN,NaN,NaN
1325887680,NaN,NaN,NaN,NaN,NaN,NaN,NaN
1325887740,NaN,NaN,NaN,NaN,NaN,NaN,NaN
1325887800,NaN,NaN,NaN,NaN,NaN,NaN,NaN
1325887860,NaN,NaN,NaN,NaN,NaN,NaN,NaN
1325887920,NaN,NaN,NaN,NaN,NaN,NaN,NaN
1325887980,NaN,NaN,NaN,NaN,NaN,NaN,NaN
1325888040,NaN,NaN,NaN,NaN,NaN,NaN,NaN
1325888100,NaN,NaN,NaN,NaN,NaN,NaN,NaN
1325888160,NaN,NaN,NaN,NaN,NaN,NaN,NaN
1325888220,NaN,NaN,NaN,NaN,NaN,NaN,NaN
1325888280,NaN,NaN,NaN,NaN,NaN,NaN,NaN
1325888340,NaN,NaN,NaN,NaN,NaN,NaN,NaN
1325888400,NaN,NaN,NaN,NaN,NaN,NaN,NaN
1325888460,NaN,NaN,NaN,NaN,NaN,NaN,NaN
1325888520,NaN,NaN,NaN,NaN,NaN,NaN,NaN
1325888580,NaN,NaN,NaN,NaN,NaN,NaN,NaN
1325888640,NaN,NaN,NaN,NaN,NaN,NaN,NaN
1325888700,NaN,NaN,NaN,NaN,NaN,NaN,NaN
1325888760,NaN,NaN,NaN,NaN,NaN,NaN,NaN
1325888820,NaN,NaN,NaN,NaN,NaN,NaN,NaN
1325888880,NaN,NaN,NaN,NaN,NaN,NaN,NaN
1325888940,NaN,NaN,NaN,NaN,NaN,NaN,NaN
1325889000,NaN,NaN,NaN,NaN,NaN,NaN,NaN
1325889060,NaN,NaN,NaN,NaN,NaN,NaN,NaN
1325889120,NaN,NaN,NaN,NaN,NaN,NaN,NaN
1325889180,NaN,NaN,NaN,NaN,NaN,NaN,NaN
1325889240,NaN,NaN,NaN,NaN,NaN,NaN,NaN
1325889300,NaN,NaN,NaN,NaN,NaN,NaN,NaN
1325889360,NaN,NaN,NaN,NaN,NaN,NaN,NaN
1325889420,NaN,NaN,NaN,NaN,NaN,NaN,NaN
1325889480,NaN,NaN,NaN,NaN,NaN,NaN,NaN
1325889540,NaN,NaN,NaN,NaN,NaN,NaN,NaN
1325889600,NaN,NaN,NaN,NaN,NaN,NaN,NaN
1325889660,NaN,NaN,NaN,NaN,NaN,NaN,NaN
1325889720,NaN,NaN,NaN,NaN,NaN,NaN,NaN
1325889780,NaN,NaN,NaN,NaN,NaN,NaN,NaN
1325889840,NaN,NaN,NaN,NaN,NaN,NaN,NaN
1325889900,NaN,NaN,NaN,NaN,NaN,NaN,NaN
1325889960,NaN,NaN,NaN,NaN,NaN,NaN,NaN
1325890020,NaN,NaN,NaN,NaN,NaN,NaN,NaN
1325890080,NaN,NaN,NaN,NaN,NaN,NaN,NaN
1325890140,NaN,NaN,NaN,NaN,NaN,NaN,NaN
1325890200,NaN,NaN,NaN,NaN,NaN,NaN,NaN
1325890260,NaN,NaN,NaN,NaN,NaN,NaN,NaN
1325890320,NaN,NaN,NaN,NaN,NaN,NaN,NaN
1325890380,NaN,NaN,NaN,NaN,NaN,NaN,NaN
1325890440,NaN,NaN,NaN,NaN,NaN,NaN,NaN
1325890500,NaN,NaN,NaN,NaN,NaN,NaN,NaN
1325890560,NaN,NaN,NaN,NaN,NaN,NaN,NaN
1325890620,NaN,NaN,NaN,NaN,NaN,NaN,NaN
1325890680,NaN,NaN,NaN,NaN,NaN,NaN,NaN
1325890740,NaN,NaN,NaN,NaN,NaN,NaN,NaN
1325890800,NaN,NaN,NaN,NaN,NaN,NaN,NaN
1325890860,NaN,NaN,NaN,NaN,NaN,NaN,NaN
1325890920,NaN,NaN,NaN,NaN,NaN,NaN,NaN
1325890980,NaN,NaN,NaN,NaN,NaN,NaN,NaN
1325891040,NaN,NaN,NaN,NaN,NaN,NaN,NaN
1325891100,NaN,NaN,NaN,NaN,NaN,NaN,NaN
1325891160,NaN,NaN,NaN,NaN,NaN,NaN,NaN
1325891220,NaN,NaN,NaN,NaN,NaN,NaN,NaN
1325891280,NaN,NaN,NaN,NaN,NaN,NaN,NaN
1325891340,NaN,NaN,NaN,NaN,NaN,NaN,NaN
1325891400,NaN,NaN,NaN,NaN,NaN,NaN,NaN
1325891460,NaN,NaN,NaN,NaN,NaN,NaN,NaN
1325891520,NaN,NaN,NaN,NaN,NaN,NaN,NaN
1325891580,NaN,NaN,NaN,NaN,NaN,NaN,NaN
1325891640,NaN,NaN,NaN,NaN,NaN,NaN,NaN
1325891700,NaN,NaN,NaN,NaN,NaN,NaN,NaN
1325891760,NaN,NaN,NaN,NaN,NaN,NaN,NaN
1325891820,NaN,NaN,NaN,NaN,NaN,NaN,NaN
1325891880,NaN,NaN,NaN,NaN,NaN,NaN,NaN
1325891940,NaN,NaN,NaN,NaN,NaN,NaN,NaN
1325892000,NaN,NaN,NaN,NaN,NaN,NaN,NaN
1325892060,NaN,NaN,NaN,NaN,NaN,NaN,NaN
1325892120,NaN,NaN,NaN,NaN,NaN,NaN,NaN
1325892180,NaN,NaN,NaN,NaN,NaN,NaN,NaN
1325892240,NaN,NaN,NaN,NaN,NaN,NaN,NaN
1325892300,NaN,NaN,NaN,NaN,NaN,NaN,NaN
1325892360,NaN,NaN,NaN,NaN,NaN,NaN,NaN
1325892420,NaN,NaN,NaN,NaN,NaN,NaN,NaN
1325892480,NaN,NaN,NaN,NaN,NaN,NaN,NaN
1325892540,NaN,NaN,NaN,NaN,NaN,NaN,NaN
1325892600,NaN,NaN,NaN,NaN,NaN,NaN,NaN
1325892660,NaN,NaN,NaN,NaN,NaN,NaN,NaN
1325892720,NaN,NaN,NaN,NaN,NaN,NaN,NaN
1325892780,NaN,NaN,NaN,NaN,NaN,NaN,NaN
1325892840,NaN,NaN,NaN,NaN,NaN,NaN,NaN
1325892900,NaN,NaN,NaN,NaN,NaN,NaN,NaN
1325892960,NaN,NaN,NaN,NaN,NaN,NaN,NaN
1325893020,NaN,NaN,NaN,NaN,NaN,NaN,NaN
1325893080,NaN,NaN,NaN,NaN,NaN,NaN,NaN
1325893140,NaN,NaN,NaN,NaN,NaN,NaN,NaN
1325893200,NaN,NaN,NaN,NaN,NaN,NaN,NaN
1325893260,NaN,NaN,NaN,NaN,NaN,NaN,NaN
1325893320,NaN,NaN,NaN,NaN,NaN,NaN,NaN
1325893380,NaN,NaN,NaN,NaN,NaN,NaN,NaN
1325893440,NaN,NaN,NaN,NaN,NaN,NaN,NaN
1325893500,NaN,NaN,NaN,NaN,NaN,NaN,NaN
1325893560,NaN,NaN,NaN,NaN,NaN,NaN,NaN
1325893620,NaN,NaN,NaN,NaN,NaN,NaN,NaN
1325893680,NaN,NaN,NaN,NaN,NaN,NaN,NaN
1325893740,NaN,NaN,NaN,NaN,NaN,NaN,NaN
1325893800,NaN,NaN,NaN,NaN,NaN,NaN,NaN
1325893860,NaN,NaN,NaN,NaN,NaN,NaN,NaN
1325893920,NaN,NaN,NaN,NaN,NaN,NaN,NaN
1325893980,NaN,NaN,NaN,NaN,NaN,NaN,NaN
1325894040,NaN,NaN,NaN,NaN,NaN,NaN,NaN
1325894100,NaN,NaN,NaN,NaN,NaN,NaN,NaN
1325894160,NaN,NaN,NaN,NaN,NaN,NaN,NaN
1325894220,NaN,NaN,NaN,NaN,NaN,NaN,NaN
1325894280,NaN,NaN,NaN,NaN,NaN,NaN,NaN
1325894340,NaN,NaN,NaN,NaN,NaN,NaN,NaN
1325894400,NaN,NaN,NaN,NaN,NaN,NaN,NaN
1325894460,NaN,NaN,NaN,NaN,NaN,NaN,NaN
1325894520,NaN,NaN,NaN,NaN,NaN,NaN,NaN
1325894580,NaN,NaN,NaN,NaN,NaN,NaN,NaN
1325894640,NaN,NaN,NaN,NaN,NaN,NaN,NaN
1325894700,NaN,NaN,NaN,NaN,NaN,NaN,NaN
1325894760,NaN,NaN,NaN,NaN,NaN,NaN,NaN
1325894820,NaN,NaN,NaN,NaN,NaN,NaN,NaN
1325894880,NaN,NaN,NaN,NaN,NaN,NaN,NaN
1325894940,NaN,NaN,NaN,NaN,NaN,NaN,NaN
1325895000,NaN,NaN,NaN,NaN,NaN,NaN,NaN
1325895060,NaN,NaN,NaN,NaN,NaN,NaN,NaN
1325895120,NaN,NaN,NaN,NaN,NaN,NaN,NaN
1325895180,NaN,NaN,NaN,NaN,NaN,NaN,NaN
1325895240,NaN,NaN,NaN,NaN,NaN,NaN,NaN
1325895300,NaN,NaN,NaN,NaN,NaN,NaN,NaN
1325895360,NaN,NaN,NaN,NaN,NaN,NaN,NaN
1325895420,NaN,NaN,NaN,NaN,NaN,NaN,NaN
1325895480,NaN,NaN,NaN,NaN,NaN,NaN,NaN
1325895540,NaN,NaN,NaN,NaN,NaN,NaN,NaN
1325895600,NaN,NaN,NaN,NaN,NaN,NaN,NaN
1325895660,NaN,NaN,NaN,NaN,NaN,NaN,NaN
1325895720,NaN,NaN,NaN,NaN,NaN,NaN,NaN
1325895780,NaN,NaN,NaN,NaN,NaN,NaN,NaN
1325895840,NaN,NaN,NaN,NaN,NaN,NaN,NaN
1325895900,NaN,NaN,NaN,NaN,NaN,NaN,NaN
1325895960,NaN,NaN,NaN,NaN,NaN,NaN,NaN
1325896020,NaN,NaN,NaN,NaN,NaN,NaN,NaN
1325896080,NaN,NaN,NaN,NaN,NaN,NaN,NaN
1325896140,NaN,NaN,NaN,NaN,NaN,NaN,NaN
1325896200,NaN,NaN,NaN,NaN,NaN,NaN,NaN
1325896260,NaN,NaN,NaN,NaN,NaN,NaN,NaN
1325896320,NaN,NaN,NaN,NaN,NaN,NaN,NaN
1325896380,NaN,NaN,NaN,NaN,NaN,NaN,NaN
1325896440,NaN,NaN,NaN,NaN,NaN,NaN,NaN
1325896500,NaN,NaN,NaN,NaN,NaN,NaN,NaN
1325896560,NaN,NaN,NaN,NaN,NaN,NaN,NaN
1325896620,NaN,NaN,NaN,NaN,NaN,NaN,NaN
1325896680,NaN,NaN,NaN,NaN,NaN,NaN,NaN
1325896740,NaN,NaN,NaN,NaN,NaN,NaN,NaN
1325896800,NaN,NaN,NaN,NaN,NaN,NaN,NaN
1325896860,NaN,NaN,NaN,NaN,NaN,NaN,NaN
1325896920,NaN,NaN,NaN,NaN,NaN,NaN,NaN
1325896980,NaN,NaN,NaN,NaN,NaN,NaN,NaN
1325897040,NaN,NaN,NaN,NaN,NaN,NaN,NaN
1325897100,NaN,NaN,NaN,NaN,NaN,NaN,NaN
1325897160,NaN,NaN,NaN,NaN,NaN,NaN,NaN
1325897220,NaN,NaN,NaN,NaN,NaN,NaN,NaN
1325897280,NaN,NaN,NaN,NaN,NaN,NaN,NaN
1325897340,NaN,NaN,NaN,NaN,NaN,NaN,NaN
1325897400,NaN,NaN,NaN,NaN,NaN,NaN,NaN
1325897460,NaN,NaN,NaN,NaN,NaN,NaN,NaN
1325897520,NaN,NaN,NaN,NaN,NaN,NaN,NaN
1325897580,NaN,NaN,NaN,NaN,NaN,NaN,NaN
1325897640,NaN,NaN,NaN,NaN,NaN,NaN,NaN
1325897700,NaN,NaN,NaN,NaN,NaN,NaN,NaN
1325897760,NaN,NaN,NaN,NaN,NaN,NaN,NaN
1325897820,NaN,NaN,NaN,NaN,NaN,NaN,NaN
1325897880,NaN,NaN,NaN,NaN,NaN,NaN,NaN
1325897940,NaN,NaN,NaN,NaN,NaN,NaN,NaN
1325898000,NaN,NaN,NaN,NaN,NaN,NaN,NaN
1325898060,NaN,NaN,NaN,NaN,NaN,NaN,NaN
1325898120,NaN,NaN,NaN,NaN,NaN,NaN,NaN
1325898180,NaN,NaN,NaN,NaN,NaN,NaN,NaN
1325898240,NaN,NaN,NaN,NaN,NaN,NaN,NaN
1325898300,NaN,NaN,NaN,NaN,NaN,NaN,NaN
1325898360,NaN,NaN,NaN,NaN,NaN,NaN,NaN
1325898420,NaN,NaN,NaN,NaN,NaN,NaN,NaN
1325898480,NaN,NaN,NaN,NaN,NaN,NaN,NaN
1325898540,NaN,NaN,NaN,NaN,NaN,NaN,NaN
1325898600,NaN,NaN,NaN,NaN,NaN,NaN,NaN
1325898660,NaN,NaN,NaN,NaN,NaN,NaN,NaN
1325898720,NaN,NaN,NaN,NaN,NaN,NaN,NaN
1325898780,NaN,NaN,NaN,NaN,NaN,NaN,NaN
1325898840,NaN,NaN,NaN,NaN,NaN,NaN,NaN
1325898900,NaN,NaN,NaN,NaN,NaN,NaN,NaN
1325898960,NaN,NaN,NaN,NaN,NaN,NaN,NaN
1325899020,NaN,NaN,NaN,NaN,NaN,NaN,NaN
1325899080,NaN,NaN,NaN,NaN,NaN,NaN,NaN
1325899140,NaN,NaN,NaN,NaN,NaN,NaN,NaN
1325899200,NaN,NaN,NaN,NaN,NaN,NaN,NaN
1325899260,NaN,NaN,NaN,NaN,NaN,NaN,NaN
1325899320,NaN,NaN,NaN,NaN,NaN,NaN,NaN
1325899380,NaN,NaN,NaN,NaN,NaN,NaN,NaN
1325899440,NaN,NaN,NaN,NaN,NaN,NaN,NaN
1325899500,NaN,NaN,NaN,NaN,NaN,NaN,NaN
1325899560,NaN,NaN,NaN,NaN,NaN,NaN,NaN
1325899620,NaN,NaN,NaN,NaN,NaN,NaN,NaN
1325899680,NaN,NaN,NaN,NaN,NaN,NaN,NaN
1325899740,NaN,NaN,NaN,NaN,NaN,NaN,NaN
1325899800,NaN,NaN,NaN,NaN,NaN,NaN,NaN
1325899860,NaN,NaN,NaN,NaN,NaN,NaN,NaN
1325899920,NaN,NaN,NaN,NaN,NaN,NaN,NaN
1325899980,NaN,NaN,NaN,NaN,NaN,NaN,NaN
1325900040,NaN,NaN,NaN,NaN,NaN,NaN,NaN
1325900100,NaN,NaN,NaN,NaN,NaN,NaN,NaN
1325900160,NaN,NaN,NaN,NaN,NaN,NaN,NaN
1325900220,NaN,NaN,NaN,NaN,NaN,NaN,NaN
1325900280,NaN,NaN,NaN,NaN,NaN,NaN,NaN
1325900340,NaN,NaN,NaN,NaN,NaN,NaN,NaN
1325900400,NaN,NaN,NaN,NaN,NaN,NaN,NaN
1325900460,NaN,NaN,NaN,NaN,NaN,NaN,NaN
1325900520,NaN,NaN,NaN,NaN,NaN,NaN,NaN
1325900580,NaN,NaN,NaN,NaN,NaN,NaN,NaN
1325900640,NaN,NaN,NaN,NaN,NaN,NaN,NaN
1325900700,NaN,NaN,NaN,NaN,NaN,NaN,NaN
1325900760,NaN,NaN,NaN,NaN,NaN,NaN,NaN
1325900820,NaN,NaN,NaN,NaN,NaN,NaN,NaN
1325900880,NaN,NaN,NaN,NaN,NaN,NaN,NaN
1325900940,NaN,NaN,NaN,NaN,NaN,NaN,NaN
1325901000,NaN,NaN,NaN,NaN,NaN,NaN,NaN
1325901060,NaN,NaN,NaN,NaN,NaN,NaN,NaN
1325901120,NaN,NaN,NaN,NaN,NaN,NaN,NaN
1325901180,NaN,NaN,NaN,NaN,NaN,NaN,NaN
1325901240,NaN,NaN,NaN,NaN,NaN,NaN,NaN
1325901300,NaN,NaN,NaN,NaN,NaN,NaN,NaN
1325901360,NaN,NaN,NaN,NaN,NaN,NaN,NaN
1325901420,NaN,NaN,NaN,NaN,NaN,NaN,NaN
1325901480,NaN,NaN,NaN,NaN,NaN,NaN,NaN
1325901540,NaN,NaN,NaN,NaN,NaN,NaN,NaN
1325901600,NaN,NaN,NaN,NaN,NaN,NaN,NaN
1325901660,NaN,NaN,NaN,NaN,NaN,NaN,NaN
1325901720,NaN,NaN,NaN,NaN,NaN,NaN,NaN
1325901780,NaN,NaN,NaN,NaN,NaN,NaN,NaN
1325901840,NaN,NaN,NaN,NaN,NaN,NaN,NaN
1325901900,NaN,NaN,NaN,NaN,NaN,NaN,NaN
1325901960,NaN,NaN,NaN,NaN,NaN,NaN,NaN
1325902020,NaN,NaN,NaN,NaN,NaN,NaN,NaN
1325902080,NaN,NaN,NaN,NaN,NaN,NaN,NaN
1325902140,NaN,NaN,NaN,NaN,NaN,NaN,NaN
1325902200,NaN,NaN,NaN,NaN,NaN,NaN,NaN
1325902260,NaN,NaN,NaN,NaN,NaN,NaN,NaN
1325902320,NaN,NaN,NaN,NaN,NaN,NaN,NaN
1325902380,NaN,NaN,NaN,NaN,NaN,NaN,NaN
1325902440,NaN,NaN,NaN,NaN,NaN,NaN,NaN
1325902500,NaN,NaN,NaN,NaN,NaN,NaN,NaN
1325902560,NaN,NaN,NaN,NaN,NaN,NaN,NaN
1325902620,NaN,NaN,NaN,NaN,NaN,NaN,NaN
1325902680,NaN,NaN,NaN,NaN,NaN,NaN,NaN
1325902740,NaN,NaN,NaN,NaN,NaN,NaN,NaN
1325902800,NaN,NaN,NaN,NaN,NaN,NaN,NaN
1325902860,NaN,NaN,NaN,NaN,NaN,NaN,NaN
1325902920,NaN,NaN,NaN,NaN,NaN,NaN,NaN
1325902980,NaN,NaN,NaN,NaN,NaN,NaN,NaN
1325903040,NaN,NaN,NaN,NaN,NaN,NaN,NaN
1325903100,NaN,NaN,NaN,NaN,NaN,NaN,NaN
1325903160,NaN,NaN,NaN,NaN,NaN,NaN,NaN
1325903220,NaN,NaN,NaN,NaN,NaN,NaN,NaN
1325903280,NaN,NaN,NaN,NaN,NaN,NaN,NaN
1325903340,NaN,NaN,NaN,NaN,NaN,NaN,NaN
1325903400,NaN,NaN,NaN,NaN,NaN,NaN,NaN
1325903460,NaN,NaN,NaN,NaN,NaN,NaN,NaN
1325903520,NaN,NaN,NaN,NaN,NaN,NaN,NaN
1325903580,NaN,NaN,NaN,NaN,NaN,NaN,NaN
1325903640,NaN,NaN,NaN,NaN,NaN,NaN,NaN
1325903700,NaN,NaN,NaN,NaN,NaN,NaN,NaN
1325903760,NaN,NaN,NaN,NaN,NaN,NaN,NaN
1325903820,NaN,NaN,NaN,NaN,NaN,NaN,NaN
1325903880,NaN,NaN,NaN,NaN,NaN,NaN,NaN
1325903940,NaN,NaN,NaN,NaN,NaN,NaN,NaN
1325904000,NaN,NaN,NaN,NaN,NaN,NaN,NaN
1325904060,NaN,NaN,NaN,NaN,NaN,NaN,NaN
1325904120,NaN,NaN,NaN,NaN,NaN,NaN,NaN
1325904180,NaN,NaN,NaN,NaN,NaN,NaN,NaN
1325904240,NaN,NaN,NaN,NaN,NaN,NaN,NaN
1325904300,NaN,NaN,NaN,NaN,NaN,NaN,NaN
1325904360,NaN,NaN,NaN,NaN,NaN,NaN,NaN
1325904420,NaN,NaN,NaN,NaN,NaN,NaN,NaN
1325904480,NaN,NaN,NaN,NaN,NaN,NaN,NaN
1325904540,NaN,NaN,NaN,NaN,NaN,NaN,NaN
1325904600,NaN,NaN,NaN,NaN,NaN,NaN,NaN
1325904660,NaN,NaN,NaN,NaN,NaN,NaN,NaN
1325904720,NaN,NaN,NaN,NaN,NaN,NaN,NaN
1325904780,NaN,NaN,NaN,NaN,NaN,NaN,NaN
1325904840,NaN,NaN,NaN,NaN,NaN,NaN,NaN
1325904900,NaN,NaN,NaN,NaN,NaN,NaN,NaN
1325904960,NaN,NaN,NaN,NaN,NaN,NaN,NaN
1325905020,NaN,NaN,NaN,NaN,NaN,NaN,NaN
1325905080,NaN,NaN,NaN,NaN,NaN,NaN,NaN
1325905140,NaN,NaN,NaN,NaN,NaN,NaN,NaN
1325905200,NaN,NaN,NaN,NaN,NaN,NaN,NaN
1325905260,NaN,NaN,NaN,NaN,NaN,NaN,NaN
1325905320,NaN,NaN,NaN,NaN,NaN,NaN,NaN
1325905380,NaN,NaN,NaN,NaN,NaN,NaN,NaN
1325905440,NaN,NaN,NaN,NaN,NaN,NaN,NaN
1325905500,NaN,NaN,NaN,NaN,NaN,NaN,NaN
1325905560,NaN,NaN,NaN,NaN,NaN,NaN,NaN
1325905620,NaN,NaN,NaN,NaN,NaN,NaN,NaN
1325905680,NaN,NaN,NaN,NaN,NaN,NaN,NaN
1325905740,NaN,NaN,NaN,NaN,NaN,NaN,NaN
1325905800,NaN,NaN,NaN,NaN,NaN,NaN,NaN
1325905860,NaN,NaN,NaN,NaN,NaN,NaN,NaN
1325905920,NaN,NaN,NaN,NaN,NaN,NaN,NaN
1325905980,NaN,NaN,NaN,NaN,NaN,NaN,NaN
1325906040,NaN,NaN,NaN,NaN,NaN,NaN,NaN
1325906100,NaN,NaN,NaN,NaN,NaN,NaN,NaN
1325906160,NaN,NaN,NaN,NaN,NaN,NaN,NaN
1325906220,NaN,NaN,NaN,NaN,NaN,NaN,NaN
1325906280,NaN,NaN,NaN,NaN,NaN,NaN,NaN
1325906340,NaN,NaN,NaN,NaN,NaN,NaN,NaN
1325906400,NaN,NaN,NaN,NaN,NaN,NaN,NaN
1325906460,NaN,NaN,NaN,NaN,NaN,NaN,NaN
1325906520,NaN,NaN,NaN,NaN,NaN,NaN,NaN
1325906580,NaN,NaN,NaN,NaN,NaN,NaN,NaN
1325906640,NaN,NaN,NaN,NaN,NaN,NaN,NaN
1325906700,NaN,NaN,NaN,NaN,NaN,NaN,NaN
1325906760,NaN,NaN,NaN,NaN,NaN,NaN,NaN
1325906820,NaN,NaN,NaN,NaN,NaN,NaN,NaN
1325906880,NaN,NaN,NaN,NaN,NaN,NaN,NaN
1325906940,NaN,NaN,NaN,NaN,NaN,NaN,NaN
1325907000,NaN,NaN,NaN,NaN,NaN,NaN,NaN
1325907060,NaN,NaN,NaN,NaN,NaN,NaN,NaN
1325907120,NaN,NaN,NaN,NaN,NaN,NaN,NaN
1325907180,NaN,NaN,NaN,NaN,NaN,NaN,NaN
1325907240,NaN,NaN,NaN,NaN,NaN,NaN,NaN
1325907300,NaN,NaN,NaN,NaN,NaN,NaN,NaN
1325907360,NaN,NaN,NaN,NaN,NaN,NaN,NaN
1325907420,NaN,NaN,NaN,NaN,NaN,NaN,NaN
1325907480,NaN,NaN,NaN,NaN,NaN,NaN,NaN
1325907540,NaN,NaN,NaN,NaN,NaN,NaN,NaN
1325907600,NaN,NaN,NaN,NaN,NaN,NaN,NaN
1325907660,NaN,NaN,NaN,NaN,NaN,NaN,NaN
1325907720,NaN,NaN,NaN,NaN,NaN,NaN,NaN
1325907780,NaN,NaN,NaN,NaN,NaN,NaN,NaN
1325907840,NaN,NaN,NaN,NaN,NaN,NaN,NaN
1325907900,NaN,NaN,NaN,NaN,NaN,NaN,NaN
1325907960,NaN,NaN,NaN,NaN,NaN,NaN,NaN
1325908020,NaN,NaN,NaN,NaN,NaN,NaN,NaN
1325908080,NaN,NaN,NaN,NaN,NaN,NaN,NaN
1325908140,NaN,NaN,NaN,NaN,NaN,NaN,NaN
1325908200,NaN,NaN,NaN,NaN,NaN,NaN,NaN
1325908260,NaN,NaN,NaN,NaN,NaN,NaN,NaN
1325908320,NaN,NaN,NaN,NaN,NaN,NaN,NaN
1325908380,NaN,NaN,NaN,NaN,NaN,NaN,NaN
1325908440,NaN,NaN,NaN,NaN,NaN,NaN,NaN
1325908500,NaN,NaN,NaN,NaN,NaN,NaN,NaN
1325908560,NaN,NaN,NaN,NaN,NaN,NaN,NaN
1325908620,NaN,NaN,NaN,NaN,NaN,NaN,NaN
1325908680,NaN,NaN,NaN,NaN,NaN,NaN,NaN
1325908740,NaN,NaN,NaN,NaN,NaN,NaN,NaN
1325908800,NaN,NaN,NaN,NaN,NaN,NaN,NaN
1325908860,NaN,NaN,NaN,NaN,NaN,NaN,NaN
1325908920,NaN,NaN,NaN,NaN,NaN,NaN,NaN
1325908980,NaN,NaN,NaN,NaN,NaN,NaN,NaN
1325909040,NaN,NaN,NaN,NaN,NaN,NaN,NaN
1325909100,NaN,NaN,NaN,NaN,NaN,NaN,NaN
1325909160,NaN,NaN,NaN,NaN,NaN,NaN,NaN
1325909220,NaN,NaN,NaN,NaN,NaN,NaN,NaN
1325909280,NaN,NaN,NaN,NaN,NaN,NaN,NaN
1325909340,NaN,NaN,NaN,NaN,NaN,NaN,NaN
1325909400,NaN,NaN,NaN,NaN,NaN,NaN,NaN
1325909460,NaN,NaN,NaN,NaN,NaN,NaN,NaN
1325909520,NaN,NaN,NaN,NaN,NaN,NaN,NaN
1325909580,NaN,NaN,NaN,NaN,NaN,NaN,NaN
1325909640,NaN,NaN,NaN,NaN,NaN,NaN,NaN
1325909700,NaN,NaN,NaN,NaN,NaN,NaN,NaN
1325909760,NaN,NaN,NaN,NaN,NaN,NaN,NaN
1325909820,NaN,NaN,NaN,NaN,NaN,NaN,NaN
1325909880,NaN,NaN,NaN,NaN,NaN,NaN,NaN
1325909940,NaN,NaN,NaN,NaN,NaN,NaN,NaN
1325910000,NaN,NaN,NaN,NaN,NaN,NaN,NaN
1325910060,NaN,NaN,NaN,NaN,NaN,NaN,NaN
1325910120,NaN,NaN,NaN,NaN,NaN,NaN,NaN
1325910180,NaN,NaN,NaN,NaN,NaN,NaN,NaN
1325910240,NaN,NaN,NaN,NaN,NaN,NaN,NaN
1325910300,NaN,NaN,NaN,NaN,NaN,NaN,NaN
1325910360,NaN,NaN,NaN,NaN,NaN,NaN,NaN
1325910420,NaN,NaN,NaN,NaN,NaN,NaN,NaN
1325910480,NaN,NaN,NaN,NaN,NaN,NaN,NaN
1325910540,NaN,NaN,NaN,NaN,NaN,NaN,NaN
1325910600,NaN,NaN,NaN,NaN,NaN,NaN,NaN
1325910660,NaN,NaN,NaN,NaN,NaN,NaN,NaN
1325910720,NaN,NaN,NaN,NaN,NaN,NaN,NaN
1325910780,NaN,NaN,NaN,NaN,NaN,NaN,NaN
1325910840,NaN,NaN,NaN,NaN,NaN,NaN,NaN
1325910900,NaN,NaN,NaN,NaN,NaN,NaN,NaN
1325910960,NaN,NaN,NaN,NaN,NaN,NaN,NaN
1325911020,NaN,NaN,NaN,NaN,NaN,NaN,NaN
1325911080,NaN,NaN,NaN,NaN,NaN,NaN,NaN
1325911140,NaN,NaN,NaN,NaN,NaN,NaN,NaN
1325911200,NaN,NaN,NaN,NaN,NaN,NaN,NaN
1325911260,NaN,NaN,NaN,NaN,NaN,NaN,NaN
1325911320,NaN,NaN,NaN,NaN,NaN,NaN,NaN
1325911380,NaN,NaN,NaN,NaN,NaN,NaN,NaN
1325911440,NaN,NaN,NaN,NaN,NaN,NaN,NaN
1325911500,NaN,NaN,NaN,NaN,NaN,NaN,NaN
1325911560,NaN,NaN,NaN,NaN,NaN,NaN,NaN
1325911620,NaN,NaN,NaN,NaN,NaN,NaN,NaN
1325911680,NaN,NaN,NaN,NaN,NaN,NaN,NaN
1325911740,NaN,NaN,NaN,NaN,NaN,NaN,NaN
1325911800,NaN,NaN,NaN,NaN,NaN,NaN,NaN
1325911860,NaN,NaN,NaN,NaN,NaN,NaN,NaN
1325911920,NaN,NaN,NaN,NaN,NaN,NaN,NaN
1325911980,NaN,NaN,NaN,NaN,NaN,NaN,NaN
1325912040,NaN,NaN,NaN,NaN,NaN,NaN,NaN
1325912100,NaN,NaN,NaN,NaN,NaN,NaN,NaN
1325912160,NaN,NaN,NaN,NaN,NaN,NaN,NaN
1325912220,NaN,NaN,NaN,NaN,NaN,NaN,NaN
1325912280,NaN,NaN,NaN,NaN,NaN,NaN,NaN
1325912340,NaN,NaN,NaN,NaN,NaN,NaN,NaN
1325912400,NaN,NaN,NaN,NaN,NaN,NaN,NaN
1325912460,NaN,NaN,NaN,NaN,NaN,NaN,NaN
1325912520,NaN,NaN,NaN,NaN,NaN,NaN,NaN
1325912580,NaN,NaN,NaN,NaN,NaN,NaN,NaN
1325912640,NaN,NaN,NaN,NaN,NaN,NaN,NaN
1325912700,NaN,NaN,NaN,NaN,NaN,NaN,NaN
1325912760,NaN,NaN,NaN,NaN,NaN,NaN,NaN
1325912820,NaN,NaN,NaN,NaN,NaN,NaN,NaN
1325912880,NaN,NaN,NaN,NaN,NaN,NaN,NaN
1325912940,NaN,NaN,NaN,NaN,NaN,NaN,NaN
1325913000,NaN,NaN,NaN,NaN,NaN,NaN,NaN
1325913060,NaN,NaN,NaN,NaN,NaN,NaN,NaN
1325913120,NaN,NaN,NaN,NaN,NaN,NaN,NaN
1325913180,NaN,NaN,NaN,NaN,NaN,NaN,NaN
1325913240,NaN,NaN,NaN,NaN,NaN,NaN,NaN
1325913300,NaN,NaN,NaN,NaN,NaN,NaN,NaN
1325913360,NaN,NaN,NaN,NaN,NaN,NaN,NaN
1325913420,NaN,NaN,NaN,NaN,NaN,NaN,NaN
1325913480,NaN,NaN,NaN,NaN,NaN,NaN,NaN
1325913540,NaN,NaN,NaN,NaN,NaN,NaN,NaN
1325913600,NaN,NaN,NaN,NaN,NaN,NaN,NaN
1325913660,NaN,NaN,NaN,NaN,NaN,NaN,NaN
1325913720,NaN,NaN,NaN,NaN,NaN,NaN,NaN
1325913780,NaN,NaN,NaN,NaN,NaN,NaN,NaN
1325913840,NaN,NaN,NaN,NaN,NaN,NaN,NaN
1325913900,NaN,NaN,NaN,NaN,NaN,NaN,NaN
1325913960,NaN,NaN,NaN,NaN,NaN,NaN,NaN
1325914020,NaN,NaN,NaN,NaN,NaN,NaN,NaN
1325914080,NaN,NaN,NaN,NaN,NaN,NaN,NaN
1325914140,NaN,NaN,NaN,NaN,NaN,NaN,NaN
1325914200,NaN,NaN,NaN,NaN,NaN,NaN,NaN
1325914260,NaN,NaN,NaN,NaN,NaN,NaN,NaN
1325914320,NaN,NaN,NaN,NaN,NaN,NaN,NaN
1325914380,NaN,NaN,NaN,NaN,NaN,NaN,NaN
1325914440,NaN,NaN,NaN,NaN,NaN,NaN,NaN
1325914500,NaN,NaN,NaN,NaN,NaN,NaN,NaN
1325914560,NaN,NaN,NaN,NaN,NaN,NaN,NaN
1325914620,NaN,NaN,NaN,NaN,NaN,NaN,NaN
1325914680,NaN,NaN,NaN,NaN,NaN,NaN,NaN
1325914740,NaN,NaN,NaN,NaN,NaN,NaN,NaN
1325914800,NaN,NaN,NaN,NaN,NaN,NaN,NaN
1325914860,NaN,NaN,NaN,NaN,NaN,NaN,NaN
1325914920,NaN,NaN,NaN,NaN,NaN,NaN,NaN
1325914980,NaN,NaN,NaN,NaN,NaN,NaN,NaN
1325915040,NaN,NaN,NaN,NaN,NaN,NaN,NaN
1325915100,NaN,NaN,NaN,NaN,NaN,NaN,NaN
1325915160,NaN,NaN,NaN,NaN,NaN,NaN,NaN
1325915220,NaN,NaN,NaN,NaN,NaN,NaN,NaN
1325915280,NaN,NaN,NaN,NaN,NaN,NaN,NaN
1325915340,NaN,NaN,NaN,NaN,NaN,NaN,NaN
1325915400,NaN,NaN,NaN,NaN,NaN,NaN,NaN
1325915460,NaN,NaN,NaN,NaN,NaN,NaN,NaN
1325915520,NaN,NaN,NaN,NaN,NaN,NaN,NaN
1325915580,NaN,NaN,NaN,NaN,NaN,NaN,NaN
1325915640,NaN,NaN,NaN,NaN,NaN,NaN,NaN
1325915700,NaN,NaN,NaN,NaN,NaN,NaN,NaN
1325915760,NaN,NaN,NaN,NaN,NaN,NaN,NaN
1325915820,NaN,NaN,NaN,NaN,NaN,NaN,NaN
1325915880,NaN,NaN,NaN,NaN,NaN,NaN,NaN
1325915940,NaN,NaN,NaN,NaN,NaN,NaN,NaN
1325916000,NaN,NaN,NaN,NaN,NaN,NaN,NaN
1325916060,NaN,NaN,NaN,NaN,NaN,NaN,NaN
1325916120,NaN,NaN,NaN,NaN,NaN,NaN,NaN
1325916180,NaN,NaN,NaN,NaN,NaN,NaN,NaN
1325916240,NaN,NaN,NaN,NaN,NaN,NaN,NaN
1325916300,NaN,NaN,NaN,NaN,NaN,NaN,NaN
1325916360,NaN,NaN,NaN,NaN,NaN,NaN,NaN
1325916420,NaN,NaN,NaN,NaN,NaN,NaN,NaN
1325916480,NaN,NaN,NaN,NaN,NaN,NaN,NaN
1325916540,NaN,NaN,NaN,NaN,NaN,NaN,NaN
1325916600,NaN,NaN,NaN,NaN,NaN,NaN,NaN
1325916660,NaN,NaN,NaN,NaN,NaN,NaN,NaN
1325916720,NaN,NaN,NaN,NaN,NaN,NaN,NaN
1325916780,NaN,NaN,NaN,NaN,NaN,NaN,NaN
1325916840,NaN,NaN,NaN,NaN,NaN,NaN,NaN
1325916900,NaN,NaN,NaN,NaN,NaN,NaN,NaN
1325916960,NaN,NaN,NaN,NaN,NaN,NaN,NaN
1325917020,NaN,NaN,NaN,NaN,NaN,NaN,NaN
1325917080,NaN,NaN,NaN,NaN,NaN,NaN,NaN
1325917140,NaN,NaN,NaN,NaN,NaN,NaN,NaN
1325917200,NaN,NaN,NaN,NaN,NaN,NaN,NaN
1325917260,NaN,NaN,NaN,NaN,NaN,NaN,NaN
1325917320,NaN,NaN,NaN,NaN,NaN,NaN,NaN
1325917380,NaN,NaN,NaN,NaN,NaN,NaN,NaN
1325917440,NaN,NaN,NaN,NaN,NaN,NaN,NaN
1325917500,NaN,NaN,NaN,NaN,NaN,NaN,NaN
1325917560,NaN,NaN,NaN,NaN,NaN,NaN,NaN
1325917620,NaN,NaN,NaN,NaN,NaN,NaN,NaN
1325917680,NaN,NaN,NaN,NaN,NaN,NaN,NaN
1325917740,NaN,NaN,NaN,NaN,NaN,NaN,NaN
1325917800,NaN,NaN,NaN,NaN,NaN,NaN,NaN
