Timestamp,Open,High,Low,Close,Volume_(BTC),Volume_(Currency),Weighted_Price
1417411980,300,300,300,300,0.01,3,300
1417412040,NaN,NaN,NaN,NaN,NaN,NaN,NaN
1417412100,NaN,NaN,NaN,NaN,NaN,NaN,NaN
1417412160,NaN,NaN,NaN,NaN,NaN,NaN,NaN
1417412220,NaN,NaN,NaN,NaN,NaN,NaN,NaN
1417412280,NaN,NaN,NaN,NaN,NaN,NaN,NaN
1417412340,NaN,NaN,NaN,NaN,NaN,NaN,NaN
1417412400,300,300,300,300,0.01,3,300
1417412460,NaN,NaN,NaN,NaN,NaN,NaN,NaN
1417412520,NaN,NaN,NaN,NaN,NaN,NaN,NaN
1417412580,NaN,NaN,NaN,NaN,NaN,NaN,NaN
1417412640,NaN,NaN,NaN,NaN,NaN,NaN,NaN
1417412700,NaN,NaN,NaN,NaN,NaN,NaN,NaN
1417412760,NaN,NaN,NaN,NaN,NaN,NaN,NaN
1417412820,NaN,NaN,NaN,NaN,NaN,NaN,NaN
1417412880,NaN,NaN,NaN,NaN,NaN,NaN,NaN
1417412940,NaN,NaN,NaN,NaN,NaN,NaN,NaN
1417413000,NaN,NaN,NaN,NaN,NaN,NaN,NaN
1417413060,NaN,NaN,NaN,NaN,NaN,NaN,NaN
1417413120,NaN,NaN,NaN,NaN,NaN,NaN,NaN
1417413180,NaN,NaN,NaN,NaN,NaN,NaN,NaN
1417413240,NaN,NaN,NaN,NaN,NaN,NaN,NaN
1417413300,NaN,NaN,NaN,NaN,NaN,NaN,NaN
1417413360,NaN,NaN,NaN,NaN,NaN,NaN,NaN
1417413420,NaN,NaN,NaN,NaN,NaN,NaN,NaN
1417413480,NaN,NaN,NaN,NaN,NaN,NaN,NaN
1417413540,NaN,NaN,NaN,NaN,NaN,NaN,NaN
1417413600,NaN,NaN,NaN,NaN,NaN,NaN,NaN
1417413660,NaN,NaN,NaN,NaN,NaN,NaN,NaN
1417413720,NaN,NaN,NaN,NaN,NaN,NaN,NaN
1417413780,NaN,NaN,NaN,NaN,NaN,NaN,NaN
1417413840,NaN,NaN,NaN,NaN,NaN,NaN,NaN
1417413900,NaN,NaN,NaN,NaN,NaN,NaN,NaN
1417413960,NaN,NaN,NaN,NaN,NaN,NaN,NaN
1417414020,NaN,NaN,NaN,NaN,NaN,NaN,NaN
1417414080,NaN,NaN,NaN,NaN,NaN,NaN,NaN
1417414140,NaN,NaN,NaN,NaN,NaN,NaN,NaN
1417414200,NaN,NaN,NaN,NaN,NaN,NaN,NaN
1417414260,NaN,NaN,NaN,NaN,NaN,NaN,NaN
1417414320,NaN,NaN,NaN,NaN,NaN,NaN,NaN
1417414380,NaN,NaN,NaN,NaN,NaN,NaN,NaN
1417414440,NaN,NaN,NaN,NaN,NaN,NaN,NaN
1417414500,NaN,NaN,NaN,NaN,NaN,NaN,NaN
1417414560,NaN,NaN,NaN,NaN,NaN,NaN,NaN
1417414620,NaN,NaN,NaN,NaN,NaN,NaN,NaN
1417414680,NaN,NaN,NaN,NaN,NaN,NaN,NaN
1417414740,NaN,NaN,NaN,NaN,NaN,NaN,NaN
1417414800,NaN,NaN,NaN,NaN,NaN,NaN,NaN
1417414860,NaN,NaN,NaN,NaN,NaN,NaN,NaN
1417414920,NaN,NaN,NaN,NaN,NaN,NaN,NaN
1417414980,NaN,NaN,NaN,NaN,NaN,NaN,NaN
1417415040,370,370,370,370,0.01,3.7,370
1417415100,NaN,NaN,NaN,NaN,NaN,NaN,NaN
1417415160,NaN,NaN,NaN,NaN,NaN,NaN,NaN
1417415220,NaN,NaN,NaN,NaN,NaN,NaN,NaN
1417415280,NaN,NaN,NaN,NaN,NaN,NaN,NaN
1417415340,NaN,NaN,NaN,NaN,NaN,NaN,NaN
1417415400,NaN,NaN,NaN,NaN,NaN,NaN,NaN
1417415460,NaN,NaN,NaN,NaN,NaN,NaN,NaN
1417415520,NaN,NaN,NaN,NaN,NaN,NaN,NaN
1417415580,NaN,NaN,NaN,NaN,NaN,NaN,NaN
1417415640,NaN,NaN,NaN,NaN,NaN,NaN,NaN
1417415700,NaN,NaN,NaN,NaN,NaN,NaN,NaN
1417415760,NaN,NaN,NaN,NaN,NaN,NaN,NaN
1417415820,NaN,NaN,NaN,NaN,NaN,NaN,NaN
1417415880,NaN,NaN,NaN,NaN,NaN,NaN,NaN
1417415940,NaN,NaN,NaN,NaN,NaN,NaN,NaN
1417416000,NaN,NaN,NaN,NaN,NaN,NaN,NaN
1417416060,NaN,NaN,NaN,NaN,NaN,NaN,NaN
1417416120,NaN,NaN,NaN,NaN,NaN,NaN,NaN
1417416180,NaN,NaN,NaN,NaN,NaN,NaN,NaN
1417416240,NaN,NaN,NaN,NaN,NaN,NaN,NaN
1417416300,NaN,NaN,NaN,NaN,NaN,NaN,NaN
1417416360,NaN,NaN,NaN,NaN,NaN,NaN,NaN
1417416420,NaN,NaN,NaN,NaN,NaN,NaN,NaN
1417416480,NaN,NaN,NaN,NaN,NaN,NaN,NaN
1417416540,NaN,NaN,NaN,NaN,NaN,NaN,NaN
1417416600,370,370,370,370,0.02655554,9.8255498,370
1417416660,NaN,NaN,NaN,NaN,NaN,NaN,NaN
1417416720,NaN,NaN,NaN,NaN,NaN,NaN,NaN
1417416780,NaN,NaN,NaN,NaN,NaN,NaN,NaN
1417416840,NaN,NaN,NaN,NaN,NaN,NaN,NaN
1417416900,NaN,NaN,NaN,NaN,NaN,NaN,NaN
1417416960,NaN,NaN,NaN,NaN,NaN,NaN,NaN
1417417020,NaN,NaN,NaN,NaN,NaN,NaN,NaN
1417417080,NaN,NaN,NaN,NaN,NaN,NaN,NaN
1417417140,NaN,NaN,NaN,NaN,NaN,NaN,NaN
1417417200,NaN,NaN,NaN,NaN,NaN,NaN,NaN
1417417260,NaN,NaN,NaN,NaN,NaN,NaN,NaN
1417417320,NaN,NaN,NaN,NaN,NaN,NaN,NaN
1417417380,NaN,NaN,NaN,NaN,NaN,NaN,NaN
1417417440,NaN,NaN,NaN,NaN,NaN,NaN,NaN
1417417500,NaN,NaN,NaN,NaN,NaN,NaN,NaN
1417417560,NaN,NaN,NaN,NaN,NaN,NaN,NaN
1417417620,NaN,NaN,NaN,NaN,NaN,NaN,NaN
1417417680,NaN,NaN,NaN,NaN,NaN,NaN,NaN
1417417740,NaN,NaN,NaN,NaN,NaN,NaN,NaN
1417417800,NaN,NaN,NaN,NaN,NaN,NaN,NaN
1417417860,NaN,NaN,NaN,NaN,NaN,NaN,NaN
1417417920,NaN,NaN,NaN,NaN,NaN,NaN,NaN
1417417980,NaN,NaN,NaN,NaN,NaN,NaN,NaN
1417418040,NaN,NaN,NaN,NaN,NaN,NaN,NaN
1417418100,NaN,NaN,NaN,NaN,NaN,NaN,NaN
1417418160,NaN,NaN,NaN,NaN,NaN,NaN,NaN
1417418220,NaN,NaN,NaN,NaN,NaN,NaN,NaN
1417418280,NaN,NaN,NaN,NaN,NaN,NaN,NaN
1417418340,NaN,NaN,NaN,NaN,NaN,NaN,NaN
1417418400,NaN,NaN,NaN,NaN,NaN,NaN,NaN
1417418460,NaN,NaN,NaN,NaN,NaN,NaN,NaN
1417418520,NaN,NaN,NaN,NaN,NaN,NaN,NaN
1417418580,NaN,NaN,NaN,NaN,NaN,NaN,NaN
1417418640,NaN,NaN,NaN,NaN,NaN,NaN,NaN
1417418700,NaN,NaN,NaN,NaN,NaN,NaN,NaN
1417418760,NaN,NaN,NaN,NaN,NaN,NaN,NaN
1417418820,NaN,NaN,NaN,NaN,NaN,NaN,NaN
1417418880,NaN,NaN,NaN,NaN,NaN,NaN,NaN
1417418940,NaN,NaN,NaN,NaN,NaN,NaN,NaN
1417419000,NaN,NaN,NaN,NaN,NaN,NaN,NaN
1417419060,NaN,NaN,NaN,NaN,NaN,NaN,NaN
1417419120,NaN,NaN,NaN,NaN,NaN,NaN,NaN
1417419180,NaN,NaN,NaN,NaN,NaN,NaN,NaN
1417419240,NaN,NaN,NaN,NaN,NaN,NaN,NaN
1417419300,NaN,NaN,NaN,NaN,NaN,NaN,NaN
1417419360,NaN,NaN,NaN,NaN,NaN,NaN,NaN
1417419420,NaN,NaN,NaN,NaN,NaN,NaN,NaN
1417419480,NaN,NaN,NaN,NaN,NaN,NaN,NaN
1417419540,NaN,NaN,NaN,NaN,NaN,NaN,NaN
1417419600,NaN,NaN,NaN,NaN,NaN,NaN,NaN
1417419660,NaN,NaN,NaN,NaN,NaN,NaN,NaN
1417419720,NaN,NaN,NaN,NaN,NaN,NaN,NaN
1417419780,NaN,NaN,NaN,NaN,NaN,NaN,NaN
1417419840,NaN,NaN,NaN,NaN,NaN,NaN,NaN
1417419900,NaN,NaN,NaN,NaN,NaN,NaN,NaN
1417419960,NaN,NaN,NaN,NaN,NaN,NaN,NaN
1417420020,NaN,NaN,NaN,NaN,NaN,NaN,NaN
1417420080,NaN,NaN,NaN,NaN,NaN,NaN,NaN
1417420140,NaN,NaN,NaN,NaN,NaN,NaN,NaN
1417420200,NaN,NaN,NaN,NaN,NaN,NaN,NaN
1417420260,NaN,NaN,NaN,NaN,NaN,NaN,NaN
1417420320,NaN,NaN,NaN,NaN,NaN,NaN,NaN
1417420380,NaN,NaN,NaN,NaN,NaN,NaN,NaN
1417420440,NaN,NaN,NaN,NaN,NaN,NaN,NaN
1417420500,NaN,NaN,NaN,NaN,NaN,NaN,NaN
1417420560,NaN,NaN,NaN,NaN,NaN,NaN,NaN
1417420620,NaN,NaN,NaN,NaN,NaN,NaN,NaN
1417420680,NaN,NaN,NaN,NaN,NaN,NaN,NaN
1417420740,NaN,NaN,NaN,NaN,NaN,NaN,NaN
1417420800,NaN,NaN,NaN,NaN,NaN,NaN,NaN
1417420860,NaN,NaN,NaN,NaN,NaN,NaN,NaN
1417420920,NaN,NaN,NaN,NaN,NaN,NaN,NaN
1417420980,NaN,NaN,NaN,NaN,NaN,NaN,NaN
1417421040,NaN,NaN,NaN,NaN,NaN,NaN,NaN
1417421100,NaN,NaN,NaN,NaN,NaN,NaN,NaN
1417421160,NaN,NaN,NaN,NaN,NaN,NaN,NaN
1417421220,NaN,NaN,NaN,NaN,NaN,NaN,NaN
1417421280,NaN,NaN,NaN,NaN,NaN,NaN,NaN
1417421340,NaN,NaN,NaN,NaN,NaN,NaN,NaN
1417421400,NaN,NaN,NaN,NaN,NaN,NaN,NaN
1417421460,NaN,NaN,NaN,NaN,NaN,NaN,NaN
1417421520,NaN,NaN,NaN,NaN,NaN,NaN,NaN
1417421580,NaN,NaN,NaN,NaN,NaN,NaN,NaN
1417421640,NaN,NaN,NaN,NaN,NaN,NaN,NaN
1417421700,NaN,NaN,NaN,NaN,NaN,NaN,NaN
1417421760,NaN,NaN,NaN,NaN,NaN,NaN,NaN
1417421820,NaN,NaN,NaN,NaN,NaN,NaN,NaN
1417421880,NaN,NaN,NaN,NaN,NaN,NaN,NaN
1417421940,NaN,NaN,NaN,NaN,NaN,NaN,NaN
1417422000,NaN,NaN,NaN,NaN,NaN,NaN,NaN
1417422060,NaN,NaN,NaN,NaN,NaN,NaN,NaN
1417422120,NaN,NaN,NaN,NaN,NaN,NaN,NaN
1417422180,NaN,NaN,NaN,NaN,NaN,NaN,NaN
1417422240,NaN,NaN,NaN,NaN,NaN,NaN,NaN
1417422300,NaN,NaN,NaN,NaN,NaN,NaN,NaN
1417422360,NaN,NaN,NaN,NaN,NaN,NaN,NaN
1417422420,NaN,NaN,NaN,NaN,NaN,NaN,NaN
1417422480,NaN,NaN,NaN,NaN,NaN,NaN,NaN
1417422540,NaN,NaN,NaN,NaN,NaN,NaN,NaN
1417422600,NaN,NaN,NaN,NaN,NaN,NaN,NaN
1417422660,NaN,NaN,NaN,NaN,NaN,NaN,NaN
1417422720,NaN,NaN,NaN,NaN,NaN,NaN,NaN
1417422780,NaN,NaN,NaN,NaN,NaN,NaN,NaN
1417422840,NaN,NaN,NaN,NaN,NaN,NaN,NaN
1417422900,NaN,NaN,NaN,NaN,NaN,NaN,NaN
1417422960,NaN,NaN,NaN,NaN,NaN,NaN,NaN
1417423020,NaN,NaN,NaN,NaN,NaN,NaN,NaN
1417423080,NaN,NaN,NaN,NaN,NaN,NaN,NaN
1417423140,NaN,NaN,NaN,NaN,NaN,NaN,NaN
1417423200,NaN,NaN,NaN,NaN,NaN,NaN,NaN
1417423260,NaN,NaN,NaN,NaN,NaN,NaN,NaN
1417423320,NaN,NaN,NaN,NaN,NaN,NaN,NaN
1417423380,NaN,NaN,NaN,NaN,NaN,NaN,NaN
1417423440,NaN,NaN,NaN,NaN,NaN,NaN,NaN
1417423500,NaN,NaN,NaN,NaN,NaN,NaN,NaN
1417423560,NaN,NaN,NaN,NaN,NaN,NaN,NaN
1417423620,NaN,NaN,NaN,NaN,NaN,NaN,NaN
1417423680,NaN,NaN,NaN,NaN,NaN,NaN,NaN
1417423740,NaN,NaN,NaN,NaN,NaN,NaN,NaN
1417423800,NaN,NaN,NaN,NaN,NaN,NaN,NaN
1417423860,NaN,NaN,NaN,NaN,NaN,NaN,NaN
1417423920,NaN,NaN,NaN,NaN,NaN,NaN,NaN
1417423980,NaN,NaN,NaN,NaN,NaN,NaN,NaN
1417424040,NaN,NaN,NaN,NaN,NaN,NaN,NaN
1417424100,NaN,NaN,NaN,NaN,NaN,NaN,NaN
1417424160,NaN,NaN,NaN,NaN,NaN,NaN,NaN
1417424220,NaN,NaN,NaN,NaN,NaN,NaN,NaN
1417424280,NaN,NaN,NaN,NaN,NaN,NaN,NaN
1417424340,NaN,NaN,NaN,NaN,NaN,NaN,NaN
1417424400,NaN,NaN,NaN,NaN,NaN,NaN,NaN
1417424460,NaN,NaN,NaN,NaN,NaN,NaN,NaN
1417424520,NaN,NaN,NaN,NaN,NaN,NaN,NaN
1417424580,NaN,NaN,NaN,NaN,NaN,NaN,NaN
1417424640,NaN,NaN,NaN,NaN,NaN,NaN,NaN
1417424700,NaN,NaN,NaN,NaN,NaN,NaN,NaN
1417424760,NaN,NaN,NaN,NaN,NaN,NaN,NaN
1417424820,NaN,NaN,NaN,NaN,NaN,NaN,NaN
1417424880,NaN,NaN,NaN,NaN,NaN,NaN,NaN
1417424940,NaN,NaN,NaN,NaN,NaN,NaN,NaN
1417425000,NaN,NaN,NaN,NaN,NaN,NaN,NaN
1417425060,NaN,NaN,NaN,NaN,NaN,NaN,NaN
1417425120,NaN,NaN,NaN,NaN,NaN,NaN,NaN
1417425180,NaN,NaN,NaN,NaN,NaN,NaN,NaN
1417425240,NaN,NaN,NaN,NaN,NaN,NaN,NaN
1417425300,NaN,NaN,NaN,NaN,NaN,NaN,NaN
1417425360,NaN,NaN,NaN,NaN,NaN,NaN,NaN
1417425420,NaN,NaN,NaN,NaN,NaN,NaN,NaN
1417425480,NaN,NaN,NaN,NaN,NaN,NaN,NaN
1417425540,NaN,NaN,NaN,NaN,NaN,NaN,NaN
1417425600,NaN,NaN,NaN,NaN,NaN,NaN,NaN
1417425660,NaN,NaN,NaN,NaN,NaN,NaN,NaN
1417425720,NaN,NaN,NaN,NaN,NaN,NaN,NaN
1417425780,NaN,NaN,NaN,NaN,NaN,NaN,NaN
1417425840,NaN,NaN,NaN,NaN,NaN,NaN,NaN
1417425900,NaN,NaN,NaN,NaN,NaN,NaN,NaN
1417425960,NaN,NaN,NaN,NaN,NaN,NaN,NaN
1417426020,NaN,NaN,NaN,NaN,NaN,NaN,NaN
1417426080,NaN,NaN,NaN,NaN,NaN,NaN,NaN
1417426140,NaN,NaN,NaN,NaN,NaN,NaN,NaN
1417426200,NaN,NaN,NaN,NaN,NaN,NaN,NaN
1417426260,NaN,NaN,NaN,NaN,NaN,NaN,NaN
1417426320,NaN,NaN,NaN,NaN,NaN,NaN,NaN
1417426380,NaN,NaN,NaN,NaN,NaN,NaN,NaN
1417426440,NaN,NaN,NaN,NaN,NaN,NaN,NaN
1417426500,NaN,NaN,NaN,NaN,NaN,NaN,NaN
1417426560,NaN,NaN,NaN,NaN,NaN,NaN,NaN
1417426620,NaN,NaN,NaN,NaN,NaN,NaN,NaN
1417426680,NaN,NaN,NaN,NaN,NaN,NaN,NaN
1417426740,NaN,NaN,NaN,NaN,NaN,NaN,NaN
1417426800,NaN,NaN,NaN,NaN,NaN,NaN,NaN
1417426860,NaN,NaN,NaN,NaN,NaN,NaN,NaN
1417426920,NaN,NaN,NaN,NaN,NaN,NaN,NaN
1417426980,NaN,NaN,NaN,NaN,NaN,NaN,NaN
1417427040,NaN,NaN,NaN,NaN,NaN,NaN,NaN
1417427100,NaN,NaN,NaN,NaN,NaN,NaN,NaN
1417427160,NaN,NaN,NaN,NaN,NaN,NaN,NaN
1417427220,NaN,NaN,NaN,NaN,NaN,NaN,NaN
1417427280,NaN,NaN,NaN,NaN,NaN,NaN,NaN
1417427340,NaN,NaN,NaN,NaN,NaN,NaN,NaN
1417427400,NaN,NaN,NaN,NaN,NaN,NaN,NaN
1417427460,NaN,NaN,NaN,NaN,NaN,NaN,NaN
1417427520,NaN,NaN,NaN,NaN,NaN,NaN,NaN
1417427580,NaN,NaN,NaN,NaN,NaN,NaN,NaN
1417427640,NaN,NaN,NaN,NaN,NaN,NaN,NaN
1417427700,NaN,NaN,NaN,NaN,NaN,NaN,NaN
1417427760,NaN,NaN,NaN,NaN,NaN,NaN,NaN
1417427820,NaN,NaN,NaN,NaN,NaN,NaN,NaN
1417427880,NaN,NaN,NaN,NaN,NaN,NaN,NaN
1417427940,NaN,NaN,NaN,NaN,NaN,NaN,NaN
1417428000,NaN,NaN,NaN,NaN,NaN,NaN,NaN
1417428060,NaN,NaN,NaN,NaN,NaN,NaN,NaN
1417428120,NaN,NaN,NaN,NaN,NaN,NaN,NaN
1417428180,NaN,NaN,NaN,NaN,NaN,NaN,NaN
1417428240,NaN,NaN,NaN,NaN,NaN,NaN,NaN
1417428300,NaN,NaN,NaN,NaN,NaN,NaN,NaN
1417428360,NaN,NaN,NaN,NaN,NaN,NaN,NaN
1417428420,NaN,NaN,NaN,NaN,NaN,NaN,NaN
1417428480,NaN,NaN,NaN,NaN,NaN,NaN,NaN
1417428540,NaN,NaN,NaN,NaN,NaN,NaN,NaN
1417428600,NaN,NaN,NaN,NaN,NaN,NaN,NaN
1417428660,NaN,NaN,NaN,NaN,NaN,NaN,NaN
1417428720,NaN,NaN,NaN,NaN,NaN,NaN,NaN
1417428780,NaN,NaN,NaN,NaN,NaN,NaN,NaN
1417428840,NaN,NaN,NaN,NaN,NaN,NaN,NaN
1417428900,NaN,NaN,NaN,NaN,NaN,NaN,NaN
1417428960,NaN,NaN,NaN,NaN,NaN,NaN,NaN
1417429020,NaN,NaN,NaN,NaN,NaN,NaN,NaN
1417429080,NaN,NaN,NaN,NaN,NaN,NaN,NaN
1417429140,NaN,NaN,NaN,NaN,NaN,NaN,NaN
1417429200,NaN,NaN,NaN,NaN,NaN,NaN,NaN
1417429260,NaN,NaN,NaN,NaN,NaN,NaN,NaN
1417429320,NaN,NaN,NaN,NaN,NaN,NaN,NaN
1417429380,NaN,NaN,NaN,NaN,NaN,NaN,NaN
1417429440,NaN,NaN,NaN,NaN,NaN,NaN,NaN
1417429500,NaN,NaN,NaN,NaN,NaN,NaN,NaN
1417429560,NaN,NaN,NaN,NaN,NaN,NaN,NaN
1417429620,NaN,NaN,NaN,NaN,NaN,NaN,NaN
1417429680,NaN,NaN,NaN,NaN,NaN,NaN,NaN
1417429740,NaN,NaN,NaN,NaN,NaN,NaN,NaN
1417429800,NaN,NaN,NaN,NaN,NaN,NaN,NaN
1417429860,NaN,NaN,NaN,NaN,NaN,NaN,NaN
1417429920,NaN,NaN,NaN,NaN,NaN,NaN,NaN
1417429980,NaN,NaN,NaN,NaN,NaN,NaN,NaN
1417430040,NaN,NaN,NaN,NaN,NaN,NaN,NaN
1417430100,NaN,NaN,NaN,NaN,NaN,NaN,NaN
1417430160,NaN,NaN,NaN,NaN,NaN,NaN,NaN
1417430220,NaN,NaN,NaN,NaN,NaN,NaN,NaN
1417430280,NaN,NaN,NaN,NaN,NaN,NaN,NaN
1417430340,NaN,NaN,NaN,NaN,NaN,NaN,NaN
1417430400,NaN,NaN,NaN,NaN,NaN,NaN,NaN
1417430460,NaN,NaN,NaN,NaN,NaN,NaN,NaN
1417430520,NaN,NaN,NaN,NaN,NaN,NaN,NaN
1417430580,NaN,NaN,NaN,NaN,NaN,NaN,NaN
1417430640,NaN,NaN,NaN,NaN,NaN,NaN,NaN
1417430700,NaN,NaN,NaN,NaN,NaN,NaN,NaN
1417430760,NaN,NaN,NaN,NaN,NaN,NaN,NaN
1417430820,NaN,NaN,NaN,NaN,NaN,NaN,NaN
1417430880,NaN,NaN,NaN,NaN,NaN,NaN,NaN
1417430940,NaN,NaN,NaN,NaN,NaN,NaN,NaN
1417431000,NaN,NaN,NaN,NaN,NaN,NaN,NaN
1417431060,NaN,NaN,NaN,NaN,NaN,NaN,NaN
1417431120,NaN,NaN,NaN,NaN,NaN,NaN,NaN
1417431180,NaN,NaN,NaN,NaN,NaN,NaN,NaN
1417431240,NaN,NaN,NaN,NaN,NaN,NaN,NaN
1417431300,NaN,NaN,NaN,NaN,NaN,NaN,NaN
1417431360,NaN,NaN,NaN,NaN,NaN,NaN,NaN
1417431420,NaN,NaN,NaN,NaN,NaN,NaN,NaN
1417431480,NaN,NaN,NaN,NaN,NaN,NaN,NaN
1417431540,NaN,NaN,NaN,NaN,NaN,NaN,NaN
1417431600,NaN,NaN,NaN,NaN,NaN,NaN,NaN
1417431660,NaN,NaN,NaN,NaN,NaN,NaN,NaN
1417431720,NaN,NaN,NaN,NaN,NaN,NaN,NaN
1417431780,NaN,NaN,NaN,NaN,NaN,NaN,NaN
1417431840,NaN,NaN,NaN,NaN,NaN,NaN,NaN
1417431900,NaN,NaN,NaN,NaN,NaN,NaN,NaN
1417431960,NaN,NaN,NaN,NaN,NaN,NaN,NaN
1417432020,NaN,NaN,NaN,NaN,NaN,NaN,NaN
1417432080,NaN,NaN,NaN,NaN,NaN,NaN,NaN
1417432140,NaN,NaN,NaN,NaN,NaN,NaN,NaN
1417432200,NaN,NaN,NaN,NaN,NaN,NaN,NaN
1417432260,NaN,NaN,NaN,NaN,NaN,NaN,NaN
1417432320,NaN,NaN,NaN,NaN,NaN,NaN,NaN
1417432380,NaN,NaN,NaN,NaN,NaN,NaN,NaN
1417432440,NaN,NaN,NaN,NaN,NaN,NaN,NaN
1417432500,NaN,NaN,NaN,NaN,NaN,NaN,NaN
1417432560,NaN,NaN,NaN,NaN,NaN,NaN,NaN
1417432620,NaN,NaN,NaN,NaN,NaN,NaN,NaN
1417432680,NaN,NaN,NaN,NaN,NaN,NaN,NaN
1417432740,NaN,NaN,NaN,NaN,NaN,NaN,NaN
1417432800,NaN,NaN,NaN,NaN,NaN,NaN,NaN
1417432860,NaN,NaN,NaN,NaN,NaN,NaN,NaN
1417432920,NaN,NaN,NaN,NaN,NaN,NaN,NaN
1417432980,NaN,NaN,NaN,NaN,NaN,NaN,NaN
1417433040,NaN,NaN,NaN,NaN,NaN,NaN,NaN
1417433100,NaN,NaN,NaN,NaN,NaN,NaN,NaN
1417433160,NaN,NaN,NaN,NaN,NaN,NaN,NaN
1417433220,NaN,NaN,NaN,NaN,NaN,NaN,NaN
1417433280,NaN,NaN,NaN,NaN,NaN,NaN,NaN
1417433340,NaN,NaN,NaN,NaN,NaN,NaN,NaN
1417433400,NaN,NaN,NaN,NaN,NaN,NaN,NaN
1417433460,NaN,NaN,NaN,NaN,NaN,NaN,NaN
1417433520,NaN,NaN,NaN,NaN,NaN,NaN,NaN
1417433580,NaN,NaN,NaN,NaN,NaN,NaN,NaN
1417433640,NaN,NaN,NaN,NaN,NaN,NaN,NaN
1417433700,NaN,NaN,NaN,NaN,NaN,NaN,NaN
1417433760,NaN,NaN,NaN,NaN,NaN,NaN,NaN
1417433820,NaN,NaN,NaN,NaN,NaN,NaN,NaN
1417433880,NaN,NaN,NaN,NaN,NaN,NaN,NaN
1417433940,NaN,NaN,NaN,NaN,NaN,NaN,NaN
1417434000,NaN,NaN,NaN,NaN,NaN,NaN,NaN
1417434060,NaN,NaN,NaN,NaN,NaN,NaN,NaN
1417434120,NaN,NaN,NaN,NaN,NaN,NaN,NaN
1417434180,NaN,NaN,NaN,NaN,NaN,NaN,NaN
1417434240,NaN,NaN,NaN,NaN,NaN,NaN,NaN
1417434300,NaN,NaN,NaN,NaN,NaN,NaN,NaN
1417434360,NaN,NaN,NaN,NaN,NaN,NaN,NaN
1417434420,NaN,NaN,NaN,NaN,NaN,NaN,NaN
1417434480,NaN,NaN,NaN,NaN,NaN,NaN,NaN
1417434540,NaN,NaN,NaN,NaN,NaN,NaN,NaN
1417434600,NaN,NaN,NaN,NaN,NaN,NaN,NaN
1417434660,NaN,NaN,NaN,NaN,NaN,NaN,NaN
1417434720,NaN,NaN,NaN,NaN,NaN,NaN,NaN
1417434780,NaN,NaN,NaN,NaN,NaN,NaN,NaN
1417434840,NaN,NaN,NaN,NaN,NaN,NaN,NaN
1417434900,NaN,NaN,NaN,NaN,NaN,NaN,NaN
1417434960,NaN,NaN,NaN,NaN,NaN,NaN,NaN
1417435020,NaN,NaN,NaN,NaN,NaN,NaN,NaN
1417435080,NaN,NaN,NaN,NaN,NaN,NaN,NaN
1417435140,NaN,NaN,NaN,NaN,NaN,NaN,NaN
1417435200,NaN,NaN,NaN,NaN,NaN,NaN,NaN
1417435260,NaN,NaN,NaN,NaN,NaN,NaN,NaN
1417435320,NaN,NaN,NaN,NaN,NaN,NaN,NaN
1417435380,NaN,NaN,NaN,NaN,NaN,NaN,NaN
1417435440,NaN,NaN,NaN,NaN,NaN,NaN,NaN
1417435500,NaN,NaN,NaN,NaN,NaN,NaN,NaN
1417435560,NaN,NaN,NaN,NaN,NaN,NaN,NaN
1417435620,NaN,NaN,NaN,NaN,NaN,NaN,NaN
1417435680,NaN,NaN,NaN,NaN,NaN,NaN,NaN
1417435740,NaN,NaN,NaN,NaN,NaN,NaN,NaN
1417435800,NaN,NaN,NaN,NaN,NaN,NaN,NaN
1417435860,NaN,NaN,NaN,NaN,NaN,NaN,NaN
1417435920,NaN,NaN,NaN,NaN,NaN,NaN,NaN
1417435980,NaN,NaN,NaN,NaN,NaN,NaN,NaN
1417436040,NaN,NaN,NaN,NaN,NaN,NaN,NaN
1417436100,NaN,NaN,NaN,NaN,NaN,NaN,NaN
1417436160,NaN,NaN,NaN,NaN,NaN,NaN,NaN
1417436220,NaN,NaN,NaN,NaN,NaN,NaN,NaN
1417436280,NaN,NaN,NaN,NaN,NaN,NaN,NaN
1417436340,NaN,NaN,NaN,NaN,NaN,NaN,NaN
1417436400,NaN,NaN,NaN,NaN,NaN,NaN,NaN
1417436460,NaN,NaN,NaN,NaN,NaN,NaN,NaN
1417436520,NaN,NaN,NaN,NaN,NaN,NaN,NaN
1417436580,NaN,NaN,NaN,NaN,NaN,NaN,NaN
1417436640,NaN,NaN,NaN,NaN,NaN,NaN,NaN
1417436700,NaN,NaN,NaN,NaN,NaN,NaN,NaN
1417436760,NaN,NaN,NaN,NaN,NaN,NaN,NaN
1417436820,NaN,NaN,NaN,NaN,NaN,NaN,NaN
1417436880,NaN,NaN,NaN,NaN,NaN,NaN,NaN
1417436940,NaN,NaN,NaN,NaN,NaN,NaN,NaN
1417437000,NaN,NaN,NaN,NaN,NaN,NaN,NaN
1417437060,NaN,NaN,NaN,NaN,NaN,NaN,NaN
1417437120,NaN,NaN,NaN,NaN,NaN,NaN,NaN
1417437180,NaN,NaN,NaN,NaN,NaN,NaN,NaN
1417437240,NaN,NaN,NaN,NaN,NaN,NaN,NaN
1417437300,NaN,NaN,NaN,NaN,NaN,NaN,NaN
1417437360,NaN,NaN,NaN,NaN,NaN,NaN,NaN
1417437420,NaN,NaN,NaN,NaN,NaN,NaN,NaN
1417437480,NaN,NaN,NaN,NaN,NaN,NaN,NaN
1417437540,NaN,NaN,NaN,NaN,NaN,NaN,NaN
1417437600,NaN,NaN,NaN,NaN,NaN,NaN,NaN
1417437660,NaN,NaN,NaN,NaN,NaN,NaN,NaN
1417437720,NaN,NaN,NaN,NaN,NaN,NaN,NaN
1417437780,NaN,NaN,NaN,NaN,NaN,NaN,NaN
1417437840,NaN,NaN,NaN,NaN,NaN,NaN,NaN
1417437900,NaN,NaN,NaN,NaN,NaN,NaN,NaN
1417437960,NaN,NaN,NaN,NaN,NaN,NaN,NaN
1417438020,NaN,NaN,NaN,NaN,NaN,NaN,NaN
1417438080,NaN,NaN,NaN,NaN,NaN,NaN,NaN
1417438140,NaN,NaN,NaN,NaN,NaN,NaN,NaN
1417438200,NaN,NaN,NaN,NaN,NaN,NaN,NaN
1417438260,NaN,NaN,NaN,NaN,NaN,NaN,NaN
1417438320,NaN,NaN,NaN,NaN,NaN,NaN,NaN
1417438380,NaN,NaN,NaN,NaN,NaN,NaN,NaN
1417438440,NaN,NaN,NaN,NaN,NaN,NaN,NaN
1417438500,NaN,NaN,NaN,NaN,NaN,NaN,NaN
1417438560,NaN,NaN,NaN,NaN,NaN,NaN,NaN
1417438620,NaN,NaN,NaN,NaN,NaN,NaN,NaN
1417438680,NaN,NaN,NaN,NaN,NaN,NaN,NaN
1417438740,NaN,NaN,NaN,NaN,NaN,NaN,NaN
1417438800,NaN,NaN,NaN,NaN,NaN,NaN,NaN
1417438860,NaN,NaN,NaN,NaN,NaN,NaN,NaN
1417438920,NaN,NaN,NaN,NaN,NaN,NaN,NaN
1417438980,NaN,NaN,NaN,NaN,NaN,NaN,NaN
1417439040,NaN,NaN,NaN,NaN,NaN,NaN,NaN
1417439100,NaN,NaN,NaN,NaN,NaN,NaN,NaN
1417439160,NaN,NaN,NaN,NaN,NaN,NaN,NaN
1417439220,NaN,NaN,NaN,NaN,NaN,NaN,NaN
1417439280,NaN,NaN,NaN,NaN,NaN,NaN,NaN
1417439340,NaN,NaN,NaN,NaN,NaN,NaN,NaN
1417439400,NaN,NaN,NaN,NaN,NaN,NaN,NaN
1417439460,NaN,NaN,NaN,NaN,NaN,NaN,NaN
1417439520,NaN,NaN,NaN,NaN,NaN,NaN,NaN
1417439580,NaN,NaN,NaN,NaN,NaN,NaN,NaN
1417439640,NaN,NaN,NaN,NaN,NaN,NaN,NaN
1417439700,NaN,NaN,NaN,NaN,NaN,NaN,NaN
1417439760,NaN,NaN,NaN,NaN,NaN,NaN,NaN
1417439820,NaN,NaN,NaN,NaN,NaN,NaN,NaN
1417439880,NaN,NaN,NaN,NaN,NaN,NaN,NaN
1417439940,NaN,NaN,NaN,NaN,NaN,NaN,NaN
1417440000,NaN,NaN,NaN,NaN,NaN,NaN,NaN
1417440060,NaN,NaN,NaN,NaN,NaN,NaN,NaN
1417440120,NaN,NaN,NaN,NaN,NaN,NaN,NaN
1417440180,NaN,NaN,NaN,NaN,NaN,NaN,NaN
1417440240,NaN,NaN,NaN,NaN,NaN,NaN,NaN
1417440300,NaN,NaN,NaN,NaN,NaN,NaN,NaN
1417440360,NaN,NaN,NaN,NaN,NaN,NaN,NaN
1417440420,NaN,NaN,NaN,NaN,NaN,NaN,NaN
1417440480,NaN,NaN,NaN,NaN,NaN,NaN,NaN
1417440540,NaN,NaN,NaN,NaN,NaN,NaN,NaN
1417440600,NaN,NaN,NaN,NaN,NaN,NaN,NaN
1417440660,NaN,NaN,NaN,NaN,NaN,NaN,NaN
1417440720,NaN,NaN,NaN,NaN,NaN,NaN,NaN
1417440780,NaN,NaN,NaN,NaN,NaN,NaN,NaN
1417440840,NaN,NaN,NaN,NaN,NaN,NaN,NaN
1417440900,NaN,NaN,NaN,NaN,NaN,NaN,NaN
1417440960,NaN,NaN,NaN,NaN,NaN,NaN,NaN
1417441020,NaN,NaN,NaN,NaN,NaN,NaN,NaN
1417441080,NaN,NaN,NaN,NaN,NaN,NaN,NaN
1417441140,NaN,NaN,NaN,NaN,NaN,NaN,NaN
1417441200,NaN,NaN,NaN,NaN,NaN,NaN,NaN
1417441260,NaN,NaN,NaN,NaN,NaN,NaN,NaN
1417441320,NaN,NaN,NaN,NaN,NaN,NaN,NaN
1417441380,NaN,NaN,NaN,NaN,NaN,NaN,NaN
1417441440,NaN,NaN,NaN,NaN,NaN,NaN,NaN
1417441500,NaN,NaN,NaN,NaN,NaN,NaN,NaN
1417441560,NaN,NaN,NaN,NaN,NaN,NaN,NaN
1417441620,NaN,NaN,NaN,NaN,NaN,NaN,NaN
1417441680,NaN,NaN,NaN,NaN,NaN,NaN,NaN
1417441740,NaN,NaN,NaN,NaN,NaN,NaN,NaN
1417441800,NaN,NaN,NaN,NaN,NaN,NaN,NaN
1417441860,NaN,NaN,NaN,NaN,NaN,NaN,NaN
1417441920,NaN,NaN,NaN,NaN,NaN,NaN,NaN
1417441980,NaN,NaN,NaN,NaN,NaN,NaN,NaN
1417442040,NaN,NaN,NaN,NaN,NaN,NaN,NaN
1417442100,NaN,NaN,NaN,NaN,NaN,NaN,NaN
1417442160,NaN,NaN,NaN,NaN,NaN,NaN,NaN
1417442220,NaN,NaN,NaN,NaN,NaN,NaN,NaN
1417442280,NaN,NaN,NaN,NaN,NaN,NaN,NaN
1417442340,NaN,NaN,NaN,NaN,NaN,NaN,NaN
1417442400,NaN,NaN,NaN,NaN,NaN,NaN,NaN
1417442460,NaN,NaN,NaN,NaN,NaN,NaN,NaN
1417442520,NaN,NaN,NaN,NaN,NaN,NaN,NaN
1417442580,NaN,NaN,NaN,NaN,NaN,NaN,NaN
1417442640,NaN,NaN,NaN,NaN,NaN,NaN,NaN
1417442700,NaN,NaN,NaN,NaN,NaN,NaN,NaN
1417442760,NaN,NaN,NaN,NaN,NaN,NaN,NaN
1417442820,NaN,NaN,NaN,NaN,NaN,NaN,NaN
1417442880,NaN,NaN,NaN,NaN,NaN,NaN,NaN
1417442940,NaN,NaN,NaN,NaN,NaN,NaN,NaN
1417443000,NaN,NaN,NaN,NaN,NaN,NaN,NaN
1417443060,NaN,NaN,NaN,NaN,NaN,NaN,NaN
1417443120,NaN,NaN,NaN,NaN,NaN,NaN,NaN
1417443180,NaN,NaN,NaN,NaN,NaN,NaN,NaN
1417443240,NaN,NaN,NaN,NaN,NaN,NaN,NaN
1417443300,NaN,NaN,NaN,NaN,NaN,NaN,NaN
1417443360,NaN,NaN,NaN,NaN,NaN,NaN,NaN
1417443420,NaN,NaN,NaN,NaN,NaN,NaN,NaN
1417443480,NaN,NaN,NaN,NaN,NaN,NaN,NaN
1417443540,NaN,NaN,NaN,NaN,NaN,NaN,NaN
1417443600,NaN,NaN,NaN,NaN,NaN,NaN,NaN
1417443660,NaN,NaN,NaN,NaN,NaN,NaN,NaN
1417443720,NaN,NaN,NaN,NaN,NaN,NaN,NaN
1417443780,NaN,NaN,NaN,NaN,NaN,NaN,NaN
1417443840,NaN,NaN,NaN,NaN,NaN,NaN,NaN
1417443900,NaN,NaN,NaN,NaN,NaN,NaN,NaN
1417443960,NaN,NaN,NaN,NaN,NaN,NaN,NaN
1417444020,NaN,NaN,NaN,NaN,NaN,NaN,NaN
1417444080,NaN,NaN,NaN,NaN,NaN,NaN,NaN
1417444140,NaN,NaN,NaN,NaN,NaN,NaN,NaN
1417444200,NaN,NaN,NaN,NaN,NaN,NaN,NaN
1417444260,NaN,NaN,NaN,NaN,NaN,NaN,NaN
1417444320,NaN,NaN,NaN,NaN,NaN,NaN,NaN
1417444380,NaN,NaN,NaN,NaN,NaN,NaN,NaN
1417444440,NaN,NaN,NaN,NaN,NaN,NaN,NaN
1417444500,NaN,NaN,NaN,NaN,NaN,NaN,NaN
1417444560,NaN,NaN,NaN,NaN,NaN,NaN,NaN
1417444620,NaN,NaN,NaN,NaN,NaN,NaN,NaN
1417444680,NaN,NaN,NaN,NaN,NaN,NaN,NaN
1417444740,NaN,NaN,NaN,NaN,NaN,NaN,NaN
1417444800,NaN,NaN,NaN,NaN,NaN,NaN,NaN
1417444860,NaN,NaN,NaN,NaN,NaN,NaN,NaN
1417444920,NaN,NaN,NaN,NaN,NaN,NaN,NaN
1417444980,NaN,NaN,NaN,NaN,NaN,NaN,NaN
1417445040,NaN,NaN,NaN,NaN,NaN,NaN,NaN
1417445100,NaN,NaN,NaN,NaN,NaN,NaN,NaN
1417445160,NaN,NaN,NaN,NaN,NaN,NaN,NaN
1417445220,NaN,NaN,NaN,NaN,NaN,NaN,NaN
1417445280,NaN,NaN,NaN,NaN,NaN,NaN,NaN
1417445340,NaN,NaN,NaN,NaN,NaN,NaN,NaN
1417445400,NaN,NaN,NaN,NaN,NaN,NaN,NaN
1417445460,NaN,NaN,NaN,NaN,NaN,NaN,NaN
1417445520,NaN,NaN,NaN,NaN,NaN,NaN,NaN
1417445580,NaN,NaN,NaN,NaN,NaN,NaN,NaN
1417445640,NaN,NaN,NaN,NaN,NaN,NaN,NaN
1417445700,NaN,NaN,NaN,NaN,NaN,NaN,NaN
1417445760,NaN,NaN,NaN,NaN,NaN,NaN,NaN
1417445820,NaN,NaN,NaN,NaN,NaN,NaN,NaN
1417445880,NaN,NaN,NaN,NaN,NaN,NaN,NaN
1417445940,NaN,NaN,NaN,NaN,NaN,NaN,NaN
1417446000,NaN,NaN,NaN,NaN,NaN,NaN,NaN
1417446060,NaN,NaN,NaN,NaN,NaN,NaN,NaN
1417446120,NaN,NaN,NaN,NaN,NaN,NaN,NaN
1417446180,NaN,NaN,NaN,NaN,NaN,NaN,NaN
1417446240,NaN,NaN,NaN,NaN,NaN,NaN,NaN
1417446300,NaN,NaN,NaN,NaN,NaN,NaN,NaN
1417446360,NaN,NaN,NaN,NaN,NaN,NaN,NaN
1417446420,NaN,NaN,NaN,NaN,NaN,NaN,NaN
1417446480,NaN,NaN,NaN,NaN,NaN,NaN,NaN
1417446540,NaN,NaN,NaN,NaN,NaN,NaN,NaN
1417446600,NaN,NaN,NaN,NaN,NaN,NaN,NaN
1417446660,NaN,NaN,NaN,NaN,NaN,NaN,NaN
1417446720,NaN,NaN,NaN,NaN,NaN,NaN,NaN
1417446780,NaN,NaN,NaN,NaN,NaN,NaN,NaN
1417446840,NaN,NaN,NaN,NaN,NaN,NaN,NaN
1417446900,NaN,NaN,NaN,NaN,NaN,NaN,NaN
1417446960,NaN,NaN,NaN,NaN,NaN,NaN,NaN
1417447020,NaN,NaN,NaN,NaN,NaN,NaN,NaN
1417447080,NaN,NaN,NaN,NaN,NaN,NaN,NaN
1417447140,NaN,NaN,NaN,NaN,NaN,NaN,NaN
1417447200,NaN,NaN,NaN,NaN,NaN,NaN,NaN
1417447260,NaN,NaN,NaN,NaN,NaN,NaN,NaN
1417447320,NaN,NaN,NaN,NaN,NaN,NaN,NaN
1417447380,NaN,NaN,NaN,NaN,NaN,NaN,NaN
1417447440,NaN,NaN,NaN,NaN,NaN,NaN,NaN
1417447500,NaN,NaN,NaN,NaN,NaN,NaN,NaN
1417447560,NaN,NaN,NaN,NaN,NaN,NaN,NaN
1417447620,NaN,NaN,NaN,NaN,NaN,NaN,NaN
1417447680,NaN,NaN,NaN,NaN,NaN,NaN,NaN
1417447740,NaN,NaN,NaN,NaN,NaN,NaN,NaN
1417447800,NaN,NaN,NaN,NaN,NaN,NaN,NaN
1417447860,NaN,NaN,NaN,NaN,NaN,NaN,NaN
1417447920,NaN,NaN,NaN,NaN,NaN,NaN,NaN
1417447980,NaN,NaN,NaN,NaN,NaN,NaN,NaN
1417448040,NaN,NaN,NaN,NaN,NaN,NaN,NaN
1417448100,NaN,NaN,NaN,NaN,NaN,NaN,NaN
1417448160,NaN,NaN,NaN,NaN,NaN,NaN,NaN
1417448220,NaN,NaN,NaN,NaN,NaN,NaN,NaN
1417448280,NaN,NaN,NaN,NaN,NaN,NaN,NaN
1417448340,NaN,NaN,NaN,NaN,NaN,NaN,NaN
1417448400,NaN,NaN,NaN,NaN,NaN,NaN,NaN
1417448460,NaN,NaN,NaN,NaN,NaN,NaN,NaN
1417448520,NaN,NaN,NaN,NaN,NaN,NaN,NaN
1417448580,NaN,NaN,NaN,NaN,NaN,NaN,NaN
1417448640,NaN,NaN,NaN,NaN,NaN,NaN,NaN
1417448700,NaN,NaN,NaN,NaN,NaN,NaN,NaN
1417448760,NaN,NaN,NaN,NaN,NaN,NaN,NaN
1417448820,NaN,NaN,NaN,NaN,NaN,NaN,NaN
1417448880,NaN,NaN,NaN,NaN,NaN,NaN,NaN
1417448940,NaN,NaN,NaN,NaN,NaN,NaN,NaN
1417449000,NaN,NaN,NaN,NaN,NaN,NaN,NaN
1417449060,NaN,NaN,NaN,NaN,NaN,NaN,NaN
1417449120,NaN,NaN,NaN,NaN,NaN,NaN,NaN
1417449180,NaN,NaN,NaN,NaN,NaN,NaN,NaN
1417449240,NaN,NaN,NaN,NaN,NaN,NaN,NaN
1417449300,NaN,NaN,NaN,NaN,NaN,NaN,NaN
1417449360,NaN,NaN,NaN,NaN,NaN,NaN,NaN
1417449420,NaN,NaN,NaN,NaN,NaN,NaN,NaN
1417449480,NaN,NaN,NaN,NaN,NaN,NaN,NaN
1417449540,NaN,NaN,NaN,NaN,NaN,NaN,NaN
1417449600,NaN,NaN,NaN,NaN,NaN,NaN,NaN
1417449660,NaN,NaN,NaN,NaN,NaN,NaN,NaN
1417449720,NaN,NaN,NaN,NaN,NaN,NaN,NaN
1417449780,NaN,NaN,NaN,NaN,NaN,NaN,NaN
1417449840,NaN,NaN,NaN,NaN,NaN,NaN,NaN
1417449900,NaN,NaN,NaN,NaN,NaN,NaN,NaN
1417449960,NaN,NaN,NaN,NaN,NaN,NaN,NaN
1417450020,NaN,NaN,NaN,NaN,NaN,NaN,NaN
1417450080,NaN,NaN,NaN,NaN,NaN,NaN,NaN
1417450140,NaN,NaN,NaN,NaN,NaN,NaN,NaN
1417450200,NaN,NaN,NaN,NaN,NaN,NaN,NaN
1417450260,NaN,NaN,NaN,NaN,NaN,NaN,NaN
1417450320,NaN,NaN,NaN,NaN,NaN,NaN,NaN
1417450380,NaN,NaN,NaN,NaN,NaN,NaN,NaN
1417450440,NaN,NaN,NaN,NaN,NaN,NaN,NaN
1417450500,NaN,NaN,NaN,NaN,NaN,NaN,NaN
1417450560,NaN,NaN,NaN,NaN,NaN,NaN,NaN
1417450620,NaN,NaN,NaN,NaN,NaN,NaN,NaN
1417450680,NaN,NaN,NaN,NaN,NaN,NaN,NaN
1417450740,NaN,NaN,NaN,NaN,NaN,NaN,NaN
1417450800,NaN,NaN,NaN,NaN,NaN,NaN,NaN
1417450860,NaN,NaN,NaN,NaN,NaN,NaN,NaN
1417450920,NaN,NaN,NaN,NaN,NaN,NaN,NaN
1417450980,NaN,NaN,NaN,NaN,NaN,NaN,NaN
1417451040,NaN,NaN,NaN,NaN,NaN,NaN,NaN
1417451100,NaN,NaN,NaN,NaN,NaN,NaN,NaN
1417451160,NaN,NaN,NaN,NaN,NaN,NaN,NaN
1417451220,NaN,NaN,NaN,NaN,NaN,NaN,NaN
1417451280,NaN,NaN,NaN,NaN,NaN,NaN,NaN
1417451340,NaN,NaN,NaN,NaN,NaN,NaN,NaN
1417451400,NaN,NaN,NaN,NaN,NaN,NaN,NaN
1417451460,NaN,NaN,NaN,NaN,NaN,NaN,NaN
1417451520,NaN,NaN,NaN,NaN,NaN,NaN,NaN
1417451580,NaN,NaN,NaN,NaN,NaN,NaN,NaN
1417451640,NaN,NaN,NaN,NaN,NaN,NaN,NaN
1417451700,NaN,NaN,NaN,NaN,NaN,NaN,NaN
1417451760,NaN,NaN,NaN,NaN,NaN,NaN,NaN
1417451820,NaN,NaN,NaN,NaN,NaN,NaN,NaN
1417451880,NaN,NaN,NaN,NaN,NaN,NaN,NaN
1417451940,NaN,NaN,NaN,NaN,NaN,NaN,NaN
1417452000,NaN,NaN,NaN,NaN,NaN,NaN,NaN
1417452060,NaN,NaN,NaN,NaN,NaN,NaN,NaN
1417452120,NaN,NaN,NaN,NaN,NaN,NaN,NaN
1417452180,NaN,NaN,NaN,NaN,NaN,NaN,NaN
1417452240,NaN,NaN,NaN,NaN,NaN,NaN,NaN
1417452300,NaN,NaN,NaN,NaN,NaN,NaN,NaN
1417452360,NaN,NaN,NaN,NaN,NaN,NaN,NaN
1417452420,NaN,NaN,NaN,NaN,NaN,NaN,NaN
1417452480,NaN,NaN,NaN,NaN,NaN,NaN,NaN
1417452540,NaN,NaN,NaN,NaN,NaN,NaN,NaN
1417452600,NaN,NaN,NaN,NaN,NaN,NaN,NaN
1417452660,NaN,NaN,NaN,NaN,NaN,NaN,NaN
1417452720,NaN,NaN,NaN,NaN,NaN,NaN,NaN
1417452780,NaN,NaN,NaN,NaN,NaN,NaN,NaN
1417452840,NaN,NaN,NaN,NaN,NaN,NaN,NaN
1417452900,NaN,NaN,NaN,NaN,NaN,NaN,NaN
1417452960,NaN,NaN,NaN,NaN,NaN,NaN,NaN
1417453020,NaN,NaN,NaN,NaN,NaN,NaN,NaN
1417453080,NaN,NaN,NaN,NaN,NaN,NaN,NaN
1417453140,NaN,NaN,NaN,NaN,NaN,NaN,NaN
1417453200,NaN,NaN,NaN,NaN,NaN,NaN,NaN
1417453260,NaN,NaN,NaN,NaN,NaN,NaN,NaN
1417453320,NaN,NaN,NaN,NaN,NaN,NaN,NaN
1417453380,NaN,NaN,NaN,NaN,NaN,NaN,NaN
1417453440,NaN,NaN,NaN,NaN,NaN,NaN,NaN
1417453500,NaN,NaN,NaN,NaN,NaN,NaN,NaN
1417453560,NaN,NaN,NaN,NaN,NaN,NaN,NaN
1417453620,NaN,NaN,NaN,NaN,NaN,NaN,NaN
1417453680,NaN,NaN,NaN,NaN,NaN,NaN,NaN
1417453740,NaN,NaN,NaN,NaN,NaN,NaN,NaN
1417453800,NaN,NaN,NaN,NaN,NaN,NaN,NaN
1417453860,NaN,NaN,NaN,NaN,NaN,NaN,NaN
1417453920,NaN,NaN,NaN,NaN,NaN,NaN,NaN
1417453980,NaN,NaN,NaN,NaN,NaN,NaN,NaN
1417454040,NaN,NaN,NaN,NaN,NaN,NaN,NaN
1417454100,NaN,NaN,NaN,NaN,NaN,NaN,NaN
1417454160,NaN,NaN,NaN,NaN,NaN,NaN,NaN
1417454220,NaN,NaN,NaN,NaN,NaN,NaN,NaN
1417454280,NaN,NaN,NaN,NaN,NaN,NaN,NaN
1417454340,NaN,NaN,NaN,NaN,NaN,NaN,NaN
1417454400,NaN,NaN,NaN,NaN,NaN,NaN,NaN
1417454460,NaN,NaN,NaN,NaN,NaN,NaN,NaN
1417454520,NaN,NaN,NaN,NaN,NaN,NaN,NaN
1417454580,NaN,NaN,NaN,NaN,NaN,NaN,NaN
1417454640,NaN,NaN,NaN,NaN,NaN,NaN,NaN
1417454700,NaN,NaN,NaN,NaN,NaN,NaN,NaN
1417454760,NaN,NaN,NaN,NaN,NaN,NaN,NaN
1417454820,NaN,NaN,NaN,NaN,NaN,NaN,NaN
1417454880,NaN,NaN,NaN,NaN,NaN,NaN,NaN
1417454940,NaN,NaN,NaN,NaN,NaN,NaN,NaN
1417455000,NaN,NaN,NaN,NaN,NaN,NaN,NaN
1417455060,NaN,NaN,NaN,NaN,NaN,NaN,NaN
1417455120,NaN,NaN,NaN,NaN,NaN,NaN,NaN
1417455180,NaN,NaN,NaN,NaN,NaN,NaN,NaN
1417455240,NaN,NaN,NaN,NaN,NaN,NaN,NaN
1417455300,NaN,NaN,NaN,NaN,NaN,NaN,NaN
1417455360,NaN,NaN,NaN,NaN,NaN,NaN,NaN
1417455420,NaN,NaN,NaN,NaN,NaN,NaN,NaN
1417455480,NaN,NaN,NaN,NaN,NaN,NaN,NaN
1417455540,NaN,NaN,NaN,NaN,NaN,NaN,NaN
1417455600,NaN,NaN,NaN,NaN,NaN,NaN,NaN
1417455660,NaN,NaN,NaN,NaN,NaN,NaN,NaN
1417455720,NaN,NaN,NaN,NaN,NaN,NaN,NaN
1417455780,NaN,NaN,NaN,NaN,NaN,NaN,NaN
1417455840,NaN,NaN,NaN,NaN,NaN,NaN,NaN
1417455900,NaN,NaN,NaN,NaN,NaN,NaN,NaN
1417455960,NaN,NaN,NaN,NaN,NaN,NaN,NaN
1417456020,NaN,NaN,NaN,NaN,NaN,NaN,NaN
1417456080,NaN,NaN,NaN,NaN,NaN,NaN,NaN
1417456140,NaN,NaN,NaN,NaN,NaN,NaN,NaN
1417456200,NaN,NaN,NaN,NaN,NaN,NaN,NaN
1417456260,NaN,NaN,NaN,NaN,NaN,NaN,NaN
1417456320,NaN,NaN,NaN,NaN,NaN,NaN,NaN
1417456380,NaN,NaN,NaN,NaN,NaN,NaN,NaN
1417456440,NaN,NaN,NaN,NaN,NaN,NaN,NaN
1417456500,NaN,NaN,NaN,NaN,NaN,NaN,NaN
1417456560,NaN,NaN,NaN,NaN,NaN,NaN,NaN
1417456620,NaN,NaN,NaN,NaN,NaN,NaN,NaN
1417456680,NaN,NaN,NaN,NaN,NaN,NaN,NaN
1417456740,NaN,NaN,NaN,NaN,NaN,NaN,NaN
1417456800,NaN,NaN,NaN,NaN,NaN,NaN,NaN
1417456860,NaN,NaN,NaN,NaN,NaN,NaN,NaN
1417456920,NaN,NaN,NaN,NaN,NaN,NaN,NaN
1417456980,NaN,NaN,NaN,NaN,NaN,NaN,NaN
1417457040,NaN,NaN,NaN,NaN,NaN,NaN,NaN
1417457100,NaN,NaN,NaN,NaN,NaN,NaN,NaN
1417457160,NaN,NaN,NaN,NaN,NaN,NaN,NaN
1417457220,NaN,NaN,NaN,NaN,NaN,NaN,NaN
1417457280,NaN,NaN,NaN,NaN,NaN,NaN,NaN
1417457340,NaN,NaN,NaN,NaN,NaN,NaN,NaN
1417457400,NaN,NaN,NaN,NaN,NaN,NaN,NaN
1417457460,NaN,NaN,NaN,NaN,NaN,NaN,NaN
1417457520,NaN,NaN,NaN,NaN,NaN,NaN,NaN
1417457580,NaN,NaN,NaN,NaN,NaN,NaN,NaN
1417457640,NaN,NaN,NaN,NaN,NaN,NaN,NaN
1417457700,NaN,NaN,NaN,NaN,NaN,NaN,NaN
1417457760,NaN,NaN,NaN,NaN,NaN,NaN,NaN
1417457820,NaN,NaN,NaN,NaN,NaN,NaN,NaN
1417457880,NaN,NaN,NaN,NaN,NaN,NaN,NaN
1417457940,NaN,NaN,NaN,NaN,NaN,NaN,NaN
1417458000,NaN,NaN,NaN,NaN,NaN,NaN,NaN
1417458060,NaN,NaN,NaN,NaN,NaN,NaN,NaN
1417458120,NaN,NaN,NaN,NaN,NaN,NaN,NaN
1417458180,NaN,NaN,NaN,NaN,NaN,NaN,NaN
1417458240,NaN,NaN,NaN,NaN,NaN,NaN,NaN
1417458300,NaN,NaN,NaN,NaN,NaN,NaN,NaN
1417458360,NaN,NaN,NaN,NaN,NaN,NaN,NaN
1417458420,NaN,NaN,NaN,NaN,NaN,NaN,NaN
1417458480,NaN,NaN,NaN,NaN,NaN,NaN,NaN
1417458540,NaN,NaN,NaN,NaN,NaN,NaN,NaN
1417458600,NaN,NaN,NaN,NaN,NaN,NaN,NaN
1417458660,NaN,NaN,NaN,NaN,NaN,NaN,NaN
1417458720,NaN,NaN,NaN,NaN,NaN,NaN,NaN
1417458780,NaN,NaN,NaN,NaN,NaN,NaN,NaN
1417458840,NaN,NaN,NaN,NaN,NaN,NaN,NaN
1417458900,NaN,NaN,NaN,NaN,NaN,NaN,NaN
1417458960,NaN,NaN,NaN,NaN,NaN,NaN,NaN
1417459020,NaN,NaN,NaN,NaN,NaN,NaN,NaN
1417459080,NaN,NaN,NaN,NaN,NaN,NaN,NaN
1417459140,NaN,NaN,NaN,NaN,NaN,NaN,NaN
1417459200,NaN,NaN,NaN,NaN,NaN,NaN,NaN
1417459260,NaN,NaN,NaN,NaN,NaN,NaN,NaN
1417459320,NaN,NaN,NaN,NaN,NaN,NaN,NaN
1417459380,NaN,NaN,NaN,NaN,NaN,NaN,NaN
1417459440,NaN,NaN,NaN,NaN,NaN,NaN,NaN
1417459500,NaN,NaN,NaN,NaN,NaN,NaN,NaN
1417459560,NaN,NaN,NaN,NaN,NaN,NaN,NaN
1417459620,NaN,NaN,NaN,NaN,NaN,NaN,NaN
1417459680,NaN,NaN,NaN,NaN,NaN,NaN,NaN
1417459740,NaN,NaN,NaN,NaN,NaN,NaN,NaN
1417459800,NaN,NaN,NaN,NaN,NaN,NaN,NaN
1417459860,NaN,NaN,NaN,NaN,NaN,NaN,NaN
1417459920,NaN,NaN,NaN,NaN,NaN,NaN,NaN
1417459980,NaN,NaN,NaN,NaN,NaN,NaN,NaN
1417460040,NaN,NaN,NaN,NaN,NaN,NaN,NaN
1417460100,NaN,NaN,NaN,NaN,NaN,NaN,NaN
1417460160,NaN,NaN,NaN,NaN,NaN,NaN,NaN
1417460220,NaN,NaN,NaN,NaN,NaN,NaN,NaN
1417460280,NaN,NaN,NaN,NaN,NaN,NaN,NaN
1417460340,NaN,NaN,NaN,NaN,NaN,NaN,NaN
1417460400,NaN,NaN,NaN,NaN,NaN,NaN,NaN
1417460460,NaN,NaN,NaN,NaN,NaN,NaN,NaN
1417460520,NaN,NaN,NaN,NaN,NaN,NaN,NaN
1417460580,NaN,NaN,NaN,NaN,NaN,NaN,NaN
1417460640,NaN,NaN,NaN,NaN,NaN,NaN,NaN
1417460700,NaN,NaN,NaN,NaN,NaN,NaN,NaN
1417460760,NaN,NaN,NaN,NaN,NaN,NaN,NaN
1417460820,NaN,NaN,NaN,NaN,NaN,NaN,NaN
1417460880,NaN,NaN,NaN,NaN,NaN,NaN,NaN
1417460940,NaN,NaN,NaN,NaN,NaN,NaN,NaN
1417461000,NaN,NaN,NaN,NaN,NaN,NaN,NaN
1417461060,NaN,NaN,NaN,NaN,NaN,NaN,NaN
1417461120,NaN,NaN,NaN,NaN,NaN,NaN,NaN
1417461180,NaN,NaN,NaN,NaN,NaN,NaN,NaN
1417461240,NaN,NaN,NaN,NaN,NaN,NaN,NaN
1417461300,NaN,NaN,NaN,NaN,NaN,NaN,NaN
1417461360,NaN,NaN,NaN,NaN,NaN,NaN,NaN
1417461420,NaN,NaN,NaN,NaN,NaN,NaN,NaN
1417461480,NaN,NaN,NaN,NaN,NaN,NaN,NaN
1417461540,NaN,NaN,NaN,NaN,NaN,NaN,NaN
1417461600,NaN,NaN,NaN,NaN,NaN,NaN,NaN
1417461660,NaN,NaN,NaN,NaN,NaN,NaN,NaN
1417461720,NaN,NaN,NaN,NaN,NaN,NaN,NaN
1417461780,NaN,NaN,NaN,NaN,NaN,NaN,NaN
1417461840,NaN,NaN,NaN,NaN,NaN,NaN,NaN
1417461900,NaN,NaN,NaN,NaN,NaN,NaN,NaN
1417461960,NaN,NaN,NaN,NaN,NaN,NaN,NaN
1417462020,NaN,NaN,NaN,NaN,NaN,NaN,NaN
1417462080,NaN,NaN,NaN,NaN,NaN,NaN,NaN
1417462140,NaN,NaN,NaN,NaN,NaN,NaN,NaN
1417462200,NaN,NaN,NaN,NaN,NaN,NaN,NaN
1417462260,NaN,NaN,NaN,NaN,NaN,NaN,NaN
1417462320,NaN,NaN,NaN,NaN,NaN,NaN,NaN
1417462380,NaN,NaN,NaN,NaN,NaN,NaN,NaN
1417462440,NaN,NaN,NaN,NaN,NaN,NaN,NaN
1417462500,NaN,NaN,NaN,NaN,NaN,NaN,NaN
1417462560,NaN,NaN,NaN,NaN,NaN,NaN,NaN
1417462620,NaN,NaN,NaN,NaN,NaN,NaN,NaN
1417462680,NaN,NaN,NaN,NaN,NaN,NaN,NaN
1417462740,NaN,NaN,NaN,NaN,NaN,NaN,NaN
1417462800,NaN,NaN,NaN,NaN,NaN,NaN,NaN
1417462860,NaN,NaN,NaN,NaN,NaN,NaN,NaN
1417462920,NaN,NaN,NaN,NaN,NaN,NaN,NaN
1417462980,NaN,NaN,NaN,NaN,NaN,NaN,NaN
1417463040,NaN,NaN,NaN,NaN,NaN,NaN,NaN
1417463100,NaN,NaN,NaN,NaN,NaN,NaN,NaN
1417463160,NaN,NaN,NaN,NaN,NaN,NaN,NaN
1417463220,NaN,NaN,NaN,NaN,NaN,NaN,NaN
1417463280,NaN,NaN,NaN,NaN,NaN,NaN,NaN
1417463340,NaN,NaN,NaN,NaN,NaN,NaN,NaN
1417463400,NaN,NaN,NaN,NaN,NaN,NaN,NaN
1417463460,NaN,NaN,NaN,NaN,NaN,NaN,NaN
1417463520,NaN,NaN,NaN,NaN,NaN,NaN,NaN
1417463580,NaN,NaN,NaN,NaN,NaN,NaN,NaN
1417463640,NaN,NaN,NaN,NaN,NaN,NaN,NaN
1417463700,NaN,NaN,NaN,NaN,NaN,NaN,NaN
1417463760,NaN,NaN,NaN,NaN,NaN,NaN,NaN
1417463820,NaN,NaN,NaN,NaN,NaN,NaN,NaN
1417463880,NaN,NaN,NaN,NaN,NaN,NaN,NaN
1417463940,NaN,NaN,NaN,NaN,NaN,NaN,NaN
1417464000,NaN,NaN,NaN,NaN,NaN,NaN,NaN
1417464060,NaN,NaN,NaN,NaN,NaN,NaN,NaN
1417464120,NaN,NaN,NaN,NaN,NaN,NaN,NaN
1417464180,NaN,NaN,NaN,NaN,NaN,NaN,NaN
1417464240,NaN,NaN,NaN,NaN,NaN,NaN,NaN
1417464300,NaN,NaN,NaN,NaN,NaN,NaN,NaN
1417464360,NaN,NaN,NaN,NaN,NaN,NaN,NaN
1417464420,NaN,NaN,NaN,NaN,NaN,NaN,NaN
1417464480,NaN,NaN,NaN,NaN,NaN,NaN,NaN
1417464540,NaN,NaN,NaN,NaN,NaN,NaN,NaN
1417464600,NaN,NaN,NaN,NaN,NaN,NaN,NaN
1417464660,NaN,NaN,NaN,NaN,NaN,NaN,NaN
1417464720,NaN,NaN,NaN,NaN,NaN,NaN,NaN
1417464780,NaN,NaN,NaN,NaN,NaN,NaN,NaN
1417464840,NaN,NaN,NaN,NaN,NaN,NaN,NaN
1417464900,NaN,NaN,NaN,NaN,NaN,NaN,NaN
1417464960,NaN,NaN,NaN,NaN,NaN,NaN,NaN
1417465020,NaN,NaN,NaN,NaN,NaN,NaN,NaN
1417465080,NaN,NaN,NaN,NaN,NaN,NaN,NaN
1417465140,NaN,NaN,NaN,NaN,NaN,NaN,NaN
1417465200,NaN,NaN,NaN,NaN,NaN,NaN,NaN
1417465260,NaN,NaN,NaN,NaN,NaN,NaN,NaN
1417465320,NaN,NaN,NaN,NaN,NaN,NaN,NaN
1417465380,NaN,NaN,NaN,NaN,NaN,NaN,NaN
1417465440,NaN,NaN,NaN,NaN,NaN,NaN,NaN
1417465500,NaN,NaN,NaN,NaN,NaN,NaN,NaN
1417465560,NaN,NaN,NaN,NaN,NaN,NaN,NaN
1417465620,NaN,NaN,NaN,NaN,NaN,NaN,NaN
1417465680,NaN,NaN,NaN,NaN,NaN,NaN,NaN
1417465740,NaN,NaN,NaN,NaN,NaN,NaN,NaN
1417465800,NaN,NaN,NaN,NaN,NaN,NaN,NaN
1417465860,NaN,NaN,NaN,NaN,NaN,NaN,NaN
1417465920,NaN,NaN,NaN,NaN,NaN,NaN,NaN
1417465980,NaN,NaN,NaN,NaN,NaN,NaN,NaN
1417466040,NaN,NaN,NaN,NaN,NaN,NaN,NaN
1417466100,NaN,NaN,NaN,NaN,NaN,NaN,NaN
1417466160,NaN,NaN,NaN,NaN,NaN,NaN,NaN
1417466220,NaN,NaN,NaN,NaN,NaN,NaN,NaN
1417466280,NaN,NaN,NaN,NaN,NaN,NaN,NaN
1417466340,NaN,NaN,NaN,NaN,NaN,NaN,NaN
1417466400,NaN,NaN,NaN,NaN,NaN,NaN,NaN
1417466460,NaN,NaN,NaN,NaN,NaN,NaN,NaN
1417466520,NaN,NaN,NaN,NaN,NaN,NaN,NaN
1417466580,NaN,NaN,NaN,NaN,NaN,NaN,NaN
1417466640,NaN,NaN,NaN,NaN,NaN,NaN,NaN
1417466700,NaN,NaN,NaN,NaN,NaN,NaN,NaN
1417466760,NaN,NaN,NaN,NaN,NaN,NaN,NaN
1417466820,NaN,NaN,NaN,NaN,NaN,NaN,NaN
1417466880,NaN,NaN,NaN,NaN,NaN,NaN,NaN
1417466940,NaN,NaN,NaN,NaN,NaN,NaN,NaN
1417467000,NaN,NaN,NaN,NaN,NaN,NaN,NaN
1417467060,NaN,NaN,NaN,NaN,NaN,NaN,NaN
1417467120,NaN,NaN,NaN,NaN,NaN,NaN,NaN
1417467180,NaN,NaN,NaN,NaN,NaN,NaN,NaN
1417467240,NaN,NaN,NaN,NaN,NaN,NaN,NaN
1417467300,NaN,NaN,NaN,NaN,NaN,NaN,NaN
1417467360,NaN,NaN,NaN,NaN,NaN,NaN,NaN
1417467420,NaN,NaN,NaN,NaN,NaN,NaN,NaN
1417467480,NaN,NaN,NaN,NaN,NaN,NaN,NaN
1417467540,NaN,NaN,NaN,NaN,NaN,NaN,NaN
1417467600,NaN,NaN,NaN,NaN,NaN,NaN,NaN
1417467660,NaN,NaN,NaN,NaN,NaN,NaN,NaN
1417467720,NaN,NaN,NaN,NaN,NaN,NaN,NaN
1417467780,NaN,NaN,NaN,NaN,NaN,NaN,NaN
1417467840,NaN,NaN,NaN,NaN,NaN,NaN,NaN
1417467900,NaN,NaN,NaN,NaN,NaN,NaN,NaN
1417467960,NaN,NaN,NaN,NaN,NaN,NaN,NaN
1417468020,NaN,NaN,NaN,NaN,NaN,NaN,NaN
1417468080,NaN,NaN,NaN,NaN,NaN,NaN,NaN
1417468140,NaN,NaN,NaN,NaN,NaN,NaN,NaN
1417468200,NaN,NaN,NaN,NaN,NaN,NaN,NaN
1417468260,NaN,NaN,NaN,NaN,NaN,NaN,NaN
1417468320,NaN,NaN,NaN,NaN,NaN,NaN,NaN
1417468380,NaN,NaN,NaN,NaN,NaN,NaN,NaN
1417468440,NaN,NaN,NaN,NaN,NaN,NaN,NaN
1417468500,NaN,NaN,NaN,NaN,NaN,NaN,NaN
1417468560,NaN,NaN,NaN,NaN,NaN,NaN,NaN
1417468620,NaN,NaN,NaN,NaN,NaN,NaN,NaN
1417468680,NaN,NaN,NaN,NaN,NaN,NaN,NaN
1417468740,NaN,NaN,NaN,NaN,NaN,NaN,NaN
1417468800,NaN,NaN,NaN,NaN,NaN,NaN,NaN
1417468860,NaN,NaN,NaN,NaN,NaN,NaN,NaN
1417468920,NaN,NaN,NaN,NaN,NaN,NaN,NaN
1417468980,NaN,NaN,NaN,NaN,NaN,NaN,NaN
1417469040,NaN,NaN,NaN,NaN,NaN,NaN,NaN
1417469100,NaN,NaN,NaN,NaN,NaN,NaN,NaN
1417469160,NaN,NaN,NaN,NaN,NaN,NaN,NaN
1417469220,NaN,NaN,NaN,NaN,NaN,NaN,NaN
1417469280,NaN,NaN,NaN,NaN,NaN,NaN,NaN
1417469340,NaN,NaN,NaN,NaN,NaN,NaN,NaN
1417469400,NaN,NaN,NaN,NaN,NaN,NaN,NaN
1417469460,NaN,NaN,NaN,NaN,NaN,NaN,NaN
1417469520,NaN,NaN,NaN,NaN,NaN,NaN,NaN
1417469580,NaN,NaN,NaN,NaN,NaN,NaN,NaN
1417469640,NaN,NaN,NaN,NaN,NaN,NaN,NaN
1417469700,NaN,NaN,NaN,NaN,NaN,NaN,NaN
1417469760,NaN,NaN,NaN,NaN,NaN,NaN,NaN
1417469820,NaN,NaN,NaN,NaN,NaN,NaN,NaN
1417469880,NaN,NaN,NaN,NaN,NaN,NaN,NaN
1417469940,NaN,NaN,NaN,NaN,NaN,NaN,NaN
1417470000,NaN,NaN,NaN,NaN,NaN,NaN,NaN
1417470060,NaN,NaN,NaN,NaN,NaN,NaN,NaN
1417470120,NaN,NaN,NaN,NaN,NaN,NaN,NaN
1417470180,NaN,NaN,NaN,NaN,NaN,NaN,NaN
1417470240,NaN,NaN,NaN,NaN,NaN,NaN,NaN
1417470300,NaN,NaN,NaN,NaN,NaN,NaN,NaN
1417470360,NaN,NaN,NaN,NaN,NaN,NaN,NaN
1417470420,NaN,NaN,NaN,NaN,NaN,NaN,NaN
1417470480,NaN,NaN,NaN,NaN,NaN,NaN,NaN
1417470540,NaN,NaN,NaN,NaN,NaN,NaN,NaN
1417470600,NaN,NaN,NaN,NaN,NaN,NaN,NaN
1417470660,NaN,NaN,NaN,NaN,NaN,NaN,NaN
1417470720,NaN,NaN,NaN,NaN,NaN,NaN,NaN
1417470780,NaN,NaN,NaN,NaN,NaN,NaN,NaN
1417470840,NaN,NaN,NaN,NaN,NaN,NaN,NaN
1417470900,NaN,NaN,NaN,NaN,NaN,NaN,NaN
1417470960,NaN,NaN,NaN,NaN,NaN,NaN,NaN
1417471020,NaN,NaN,NaN,NaN,NaN,NaN,NaN
1417471080,NaN,NaN,NaN,NaN,NaN,NaN,NaN
1417471140,NaN,NaN,NaN,NaN,NaN,NaN,NaN
1417471200,NaN,NaN,NaN,NaN,NaN,NaN,NaN
1417471260,NaN,NaN,NaN,NaN,NaN,NaN,NaN
1417471320,NaN,NaN,NaN,NaN,NaN,NaN,NaN
1417471380,NaN,NaN,NaN,NaN,NaN,NaN,NaN
1417471440,NaN,NaN,NaN,NaN,NaN,NaN,NaN
1417471500,NaN,NaN,NaN,NaN,NaN,NaN,NaN
1417471560,NaN,NaN,NaN,NaN,NaN,NaN,NaN
1417471620,NaN,NaN,NaN,NaN,NaN,NaN,NaN
1417471680,NaN,NaN,NaN,NaN,NaN,NaN,NaN
1417471740,NaN,NaN,NaN,NaN,NaN,NaN,NaN
1417471800,NaN,NaN,NaN,NaN,NaN,NaN,NaN
1417471860,NaN,NaN,NaN,NaN,NaN,NaN,NaN
1417471920,NaN,NaN,NaN,NaN,NaN,NaN,NaN
1417471980,NaN,NaN,NaN,NaN,NaN,NaN,NaN
1417472040,NaN,NaN,NaN,NaN,NaN,NaN,NaN
1417472100,NaN,NaN,NaN,NaN,NaN,NaN,NaN
1417472160,NaN,NaN,NaN,NaN,NaN,NaN,NaN
1417472220,NaN,NaN,NaN,NaN,NaN,NaN,NaN
1417472280,NaN,NaN,NaN,NaN,NaN,NaN,NaN
1417472340,NaN,NaN,NaN,NaN,NaN,NaN,NaN
1417472400,NaN,NaN,NaN,NaN,NaN,NaN,NaN
1417472460,NaN,NaN,NaN,NaN,NaN,NaN,NaN
1417472520,NaN,NaN,NaN,NaN,NaN,NaN,NaN
1417472580,NaN,NaN,NaN,NaN,NaN,NaN,NaN
1417472640,NaN,NaN,NaN,NaN,NaN,NaN,NaN
1417472700,NaN,NaN,NaN,NaN,NaN,NaN,NaN
1417472760,NaN,NaN,NaN,NaN,NaN,NaN,NaN
1417472820,NaN,NaN,NaN,NaN,NaN,NaN,NaN
1417472880,NaN,NaN,NaN,NaN,NaN,NaN,NaN
1417472940,NaN,NaN,NaN,NaN,NaN,NaN,NaN
1417473000,NaN,NaN,NaN,NaN,NaN,NaN,NaN
1417473060,NaN,NaN,NaN,NaN,NaN,NaN,NaN
1417473120,NaN,NaN,NaN,NaN,NaN,NaN,NaN
1417473180,NaN,NaN,NaN,NaN,NaN,NaN,NaN
1417473240,NaN,NaN,NaN,NaN,NaN,NaN,NaN
1417473300,NaN,NaN,NaN,NaN,NaN,NaN,NaN
1417473360,NaN,NaN,NaN,NaN,NaN,NaN,NaN
1417473420,NaN,NaN,NaN,NaN,NaN,NaN,NaN
1417473480,NaN,NaN,NaN,NaN,NaN,NaN,NaN
1417473540,NaN,NaN,NaN,NaN,NaN,NaN,NaN
1417473600,NaN,NaN,NaN,NaN,NaN,NaN,NaN
1417473660,NaN,NaN,NaN,NaN,NaN,NaN,NaN
1417473720,NaN,NaN,NaN,NaN,NaN,NaN,NaN
1417473780,NaN,NaN,NaN,NaN,NaN,NaN,NaN
1417473840,NaN,NaN,NaN,NaN,NaN,NaN,NaN
1417473900,NaN,NaN,NaN,NaN,NaN,NaN,NaN
1417473960,NaN,NaN,NaN,NaN,NaN,NaN,NaN
1417474020,NaN,NaN,NaN,NaN,NaN,NaN,NaN
1417474080,NaN,NaN,NaN,NaN,NaN,NaN,NaN
1417474140,NaN,NaN,NaN,NaN,NaN,NaN,NaN
1417474200,NaN,NaN,NaN,NaN,NaN,NaN,NaN
1417474260,NaN,NaN,NaN,NaN,NaN,NaN,NaN
1417474320,NaN,NaN,NaN,NaN,NaN,NaN,NaN
1417474380,NaN,NaN,NaN,NaN,NaN,NaN,NaN
1417474440,NaN,NaN,NaN,NaN,NaN,NaN,NaN
1417474500,NaN,NaN,NaN,NaN,NaN,NaN,NaN
1417474560,NaN,NaN,NaN,NaN,NaN,NaN,NaN
1417474620,NaN,NaN,NaN,NaN,NaN,NaN,NaN
1417474680,NaN,NaN,NaN,NaN,NaN,NaN,NaN
1417474740,NaN,NaN,NaN,NaN,NaN,NaN,NaN
1417474800,NaN,NaN,NaN,NaN,NaN,NaN,NaN
1417474860,NaN,NaN,NaN,NaN,NaN,NaN,NaN
1417474920,NaN,NaN,NaN,NaN,NaN,NaN,NaN
1417474980,NaN,NaN,NaN,NaN,NaN,NaN,NaN
1417475040,NaN,NaN,NaN,NaN,NaN,NaN,NaN
1417475100,NaN,NaN,NaN,NaN,NaN,NaN,NaN
1417475160,NaN,NaN,NaN,NaN,NaN,NaN,NaN
1417475220,NaN,NaN,NaN,NaN,NaN,NaN,NaN
1417475280,NaN,NaN,NaN,NaN,NaN,NaN,NaN
1417475340,NaN,NaN,NaN,NaN,NaN,NaN,NaN
1417475400,NaN,NaN,NaN,NaN,NaN,NaN,NaN
1417475460,NaN,NaN,NaN,NaN,NaN,NaN,NaN
1417475520,NaN,NaN,NaN,NaN,NaN,NaN,NaN
1417475580,NaN,NaN,NaN,NaN,NaN,NaN,NaN
1417475640,NaN,NaN,NaN,NaN,NaN,NaN,NaN
1417475700,NaN,NaN,NaN,NaN,NaN,NaN,NaN
1417475760,NaN,NaN,NaN,NaN,NaN,NaN,NaN
1417475820,NaN,NaN,NaN,NaN,NaN,NaN,NaN
1417475880,NaN,NaN,NaN,NaN,NaN,NaN,NaN
1417475940,NaN,NaN,NaN,NaN,NaN,NaN,NaN
1417476000,NaN,NaN,NaN,NaN,NaN,NaN,NaN
1417476060,NaN,NaN,NaN,NaN,NaN,NaN,NaN
1417476120,NaN,NaN,NaN,NaN,NaN,NaN,NaN
1417476180,NaN,NaN,NaN,NaN,NaN,NaN,NaN
1417476240,NaN,NaN,NaN,NaN,NaN,NaN,NaN
1417476300,NaN,NaN,NaN,NaN,NaN,NaN,NaN
1417476360,NaN,NaN,NaN,NaN,NaN,NaN,NaN
1417476420,NaN,NaN,NaN,NaN,NaN,NaN,NaN
1417476480,NaN,NaN,NaN,NaN,NaN,NaN,NaN
1417476540,NaN,NaN,NaN,NaN,NaN,NaN,NaN
1417476600,NaN,NaN,NaN,NaN,NaN,NaN,NaN
1417476660,NaN,NaN,NaN,NaN,NaN,NaN,NaN
1417476720,NaN,NaN,NaN,NaN,NaN,NaN,NaN
1417476780,NaN,NaN,NaN,NaN,NaN,NaN,NaN
1417476840,NaN,NaN,NaN,NaN,NaN,NaN,NaN
1417476900,NaN,NaN,NaN,NaN,NaN,NaN,NaN
1417476960,NaN,NaN,NaN,NaN,NaN,NaN,NaN
1417477020,NaN,NaN,NaN,NaN,NaN,NaN,NaN
1417477080,NaN,NaN,NaN,NaN,NaN,NaN,NaN
1417477140,NaN,NaN,NaN,NaN,NaN,NaN,NaN
1417477200,NaN,NaN,NaN,NaN,NaN,NaN,NaN
1417477260,NaN,NaN,NaN,NaN,NaN,NaN,NaN
1417477320,NaN,NaN,NaN,NaN,NaN,NaN,NaN
1417477380,NaN,NaN,NaN,NaN,NaN,NaN,NaN
1417477440,NaN,NaN,NaN,NaN,NaN,NaN,NaN
1417477500,NaN,NaN,NaN,NaN,NaN,NaN,NaN
1417477560,NaN,NaN,NaN,NaN,NaN,NaN,NaN
1417477620,NaN,NaN,NaN,NaN,NaN,NaN,NaN
1417477680,NaN,NaN,NaN,NaN,NaN,NaN,NaN
1417477740,NaN,NaN,NaN,NaN,NaN,NaN,NaN
1417477800,NaN,NaN,NaN,NaN,NaN,NaN,NaN
1417477860,NaN,NaN,NaN,NaN,NaN,NaN,NaN
1417477920,NaN,NaN,NaN,NaN,NaN,NaN,NaN
1417477980,NaN,NaN,NaN,NaN,NaN,NaN,NaN
1417478040,NaN,NaN,NaN,NaN,NaN,NaN,NaN
1417478100,NaN,NaN,NaN,NaN,NaN,NaN,NaN
1417478160,NaN,NaN,NaN,NaN,NaN,NaN,NaN
1417478220,NaN,NaN,NaN,NaN,NaN,NaN,NaN
1417478280,NaN,NaN,NaN,NaN,NaN,NaN,NaN
1417478340,NaN,NaN,NaN,NaN,NaN,NaN,NaN
1417478400,NaN,NaN,NaN,NaN,NaN,NaN,NaN
1417478460,NaN,NaN,NaN,NaN,NaN,NaN,NaN
1417478520,NaN,NaN,NaN,NaN,NaN,NaN,NaN
1417478580,NaN,NaN,NaN,NaN,NaN,NaN,NaN
1417478640,NaN,NaN,NaN,NaN,NaN,NaN,NaN
1417478700,NaN,NaN,NaN,NaN,NaN,NaN,NaN
1417478760,NaN,NaN,NaN,NaN,NaN,NaN,NaN
1417478820,NaN,NaN,NaN,NaN,NaN,NaN,NaN
1417478880,NaN,NaN,NaN,NaN,NaN,NaN,NaN
1417478940,NaN,NaN,NaN,NaN,NaN,NaN,NaN
1417479000,NaN,NaN,NaN,NaN,NaN,NaN,NaN
1417479060,NaN,NaN,NaN,NaN,NaN,NaN,NaN
1417479120,NaN,NaN,NaN,NaN,NaN,NaN,NaN
1417479180,NaN,NaN,NaN,NaN,NaN,NaN,NaN
1417479240,NaN,NaN,NaN,NaN,NaN,NaN,NaN
1417479300,NaN,NaN,NaN,NaN,NaN,NaN,NaN
1417479360,NaN,NaN,NaN,NaN,NaN,NaN,NaN
1417479420,NaN,NaN,NaN,NaN,NaN,NaN,NaN
1417479480,NaN,NaN,NaN,NaN,NaN,NaN,NaN
1417479540,NaN,NaN,NaN,NaN,NaN,NaN,NaN
1417479600,NaN,NaN,NaN,NaN,NaN,NaN,NaN
1417479660,NaN,NaN,NaN,NaN,NaN,NaN,NaN
1417479720,NaN,NaN,NaN,NaN,NaN,NaN,NaN
1417479780,NaN,NaN,NaN,NaN,NaN,NaN,NaN
1417479840,NaN,NaN,NaN,NaN,NaN,NaN,NaN
1417479900,NaN,NaN,NaN,NaN,NaN,NaN,NaN
1417479960,NaN,NaN,NaN,NaN,NaN,NaN,NaN
1417480020,NaN,NaN,NaN,NaN,NaN,NaN,NaN
1417480080,NaN,NaN,NaN,NaN,NaN,NaN,NaN
1417480140,NaN,NaN,NaN,NaN,NaN,NaN,NaN
1417480200,NaN,NaN,NaN,NaN,NaN,NaN,NaN
1417480260,NaN,NaN,NaN,NaN,NaN,NaN,NaN
1417480320,NaN,NaN,NaN,NaN,NaN,NaN,NaN
1417480380,NaN,NaN,NaN,NaN,NaN,NaN,NaN
1417480440,NaN,NaN,NaN,NaN,NaN,NaN,NaN
1417480500,NaN,NaN,NaN,NaN,NaN,NaN,NaN
1417480560,NaN,NaN,NaN,NaN,NaN,NaN,NaN
1417480620,NaN,NaN,NaN,NaN,NaN,NaN,NaN
1417480680,NaN,NaN,NaN,NaN,NaN,NaN,NaN
1417480740,NaN,NaN,NaN,NaN,NaN,NaN,NaN
1417480800,NaN,NaN,NaN,NaN,NaN,NaN,NaN
1417480860,NaN,NaN,NaN,NaN,NaN,NaN,NaN
1417480920,NaN,NaN,NaN,NaN,NaN,NaN,NaN
1417480980,NaN,NaN,NaN,NaN,NaN,NaN,NaN
1417481040,NaN,NaN,NaN,NaN,NaN,NaN,NaN
1417481100,NaN,NaN,NaN,NaN,NaN,NaN,NaN
1417481160,NaN,NaN,NaN,NaN,NaN,NaN,NaN
1417481220,NaN,NaN,NaN,NaN,NaN,NaN,NaN
1417481280,NaN,NaN,NaN,NaN,NaN,NaN,NaN
1417481340,NaN,NaN,NaN,NaN,NaN,NaN,NaN
1417481400,NaN,NaN,NaN,NaN,NaN,NaN,NaN
1417481460,NaN,NaN,NaN,NaN,NaN,NaN,NaN
1417481520,NaN,NaN,NaN,NaN,NaN,NaN,NaN
1417481580,NaN,NaN,NaN,NaN,NaN,NaN,NaN
1417481640,NaN,NaN,NaN,NaN,NaN,NaN,NaN
1417481700,NaN,NaN,NaN,NaN,NaN,NaN,NaN
1417481760,NaN,NaN,NaN,NaN,NaN,NaN,NaN
1417481820,NaN,NaN,NaN,NaN,NaN,NaN,NaN
1417481880,NaN,NaN,NaN,NaN,NaN,NaN,NaN
1417481940,NaN,NaN,NaN,NaN,NaN,NaN,NaN
1417482000,NaN,NaN,NaN,NaN,NaN,NaN,NaN
1417482060,NaN,NaN,NaN,NaN,NaN,NaN,NaN
1417482120,NaN,NaN,NaN,NaN,NaN,NaN,NaN
1417482180,NaN,NaN,NaN,NaN,NaN,NaN,NaN
1417482240,NaN,NaN,NaN,NaN,NaN,NaN,NaN
1417482300,NaN,NaN,NaN,NaN,NaN,NaN,NaN
1417482360,NaN,NaN,NaN,NaN,NaN,NaN,NaN
1417482420,NaN,NaN,NaN,NaN,NaN,NaN,NaN
1417482480,NaN,NaN,NaN,NaN,NaN,NaN,NaN
1417482540,NaN,NaN,NaN,NaN,NaN,NaN,NaN
1417482600,NaN,NaN,NaN,NaN,NaN,NaN,NaN
1417482660,NaN,NaN,NaN,NaN,NaN,NaN,NaN
1417482720,NaN,NaN,NaN,NaN,NaN,NaN,NaN
1417482780,NaN,NaN,NaN,NaN,NaN,NaN,NaN
1417482840,NaN,NaN,NaN,NaN,NaN,NaN,NaN
1417482900,NaN,NaN,NaN,NaN,NaN,NaN,NaN
1417482960,NaN,NaN,NaN,NaN,NaN,NaN,NaN
1417483020,NaN,NaN,NaN,NaN,NaN,NaN,NaN
1417483080,NaN,NaN,NaN,NaN,NaN,NaN,NaN
1417483140,NaN,NaN,NaN,NaN,NaN,NaN,NaN
1417483200,NaN,NaN,NaN,NaN,NaN,NaN,NaN
1417483260,NaN,NaN,NaN,NaN,NaN,NaN,NaN
1417483320,NaN,NaN,NaN,NaN,NaN,NaN,NaN
1417483380,NaN,NaN,NaN,NaN,NaN,NaN,NaN
1417483440,NaN,NaN,NaN,NaN,NaN,NaN,NaN
1417483500,NaN,NaN,NaN,NaN,NaN,NaN,NaN
1417483560,NaN,NaN,NaN,NaN,NaN,NaN,NaN
1417483620,NaN,NaN,NaN,NaN,NaN,NaN,NaN
1417483680,NaN,NaN,NaN,NaN,NaN,NaN,NaN
1417483740,NaN,NaN,NaN,NaN,NaN,NaN,NaN
1417483800,NaN,NaN,NaN,NaN,NaN,NaN,NaN
1417483860,NaN,NaN,NaN,NaN,NaN,NaN,NaN
1417483920,NaN,NaN,NaN,NaN,NaN,NaN,NaN
1417483980,NaN,NaN,NaN,NaN,NaN,NaN,NaN
1417484040,NaN,NaN,NaN,NaN,NaN,NaN,NaN
1417484100,NaN,NaN,NaN,NaN,NaN,NaN,NaN
1417484160,NaN,NaN,NaN,NaN,NaN,NaN,NaN
1417484220,NaN,NaN,NaN,NaN,NaN,NaN,NaN
1417484280,NaN,NaN,NaN,NaN,NaN,NaN,NaN
1417484340,NaN,NaN,NaN,NaN,NaN,NaN,NaN
1417484400,NaN,NaN,NaN,NaN,NaN,NaN,NaN
1417484460,NaN,NaN,NaN,NaN,NaN,NaN,NaN
1417484520,NaN,NaN,NaN,NaN,NaN,NaN,NaN
1417484580,NaN,NaN,NaN,NaN,NaN,NaN,NaN
1417484640,NaN,NaN,NaN,NaN,NaN,NaN,NaN
1417484700,NaN,NaN,NaN,NaN,NaN,NaN,NaN
1417484760,NaN,NaN,NaN,NaN,NaN,NaN,NaN
1417484820,NaN,NaN,NaN,NaN,NaN,NaN,NaN
1417484880,NaN,NaN,NaN,NaN,NaN,NaN,NaN
1417484940,NaN,NaN,NaN,NaN,NaN,NaN,NaN
1417485000,NaN,NaN,NaN,NaN,NaN,NaN,NaN
1417485060,NaN,NaN,NaN,NaN,NaN,NaN,NaN
1417485120,NaN,NaN,NaN,NaN,NaN,NaN,NaN
1417485180,NaN,NaN,NaN,NaN,NaN,NaN,NaN
1417485240,NaN,NaN,NaN,NaN,NaN,NaN,NaN
1417485300,NaN,NaN,NaN,NaN,NaN,NaN,NaN
1417485360,NaN,NaN,NaN,NaN,NaN,NaN,NaN
1417485420,NaN,NaN,NaN,NaN,NaN,NaN,NaN
1417485480,NaN,NaN,NaN,NaN,NaN,NaN,NaN
1417485540,NaN,NaN,NaN,NaN,NaN,NaN,NaN
1417485600,NaN,NaN,NaN,NaN,NaN,NaN,NaN
1417485660,NaN,NaN,NaN,NaN,NaN,NaN,NaN
1417485720,NaN,NaN,NaN,NaN,NaN,NaN,NaN
1417485780,NaN,NaN,NaN,NaN,NaN,NaN,NaN
1417485840,NaN,NaN,NaN,NaN,NaN,NaN,NaN
1417485900,NaN,NaN,NaN,NaN,NaN,NaN,NaN
1417485960,NaN,NaN,NaN,NaN,NaN,NaN,NaN
1417486020,NaN,NaN,NaN,NaN,NaN,NaN,NaN
1417486080,NaN,NaN,NaN,NaN,NaN,NaN,NaN
1417486140,NaN,NaN,NaN,NaN,NaN,NaN,NaN
1417486200,NaN,NaN,NaN,NaN,NaN,NaN,NaN
1417486260,NaN,NaN,NaN,NaN,NaN,NaN,NaN
1417486320,NaN,NaN,NaN,NaN,NaN,NaN,NaN
1417486380,NaN,NaN,NaN,NaN,NaN,NaN,NaN
1417486440,NaN,NaN,NaN,NaN,NaN,NaN,NaN
1417486500,NaN,NaN,NaN,NaN,NaN,NaN,NaN
1417486560,NaN,NaN,NaN,NaN,NaN,NaN,NaN
1417486620,NaN,NaN,NaN,NaN,NaN,NaN,NaN
1417486680,NaN,NaN,NaN,NaN,NaN,NaN,NaN
1417486740,NaN,NaN,NaN,NaN,NaN,NaN,NaN
1417486800,NaN,NaN,NaN,NaN,NaN,NaN,NaN
1417486860,NaN,NaN,NaN,NaN,NaN,NaN,NaN
1417486920,NaN,NaN,NaN,NaN,NaN,NaN,NaN
1417486980,NaN,NaN,NaN,NaN,NaN,NaN,NaN
1417487040,NaN,NaN,NaN,NaN,NaN,NaN,NaN
1417487100,NaN,NaN,NaN,NaN,NaN,NaN,NaN
1417487160,NaN,NaN,NaN,NaN,NaN,NaN,NaN
1417487220,NaN,NaN,NaN,NaN,NaN,NaN,NaN
1417487280,NaN,NaN,NaN,NaN,NaN,NaN,NaN
1417487340,NaN,NaN,NaN,NaN,NaN,NaN,NaN
1417487400,NaN,NaN,NaN,NaN,NaN,NaN,NaN
1417487460,NaN,NaN,NaN,NaN,NaN,NaN,NaN
1417487520,NaN,NaN,NaN,NaN,NaN,NaN,NaN
1417487580,NaN,NaN,NaN,NaN,NaN,NaN,NaN
1417487640,NaN,NaN,NaN,NaN,NaN,NaN,NaN
1417487700,NaN,NaN,NaN,NaN,NaN,NaN,NaN
1417487760,NaN,NaN,NaN,NaN,NaN,NaN,NaN
1417487820,NaN,NaN,NaN,NaN,NaN,NaN,NaN
1417487880,NaN,NaN,NaN,NaN,NaN,NaN,NaN
1417487940,NaN,NaN,NaN,NaN,NaN,NaN,NaN
1417488000,NaN,NaN,NaN,NaN,NaN,NaN,NaN
1417488060,NaN,NaN,NaN,NaN,NaN,NaN,NaN
1417488120,NaN,NaN,NaN,NaN,NaN,NaN,NaN
1417488180,NaN,NaN,NaN,NaN,NaN,NaN,NaN
1417488240,NaN,NaN,NaN,NaN,NaN,NaN,NaN
1417488300,NaN,NaN,NaN,NaN,NaN,NaN,NaN
1417488360,NaN,NaN,NaN,NaN,NaN,NaN,NaN
1417488420,NaN,NaN,NaN,NaN,NaN,NaN,NaN
1417488480,NaN,NaN,NaN,NaN,NaN,NaN,NaN
1417488540,NaN,NaN,NaN,NaN,NaN,NaN,NaN
1417488600,NaN,NaN,NaN,NaN,NaN,NaN,NaN
1417488660,NaN,NaN,NaN,NaN,NaN,NaN,NaN
1417488720,NaN,NaN,NaN,NaN,NaN,NaN,NaN
1417488780,NaN,NaN,NaN,NaN,NaN,NaN,NaN
1417488840,NaN,NaN,NaN,NaN,NaN,NaN,NaN
1417488900,NaN,NaN,NaN,NaN,NaN,NaN,NaN
1417488960,NaN,NaN,NaN,NaN,NaN,NaN,NaN
1417489020,NaN,NaN,NaN,NaN,NaN,NaN,NaN
1417489080,NaN,NaN,NaN,NaN,NaN,NaN,NaN
1417489140,NaN,NaN,NaN,NaN,NaN,NaN,NaN
1417489200,NaN,NaN,NaN,NaN,NaN,NaN,NaN
1417489260,NaN,NaN,NaN,NaN,NaN,NaN,NaN
1417489320,NaN,NaN,NaN,NaN,NaN,NaN,NaN
1417489380,NaN,NaN,NaN,NaN,NaN,NaN,NaN
1417489440,NaN,NaN,NaN,NaN,NaN,NaN,NaN
1417489500,NaN,NaN,NaN,NaN,NaN,NaN,NaN
1417489560,NaN,NaN,NaN,NaN,NaN,NaN,NaN
1417489620,NaN,NaN,NaN,NaN,NaN,NaN,NaN
1417489680,NaN,NaN,NaN,NaN,NaN,NaN,NaN
1417489740,NaN,NaN,NaN,NaN,NaN,NaN,NaN
1417489800,NaN,NaN,NaN,NaN,NaN,NaN,NaN
1417489860,NaN,NaN,NaN,NaN,NaN,NaN,NaN
1417489920,NaN,NaN,NaN,NaN,NaN,NaN,NaN
1417489980,NaN,NaN,NaN,NaN,NaN,NaN,NaN
1417490040,NaN,NaN,NaN,NaN,NaN,NaN,NaN
1417490100,NaN,NaN,NaN,NaN,NaN,NaN,NaN
1417490160,NaN,NaN,NaN,NaN,NaN,NaN,NaN
1417490220,NaN,NaN,NaN,NaN,NaN,NaN,NaN
1417490280,NaN,NaN,NaN,NaN,NaN,NaN,NaN
1417490340,NaN,NaN,NaN,NaN,NaN,NaN,NaN
1417490400,NaN,NaN,NaN,NaN,NaN,NaN,NaN
1417490460,NaN,NaN,NaN,NaN,NaN,NaN,NaN
1417490520,NaN,NaN,NaN,NaN,NaN,NaN,NaN
1417490580,NaN,NaN,NaN,NaN,NaN,NaN,NaN
1417490640,NaN,NaN,NaN,NaN,NaN,NaN,NaN
1417490700,NaN,NaN,NaN,NaN,NaN,NaN,NaN
1417490760,NaN,NaN,NaN,NaN,NaN,NaN,NaN
1417490820,NaN,NaN,NaN,NaN,NaN,NaN,NaN
1417490880,NaN,NaN,NaN,NaN,NaN,NaN,NaN
1417490940,NaN,NaN,NaN,NaN,NaN,NaN,NaN
1417491000,NaN,NaN,NaN,NaN,NaN,NaN,NaN
1417491060,NaN,NaN,NaN,NaN,NaN,NaN,NaN
1417491120,NaN,NaN,NaN,NaN,NaN,NaN,NaN
1417491180,NaN,NaN,NaN,NaN,NaN,NaN,NaN
1417491240,NaN,NaN,NaN,NaN,NaN,NaN,NaN
1417491300,NaN,NaN,NaN,NaN,NaN,NaN,NaN
1417491360,NaN,NaN,NaN,NaN,NaN,NaN,NaN
1417491420,NaN,NaN,NaN,NaN,NaN,NaN,NaN
1417491480,NaN,NaN,NaN,NaN,NaN,NaN,NaN
1417491540,NaN,NaN,NaN,NaN,NaN,NaN,NaN
1417491600,NaN,NaN,NaN,NaN,NaN,NaN,NaN
1417491660,NaN,NaN,NaN,NaN,NaN,NaN,NaN
1417491720,NaN,NaN,NaN,NaN,NaN,NaN,NaN
1417491780,NaN,NaN,NaN,NaN,NaN,NaN,NaN
1417491840,NaN,NaN,NaN,NaN,NaN,NaN,NaN
1417491900,NaN,NaN,NaN,NaN,NaN,NaN,NaN
1417491960,NaN,NaN,NaN,NaN,NaN,NaN,NaN
1417492020,NaN,NaN,NaN,NaN,NaN,NaN,NaN
1417492080,NaN,NaN,NaN,NaN,NaN,NaN,NaN
1417492140,NaN,NaN,NaN,NaN,NaN,NaN,NaN
1417492200,NaN,NaN,NaN,NaN,NaN,NaN,NaN
1417492260,NaN,NaN,NaN,NaN,NaN,NaN,NaN
1417492320,NaN,NaN,NaN,NaN,NaN,NaN,NaN
1417492380,NaN,NaN,NaN,NaN,NaN,NaN,NaN
1417492440,NaN,NaN,NaN,NaN,NaN,NaN,NaN
1417492500,NaN,NaN,NaN,NaN,NaN,NaN,NaN
1417492560,NaN,NaN,NaN,NaN,NaN,NaN,NaN
1417492620,NaN,NaN,NaN,NaN,NaN,NaN,NaN
1417492680,NaN,NaN,NaN,NaN,NaN,NaN,NaN
1417492740,NaN,NaN,NaN,NaN,NaN,NaN,NaN
1417492800,NaN,NaN,NaN,NaN,NaN,NaN,NaN
1417492860,NaN,NaN,NaN,NaN,NaN,NaN,NaN
1417492920,NaN,NaN,NaN,NaN,NaN,NaN,NaN
1417492980,NaN,NaN,NaN,NaN,NaN,NaN,NaN
1417493040,NaN,NaN,NaN,NaN,NaN,NaN,NaN
1417493100,NaN,NaN,NaN,NaN,NaN,NaN,NaN
1417493160,NaN,NaN,NaN,NaN,NaN,NaN,NaN
1417493220,NaN,NaN,NaN,NaN,NaN,NaN,NaN
1417493280,NaN,NaN,NaN,NaN,NaN,NaN,NaN
1417493340,NaN,NaN,NaN,NaN,NaN,NaN,NaN
1417493400,NaN,NaN,NaN,NaN,NaN,NaN,NaN
1417493460,NaN,NaN,NaN,NaN,NaN,NaN,NaN
1417493520,NaN,NaN,NaN,NaN,NaN,NaN,NaN
1417493580,NaN,NaN,NaN,NaN,NaN,NaN,NaN
1417493640,NaN,NaN,NaN,NaN,NaN,NaN,NaN
1417493700,NaN,NaN,NaN,NaN,NaN,NaN,NaN
1417493760,NaN,NaN,NaN,NaN,NaN,NaN,NaN
1417493820,NaN,NaN,NaN,NaN,NaN,NaN,NaN
1417493880,NaN,NaN,NaN,NaN,NaN,NaN,NaN
1417493940,NaN,NaN,NaN,NaN,NaN,NaN,NaN
1417494000,NaN,NaN,NaN,NaN,NaN,NaN,NaN
1417494060,NaN,NaN,NaN,NaN,NaN,NaN,NaN
1417494120,NaN,NaN,NaN,NaN,NaN,NaN,NaN
1417494180,NaN,NaN,NaN,NaN,NaN,NaN,NaN
1417494240,NaN,NaN,NaN,NaN,NaN,NaN,NaN
1417494300,NaN,NaN,NaN,NaN,NaN,NaN,NaN
1417494360,NaN,NaN,NaN,NaN,NaN,NaN,NaN
1417494420,NaN,NaN,NaN,NaN,NaN,NaN,NaN
1417494480,NaN,NaN,NaN,NaN,NaN,NaN,NaN
1417494540,NaN,NaN,NaN,NaN,NaN,NaN,NaN
1417494600,NaN,NaN,NaN,NaN,NaN,NaN,NaN
1417494660,NaN,NaN,NaN,NaN,NaN,NaN,NaN
1417494720,NaN,NaN,NaN,NaN,NaN,NaN,NaN
1417494780,NaN,NaN,NaN,NaN,NaN,NaN,NaN
1417494840,NaN,NaN,NaN,NaN,NaN,NaN,NaN
1417494900,NaN,NaN,NaN,NaN,NaN,NaN,NaN
1417494960,NaN,NaN,NaN,NaN,NaN,NaN,NaN
1417495020,NaN,NaN,NaN,NaN,NaN,NaN,NaN
1417495080,NaN,NaN,NaN,NaN,NaN,NaN,NaN
1417495140,NaN,NaN,NaN,NaN,NaN,NaN,NaN
1417495200,NaN,NaN,NaN,NaN,NaN,NaN,NaN
1417495260,NaN,NaN,NaN,NaN,NaN,NaN,NaN
1417495320,NaN,NaN,NaN,NaN,NaN,NaN,NaN
1417495380,NaN,NaN,NaN,NaN,NaN,NaN,NaN
1417495440,NaN,NaN,NaN,NaN,NaN,NaN,NaN
1417495500,NaN,NaN,NaN,NaN,NaN,NaN,NaN
1417495560,NaN,NaN,NaN,NaN,NaN,NaN,NaN
1417495620,NaN,NaN,NaN,NaN,NaN,NaN,NaN
1417495680,NaN,NaN,NaN,NaN,NaN,NaN,NaN
1417495740,NaN,NaN,NaN,NaN,NaN,NaN,NaN
1417495800,NaN,NaN,NaN,NaN,NaN,NaN,NaN
1417495860,NaN,NaN,NaN,NaN,NaN,NaN,NaN
1417495920,NaN,NaN,NaN,NaN,NaN,NaN,NaN
1417495980,NaN,NaN,NaN,NaN,NaN,NaN,NaN
1417496040,NaN,NaN,NaN,NaN,NaN,NaN,NaN
1417496100,NaN,NaN,NaN,NaN,NaN,NaN,NaN
1417496160,NaN,NaN,NaN,NaN,NaN,NaN,NaN
1417496220,NaN,NaN,NaN,NaN,NaN,NaN,NaN
1417496280,NaN,NaN,NaN,NaN,NaN,NaN,NaN
1417496340,NaN,NaN,NaN,NaN,NaN,NaN,NaN
1417496400,NaN,NaN,NaN,NaN,NaN,NaN,NaN
1417496460,NaN,NaN,NaN,NaN,NaN,NaN,NaN
1417496520,NaN,NaN,NaN,NaN,NaN,NaN,NaN
1417496580,NaN,NaN,NaN,NaN,NaN,NaN,NaN
1417496640,NaN,NaN,NaN,NaN,NaN,NaN,NaN
1417496700,NaN,NaN,NaN,NaN,NaN,NaN,NaN
1417496760,NaN,NaN,NaN,NaN,NaN,NaN,NaN
1417496820,NaN,NaN,NaN,NaN,NaN,NaN,NaN
1417496880,NaN,NaN,NaN,NaN,NaN,NaN,NaN
1417496940,NaN,NaN,NaN,NaN,NaN,NaN,NaN
1417497000,NaN,NaN,NaN,NaN,NaN,NaN,NaN
1417497060,NaN,NaN,NaN,NaN,NaN,NaN,NaN
1417497120,NaN,NaN,NaN,NaN,NaN,NaN,NaN
1417497180,NaN,NaN,NaN,NaN,NaN,NaN,NaN
1417497240,NaN,NaN,NaN,NaN,NaN,NaN,NaN
1417497300,NaN,NaN,NaN,NaN,NaN,NaN,NaN
1417497360,NaN,NaN,NaN,NaN,NaN,NaN,NaN
1417497420,NaN,NaN,NaN,NaN,NaN,NaN,NaN
1417497480,NaN,NaN,NaN,NaN,NaN,NaN,NaN
1417497540,NaN,NaN,NaN,NaN,NaN,NaN,NaN
1417497600,NaN,NaN,NaN,NaN,NaN,NaN,NaN
1417497660,NaN,NaN,NaN,NaN,NaN,NaN,NaN
1417497720,NaN,NaN,NaN,NaN,NaN,NaN,NaN
1417497780,NaN,NaN,NaN,NaN,NaN,NaN,NaN
1417497840,NaN,NaN,NaN,NaN,NaN,NaN,NaN
1417497900,NaN,NaN,NaN,NaN,NaN,NaN,NaN
1417497960,NaN,NaN,NaN,NaN,NaN,NaN,NaN
1417498020,NaN,NaN,NaN,NaN,NaN,NaN,NaN
1417498080,NaN,NaN,NaN,NaN,NaN,NaN,NaN
1417498140,377,377,377,377,0.01,3.77,377
1417498200,NaN,NaN,NaN,NaN,NaN,NaN,NaN
1417498260,NaN,NaN,NaN,NaN,NaN,NaN,NaN
1417498320,NaN,NaN,NaN,NaN,NaN,NaN,NaN
1417498380,NaN,NaN,NaN,NaN,NaN,NaN,NaN
1417498440,NaN,NaN,NaN,NaN,NaN,NaN,NaN
1417498500,NaN,NaN,NaN,NaN,NaN,NaN,NaN
1417498560,NaN,NaN,NaN,NaN,NaN,NaN,NaN
1417498620,NaN,NaN,NaN,NaN,NaN,NaN,NaN
1417498680,NaN,NaN,NaN,NaN,NaN,NaN,NaN
1417498740,NaN,NaN,NaN,NaN,NaN,NaN,NaN
1417498800,NaN,NaN,NaN,NaN,NaN,NaN,NaN
1417498860,NaN,NaN,NaN,NaN,NaN,NaN,NaN
1417498920,NaN,NaN,NaN,NaN,NaN,NaN,NaN
1417498980,NaN,NaN,NaN,NaN,NaN,NaN,NaN
1417499040,NaN,NaN,NaN,NaN,NaN,NaN,NaN
1417499100,NaN,NaN,NaN,NaN,NaN,NaN,NaN
1417499160,NaN,NaN,NaN,NaN,NaN,NaN,NaN
1417499220,NaN,NaN,NaN,NaN,NaN,NaN,NaN
1417499280,NaN,NaN,NaN,NaN,NaN,NaN,NaN
1417499340,NaN,NaN,NaN,NaN,NaN,NaN,NaN
1417499400,NaN,NaN,NaN,NaN,NaN,NaN,NaN
1417499460,NaN,NaN,NaN,NaN,NaN,NaN,NaN
1417499520,NaN,NaN,NaN,NaN,NaN,NaN,NaN
1417499580,NaN,NaN,NaN,NaN,NaN,NaN,NaN
1417499640,NaN,NaN,NaN,NaN,NaN,NaN,NaN
1417499700,NaN,NaN,NaN,NaN,NaN,NaN,NaN
1417499760,NaN,NaN,NaN,NaN,NaN,NaN,NaN
1417499820,NaN,NaN,NaN,NaN,NaN,NaN,NaN
1417499880,NaN,NaN,NaN,NaN,NaN,NaN,NaN
1417499940,NaN,NaN,NaN,NaN,NaN,NaN,NaN
1417500000,NaN,NaN,NaN,NaN,NaN,NaN,NaN
1417500060,NaN,NaN,NaN,NaN,NaN,NaN,NaN
1417500120,NaN,NaN,NaN,NaN,NaN,NaN,NaN
1417500180,NaN,NaN,NaN,NaN,NaN,NaN,NaN
1417500240,NaN,NaN,NaN,NaN,NaN,NaN,NaN
1417500300,NaN,NaN,NaN,NaN,NaN,NaN,NaN
1417500360,NaN,NaN,NaN,NaN,NaN,NaN,NaN
1417500420,NaN,NaN,NaN,NaN,NaN,NaN,NaN
1417500480,NaN,NaN,NaN,NaN,NaN,NaN,NaN
1417500540,NaN,NaN,NaN,NaN,NaN,NaN,NaN
1417500600,NaN,NaN,NaN,NaN,NaN,NaN,NaN
1417500660,NaN,NaN,NaN,NaN,NaN,NaN,NaN
1417500720,NaN,NaN,NaN,NaN,NaN,NaN,NaN
1417500780,NaN,NaN,NaN,NaN,NaN,NaN,NaN
1417500840,NaN,NaN,NaN,NaN,NaN,NaN,NaN
1417500900,NaN,NaN,NaN,NaN,NaN,NaN,NaN
1417500960,NaN,NaN,NaN,NaN,NaN,NaN,NaN
1417501020,NaN,NaN,NaN,NaN,NaN,NaN,NaN
1417501080,NaN,NaN,NaN,NaN,NaN,NaN,NaN
1417501140,NaN,NaN,NaN,NaN,NaN,NaN,NaN
1417501200,NaN,NaN,NaN,NaN,NaN,NaN,NaN
1417501260,NaN,NaN,NaN,NaN,NaN,NaN,NaN
1417501320,NaN,NaN,NaN,NaN,NaN,NaN,NaN
1417501380,NaN,NaN,NaN,NaN,NaN,NaN,NaN
1417501440,NaN,NaN,NaN,NaN,NaN,NaN,NaN
1417501500,NaN,NaN,NaN,NaN,NaN,NaN,NaN
1417501560,NaN,NaN,NaN,NaN,NaN,NaN,NaN
1417501620,NaN,NaN,NaN,NaN,NaN,NaN,NaN
1417501680,NaN,NaN,NaN,NaN,NaN,NaN,NaN
1417501740,NaN,NaN,NaN,NaN,NaN,NaN,NaN
1417501800,NaN,NaN,NaN,NaN,NaN,NaN,NaN
1417501860,NaN,NaN,NaN,NaN,NaN,NaN,NaN
1417501920,NaN,NaN,NaN,NaN,NaN,NaN,NaN
1417501980,NaN,NaN,NaN,NaN,NaN,NaN,NaN
1417502040,NaN,NaN,NaN,NaN,NaN,NaN,NaN
1417502100,NaN,NaN,NaN,NaN,NaN,NaN,NaN
1417502160,NaN,NaN,NaN,NaN,NaN,NaN,NaN
1417502220,NaN,NaN,NaN,NaN,NaN,NaN,NaN
1417502280,NaN,NaN,NaN,NaN,NaN,NaN,NaN
1417502340,NaN,NaN,NaN,NaN,NaN,NaN,NaN
1417502400,NaN,NaN,NaN,NaN,NaN,NaN,NaN
1417502460,NaN,NaN,NaN,NaN,NaN,NaN,NaN
1417502520,NaN,NaN,NaN,NaN,NaN,NaN,NaN
1417502580,NaN,NaN,NaN,NaN,NaN,NaN,NaN
1417502640,NaN,NaN,NaN,NaN,NaN,NaN,NaN
1417502700,NaN,NaN,NaN,NaN,NaN,NaN,NaN
1417502760,NaN,NaN,NaN,NaN,NaN,NaN,NaN
1417502820,NaN,NaN,NaN,NaN,NaN,NaN,NaN
1417502880,NaN,NaN,NaN,NaN,NaN,NaN,NaN
1417502940,NaN,NaN,NaN,NaN,NaN,NaN,NaN
1417503000,NaN,NaN,NaN,NaN,NaN,NaN,NaN
1417503060,NaN,NaN,NaN,NaN,NaN,NaN,NaN
1417503120,NaN,NaN,NaN,NaN,NaN,NaN,NaN
1417503180,NaN,NaN,NaN,NaN,NaN,NaN,NaN
1417503240,NaN,NaN,NaN,NaN,NaN,NaN,NaN
1417503300,NaN,NaN,NaN,NaN,NaN,NaN,NaN
1417503360,NaN,NaN,NaN,NaN,NaN,NaN,NaN
1417503420,NaN,NaN,NaN,NaN,NaN,NaN,NaN
1417503480,NaN,NaN,NaN,NaN,NaN,NaN,NaN
1417503540,NaN,NaN,NaN,NaN,NaN,NaN,NaN
1417503600,NaN,NaN,NaN,NaN,NaN,NaN,NaN
1417503660,NaN,NaN,NaN,NaN,NaN,NaN,NaN
1417503720,NaN,NaN,NaN,NaN,NaN,NaN,NaN
1417503780,NaN,NaN,NaN,NaN,NaN,NaN,NaN
1417503840,NaN,NaN,NaN,NaN,NaN,NaN,NaN
1417503900,NaN,NaN,NaN,NaN,NaN,NaN,NaN
1417503960,NaN,NaN,NaN,NaN,NaN,NaN,NaN
1417504020,NaN,NaN,NaN,NaN,NaN,NaN,NaN
1417504080,NaN,NaN,NaN,NaN,NaN,NaN,NaN
1417504140,NaN,NaN,NaN,NaN,NaN,NaN,NaN
1417504200,NaN,NaN,NaN,NaN,NaN,NaN,NaN
1417504260,NaN,NaN,NaN,NaN,NaN,NaN,NaN
1417504320,NaN,NaN,NaN,NaN,NaN,NaN,NaN
1417504380,NaN,NaN,NaN,NaN,NaN,NaN,NaN
1417504440,NaN,NaN,NaN,NaN,NaN,NaN,NaN
1417504500,NaN,NaN,NaN,NaN,NaN,NaN,NaN
1417504560,NaN,NaN,NaN,NaN,NaN,NaN,NaN
1417504620,NaN,NaN,NaN,NaN,NaN,NaN,NaN
1417504680,NaN,NaN,NaN,NaN,NaN,NaN,NaN
1417504740,NaN,NaN,NaN,NaN,NaN,NaN,NaN
1417504800,NaN,NaN,NaN,NaN,NaN,NaN,NaN
1417504860,NaN,NaN,NaN,NaN,NaN,NaN,NaN
1417504920,NaN,NaN,NaN,NaN,NaN,NaN,NaN
1417504980,NaN,NaN,NaN,NaN,NaN,NaN,NaN
1417505040,NaN,NaN,NaN,NaN,NaN,NaN,NaN
1417505100,NaN,NaN,NaN,NaN,NaN,NaN,NaN
1417505160,NaN,NaN,NaN,NaN,NaN,NaN,NaN
1417505220,NaN,NaN,NaN,NaN,NaN,NaN,NaN
1417505280,NaN,NaN,NaN,NaN,NaN,NaN,NaN
1417505340,NaN,NaN,NaN,NaN,NaN,NaN,NaN
1417505400,NaN,NaN,NaN,NaN,NaN,NaN,NaN
1417505460,NaN,NaN,NaN,NaN,NaN,NaN,NaN
1417505520,NaN,NaN,NaN,NaN,NaN,NaN,NaN
1417505580,NaN,NaN,NaN,NaN,NaN,NaN,NaN
1417505640,NaN,NaN,NaN,NaN,NaN,NaN,NaN
1417505700,NaN,NaN,NaN,NaN,NaN,NaN,NaN
1417505760,NaN,NaN,NaN,NaN,NaN,NaN,NaN
1417505820,NaN,NaN,NaN,NaN,NaN,NaN,NaN
1417505880,NaN,NaN,NaN,NaN,NaN,NaN,NaN
1417505940,NaN,NaN,NaN,NaN,NaN,NaN,NaN
1417506000,NaN,NaN,NaN,NaN,NaN,NaN,NaN
1417506060,NaN,NaN,NaN,NaN,NaN,NaN,NaN
1417506120,NaN,NaN,NaN,NaN,NaN,NaN,NaN
1417506180,NaN,NaN,NaN,NaN,NaN,NaN,NaN
1417506240,NaN,NaN,NaN,NaN,NaN,NaN,NaN
1417506300,NaN,NaN,NaN,NaN,NaN,NaN,NaN
1417506360,NaN,NaN,NaN,NaN,NaN,NaN,NaN
1417506420,NaN,NaN,NaN,NaN,NaN,NaN,NaN
1417506480,NaN,NaN,NaN,NaN,NaN,NaN,NaN
1417506540,NaN,NaN,NaN,NaN,NaN,NaN,NaN
1417506600,NaN,NaN,NaN,NaN,NaN,NaN,NaN
1417506660,NaN,NaN,NaN,NaN,NaN,NaN,NaN
1417506720,NaN,NaN,NaN,NaN,NaN,NaN,NaN
1417506780,NaN,NaN,NaN,NaN,NaN,NaN,NaN
1417506840,NaN,NaN,NaN,NaN,NaN,NaN,NaN
1417506900,NaN,NaN,NaN,NaN,NaN,NaN,NaN
1417506960,NaN,NaN,NaN,NaN,NaN,NaN,NaN
1417507020,NaN,NaN,NaN,NaN,NaN,NaN,NaN
1417507080,NaN,NaN,NaN,NaN,NaN,NaN,NaN
1417507140,NaN,NaN,NaN,NaN,NaN,NaN,NaN
1417507200,NaN,NaN,NaN,NaN,NaN,NaN,NaN
1417507260,NaN,NaN,NaN,NaN,NaN,NaN,NaN
1417507320,NaN,NaN,NaN,NaN,NaN,NaN,NaN
1417507380,NaN,NaN,NaN,NaN,NaN,NaN,NaN
1417507440,NaN,NaN,NaN,NaN,NaN,NaN,NaN
1417507500,NaN,NaN,NaN,NaN,NaN,NaN,NaN
1417507560,NaN,NaN,NaN,NaN,NaN,NaN,NaN
1417507620,NaN,NaN,NaN,NaN,NaN,NaN,NaN
1417507680,NaN,NaN,NaN,NaN,NaN,NaN,NaN
1417507740,NaN,NaN,NaN,NaN,NaN,NaN,NaN
1417507800,NaN,NaN,NaN,NaN,NaN,NaN,NaN
1417507860,NaN,NaN,NaN,NaN,NaN,NaN,NaN
1417507920,NaN,NaN,NaN,NaN,NaN,NaN,NaN
1417507980,NaN,NaN,NaN,NaN,NaN,NaN,NaN
1417508040,NaN,NaN,NaN,NaN,NaN,NaN,NaN
1417508100,NaN,NaN,NaN,NaN,NaN,NaN,NaN
1417508160,NaN,NaN,NaN,NaN,NaN,NaN,NaN
1417508220,NaN,NaN,NaN,NaN,NaN,NaN,NaN
1417508280,NaN,NaN,NaN,NaN,NaN,NaN,NaN
1417508340,NaN,NaN,NaN,NaN,NaN,NaN,NaN
1417508400,NaN,NaN,NaN,NaN,NaN,NaN,NaN
1417508460,NaN,NaN,NaN,NaN,NaN,NaN,NaN
1417508520,NaN,NaN,NaN,NaN,NaN,NaN,NaN
1417508580,NaN,NaN,NaN,NaN,NaN,NaN,NaN
1417508640,NaN,NaN,NaN,NaN,NaN,NaN,NaN
1417508700,NaN,NaN,NaN,NaN,NaN,NaN,NaN
1417508760,NaN,NaN,NaN,NaN,NaN,NaN,NaN
1417508820,NaN,NaN,NaN,NaN,NaN,NaN,NaN
1417508880,NaN,NaN,NaN,NaN,NaN,NaN,NaN
1417508940,NaN,NaN,NaN,NaN,NaN,NaN,NaN
1417509000,NaN,NaN,NaN,NaN,NaN,NaN,NaN
1417509060,NaN,NaN,NaN,NaN,NaN,NaN,NaN
1417509120,NaN,NaN,NaN,NaN,NaN,NaN,NaN
1417509180,NaN,NaN,NaN,NaN,NaN,NaN,NaN
1417509240,NaN,NaN,NaN,NaN,NaN,NaN,NaN
1417509300,NaN,NaN,NaN,NaN,NaN,NaN,NaN
1417509360,NaN,NaN,NaN,NaN,NaN,NaN,NaN
1417509420,NaN,NaN,NaN,NaN,NaN,NaN,NaN
1417509480,NaN,NaN,NaN,NaN,NaN,NaN,NaN
1417509540,NaN,NaN,NaN,NaN,NaN,NaN,NaN
1417509600,NaN,NaN,NaN,NaN,NaN,NaN,NaN
1417509660,NaN,NaN,NaN,NaN,NaN,NaN,NaN
1417509720,NaN,NaN,NaN,NaN,NaN,NaN,NaN
1417509780,NaN,NaN,NaN,NaN,NaN,NaN,NaN
1417509840,NaN,NaN,NaN,NaN,NaN,NaN,NaN
1417509900,NaN,NaN,NaN,NaN,NaN,NaN,NaN
1417509960,NaN,NaN,NaN,NaN,NaN,NaN,NaN
1417510020,NaN,NaN,NaN,NaN,NaN,NaN,NaN
1417510080,NaN,NaN,NaN,NaN,NaN,NaN,NaN
1417510140,NaN,NaN,NaN,NaN,NaN,NaN,NaN
1417510200,NaN,NaN,NaN,NaN,NaN,NaN,NaN
1417510260,NaN,NaN,NaN,NaN,NaN,NaN,NaN
1417510320,NaN,NaN,NaN,NaN,NaN,NaN,NaN
1417510380,NaN,NaN,NaN,NaN,NaN,NaN,NaN
1417510440,NaN,NaN,NaN,NaN,NaN,NaN,NaN
1417510500,NaN,NaN,NaN,NaN,NaN,NaN,NaN
1417510560,NaN,NaN,NaN,NaN,NaN,NaN,NaN
1417510620,NaN,NaN,NaN,NaN,NaN,NaN,NaN
1417510680,NaN,NaN,NaN,NaN,NaN,NaN,NaN
1417510740,NaN,NaN,NaN,NaN,NaN,NaN,NaN
1417510800,NaN,NaN,NaN,NaN,NaN,NaN,NaN
1417510860,NaN,NaN,NaN,NaN,NaN,NaN,NaN
1417510920,NaN,NaN,NaN,NaN,NaN,NaN,NaN
1417510980,NaN,NaN,NaN,NaN,NaN,NaN,NaN
1417511040,NaN,NaN,NaN,NaN,NaN,NaN,NaN
1417511100,NaN,NaN,NaN,NaN,NaN,NaN,NaN
1417511160,NaN,NaN,NaN,NaN,NaN,NaN,NaN
1417511220,NaN,NaN,NaN,NaN,NaN,NaN,NaN
1417511280,NaN,NaN,NaN,NaN,NaN,NaN,NaN
1417511340,NaN,NaN,NaN,NaN,NaN,NaN,NaN
1417511400,NaN,NaN,NaN,NaN,NaN,NaN,NaN
1417511460,NaN,NaN,NaN,NaN,NaN,NaN,NaN
1417511520,NaN,NaN,NaN,NaN,NaN,NaN,NaN
1417511580,NaN,NaN,NaN,NaN,NaN,NaN,NaN
1417511640,NaN,NaN,NaN,NaN,NaN,NaN,NaN
1417511700,NaN,NaN,NaN,NaN,NaN,NaN,NaN
1417511760,NaN,NaN,NaN,NaN,NaN,NaN,NaN
1417511820,NaN,NaN,NaN,NaN,NaN,NaN,NaN
1417511880,NaN,NaN,NaN,NaN,NaN,NaN,NaN
1417511940,NaN,NaN,NaN,NaN,NaN,NaN,NaN
1417512000,NaN,NaN,NaN,NaN,NaN,NaN,NaN
1417512060,NaN,NaN,NaN,NaN,NaN,NaN,NaN
1417512120,NaN,NaN,NaN,NaN,NaN,NaN,NaN
1417512180,NaN,NaN,NaN,NaN,NaN,NaN,NaN
1417512240,NaN,NaN,NaN,NaN,NaN,NaN,NaN
1417512300,NaN,NaN,NaN,NaN,NaN,NaN,NaN
1417512360,NaN,NaN,NaN,NaN,NaN,NaN,NaN
1417512420,NaN,NaN,NaN,NaN,NaN,NaN,NaN
1417512480,NaN,NaN,NaN,NaN,NaN,NaN,NaN
1417512540,NaN,NaN,NaN,NaN,NaN,NaN,NaN
1417512600,NaN,NaN,NaN,NaN,NaN,NaN,NaN
1417512660,NaN,NaN,NaN,NaN,NaN,NaN,NaN
1417512720,NaN,NaN,NaN,NaN,NaN,NaN,NaN
1417512780,NaN,NaN,NaN,NaN,NaN,NaN,NaN
1417512840,NaN,NaN,NaN,NaN,NaN,NaN,NaN
1417512900,NaN,NaN,NaN,NaN,NaN,NaN,NaN
1417512960,NaN,NaN,NaN,NaN,NaN,NaN,NaN
1417513020,NaN,NaN,NaN,NaN,NaN,NaN,NaN
1417513080,NaN,NaN,NaN,NaN,NaN,NaN,NaN
1417513140,NaN,NaN,NaN,NaN,NaN,NaN,NaN
1417513200,NaN,NaN,NaN,NaN,NaN,NaN,NaN
1417513260,NaN,NaN,NaN,NaN,NaN,NaN,NaN
1417513320,NaN,NaN,NaN,NaN,NaN,NaN,NaN
1417513380,NaN,NaN,NaN,NaN,NaN,NaN,NaN
1417513440,NaN,NaN,NaN,NaN,NaN,NaN,NaN
1417513500,NaN,NaN,NaN,NaN,NaN,NaN,NaN
1417513560,NaN,NaN,NaN,NaN,NaN,NaN,NaN
1417513620,NaN,NaN,NaN,NaN,NaN,NaN,NaN
1417513680,NaN,NaN,NaN,NaN,NaN,NaN,NaN
1417513740,NaN,NaN,NaN,NaN,NaN,NaN,NaN
1417513800,NaN,NaN,NaN,NaN,NaN,NaN,NaN
1417513860,NaN,NaN,NaN,NaN,NaN,NaN,NaN
1417513920,NaN,NaN,NaN,NaN,NaN,NaN,NaN
1417513980,NaN,NaN,NaN,NaN,NaN,NaN,NaN
1417514040,NaN,NaN,NaN,NaN,NaN,NaN,NaN
1417514100,NaN,NaN,NaN,NaN,NaN,NaN,NaN
1417514160,NaN,NaN,NaN,NaN,NaN,NaN,NaN
1417514220,NaN,NaN,NaN,NaN,NaN,NaN,NaN
1417514280,NaN,NaN,NaN,NaN,NaN,NaN,NaN
1417514340,NaN,NaN,NaN,NaN,NaN,NaN,NaN
1417514400,NaN,NaN,NaN,NaN,NaN,NaN,NaN
1417514460,NaN,NaN,NaN,NaN,NaN,NaN,NaN
1417514520,NaN,NaN,NaN,NaN,NaN,NaN,NaN
1417514580,NaN,NaN,NaN,NaN,NaN,NaN,NaN
1417514640,NaN,NaN,NaN,NaN,NaN,NaN,NaN
1417514700,NaN,NaN,NaN,NaN,NaN,NaN,NaN
1417514760,NaN,NaN,NaN,NaN,NaN,NaN,NaN
1417514820,NaN,NaN,NaN,NaN,NaN,NaN,NaN
1417514880,NaN,NaN,NaN,NaN,NaN,NaN,NaN
1417514940,NaN,NaN,NaN,NaN,NaN,NaN,NaN
1417515000,NaN,NaN,NaN,NaN,NaN,NaN,NaN
1417515060,NaN,NaN,NaN,NaN,NaN,NaN,NaN
1417515120,NaN,NaN,NaN,NaN,NaN,NaN,NaN
1417515180,NaN,NaN,NaN,NaN,NaN,NaN,NaN
1417515240,NaN,NaN,NaN,NaN,NaN,NaN,NaN
1417515300,NaN,NaN,NaN,NaN,NaN,NaN,NaN
1417515360,NaN,NaN,NaN,NaN,NaN,NaN,NaN
1417515420,NaN,NaN,NaN,NaN,NaN,NaN,NaN
1417515480,NaN,NaN,NaN,NaN,NaN,NaN,NaN
1417515540,NaN,NaN,NaN,NaN,NaN,NaN,NaN
1417515600,NaN,NaN,NaN,NaN,NaN,NaN,NaN
1417515660,NaN,NaN,NaN,NaN,NaN,NaN,NaN
1417515720,NaN,NaN,NaN,NaN,NaN,NaN,NaN
1417515780,NaN,NaN,NaN,NaN,NaN,NaN,NaN
1417515840,NaN,NaN,NaN,NaN,NaN,NaN,NaN
1417515900,NaN,NaN,NaN,NaN,NaN,NaN,NaN
1417515960,NaN,NaN,NaN,NaN,NaN,NaN,NaN
1417516020,NaN,NaN,NaN,NaN,NaN,NaN,NaN
1417516080,NaN,NaN,NaN,NaN,NaN,NaN,NaN
1417516140,NaN,NaN,NaN,NaN,NaN,NaN,NaN
1417516200,NaN,NaN,NaN,NaN,NaN,NaN,NaN
1417516260,NaN,NaN,NaN,NaN,NaN,NaN,NaN
1417516320,NaN,NaN,NaN,NaN,NaN,NaN,NaN
1417516380,NaN,NaN,NaN,NaN,NaN,NaN,NaN
1417516440,NaN,NaN,NaN,NaN,NaN,NaN,NaN
1417516500,NaN,NaN,NaN,NaN,NaN,NaN,NaN
1417516560,NaN,NaN,NaN,NaN,NaN,NaN,NaN
1417516620,NaN,NaN,NaN,NaN,NaN,NaN,NaN
1417516680,NaN,NaN,NaN,NaN,NaN,NaN,NaN
1417516740,NaN,NaN,NaN,NaN,NaN,NaN,NaN
1417516800,NaN,NaN,NaN,NaN,NaN,NaN,NaN
1417516860,NaN,NaN,NaN,NaN,NaN,NaN,NaN
1417516920,NaN,NaN,NaN,NaN,NaN,NaN,NaN
1417516980,NaN,NaN,NaN,NaN,NaN,NaN,NaN
1417517040,NaN,NaN,NaN,NaN,NaN,NaN,NaN
1417517100,NaN,NaN,NaN,NaN,NaN,NaN,NaN
1417517160,NaN,NaN,NaN,NaN,NaN,NaN,NaN
1417517220,NaN,NaN,NaN,NaN,NaN,NaN,NaN
1417517280,NaN,NaN,NaN,NaN,NaN,NaN,NaN
1417517340,NaN,NaN,NaN,NaN,NaN,NaN,NaN
1417517400,NaN,NaN,NaN,NaN,NaN,NaN,NaN
1417517460,NaN,NaN,NaN,NaN,NaN,NaN,NaN
1417517520,NaN,NaN,NaN,NaN,NaN,NaN,NaN
1417517580,NaN,NaN,NaN,NaN,NaN,NaN,NaN
1417517640,NaN,NaN,NaN,NaN,NaN,NaN,NaN
1417517700,NaN,NaN,NaN,NaN,NaN,NaN,NaN
1417517760,NaN,NaN,NaN,NaN,NaN,NaN,NaN
1417517820,NaN,NaN,NaN,NaN,NaN,NaN,NaN
1417517880,NaN,NaN,NaN,NaN,NaN,NaN,NaN
1417517940,377.75,378,377.75,378,4,1511.9375,377.984375
1417518000,NaN,NaN,NaN,NaN,NaN,NaN,NaN
1417518060,NaN,NaN,NaN,NaN,NaN,NaN,NaN
1417518120,NaN,NaN,NaN,NaN,NaN,NaN,NaN
1417518180,NaN,NaN,NaN,NaN,NaN,NaN,NaN
1417518240,378,378,378,378,4.9,1852.2,378
1417518300,378,378,378,378,5.2,1965.6,378
1417518360,NaN,NaN,NaN,NaN,NaN,NaN,NaN
1417518420,NaN,NaN,NaN,NaN,NaN,NaN,NaN
1417518480,NaN,NaN,NaN,NaN,NaN,NaN,NaN
1417518540,NaN,NaN,NaN,NaN,NaN,NaN,NaN
1417518600,NaN,NaN,NaN,NaN,NaN,NaN,NaN
1417518660,NaN,NaN,NaN,NaN,NaN,NaN,NaN
1417518720,NaN,NaN,NaN,NaN,NaN,NaN,NaN
1417518780,NaN,NaN,NaN,NaN,NaN,NaN,NaN
1417518840,NaN,NaN,NaN,NaN,NaN,NaN,NaN
1417518900,NaN,NaN,NaN,NaN,NaN,NaN,NaN
1417518960,NaN,NaN,NaN,NaN,NaN,NaN,NaN
1417519020,NaN,NaN,NaN,NaN,NaN,NaN,NaN
1417519080,NaN,NaN,NaN,NaN,NaN,NaN,NaN
1417519140,NaN,NaN,NaN,NaN,NaN,NaN,NaN
1417519200,NaN,NaN,NaN,NaN,NaN,NaN,NaN
1417519260,NaN,NaN,NaN,NaN,NaN,NaN,NaN
1417519320,NaN,NaN,NaN,NaN,NaN,NaN,NaN
1417519380,NaN,NaN,NaN,NaN,NaN,NaN,NaN
1417519440,NaN,NaN,NaN,NaN,NaN,NaN,NaN
1417519500,NaN,NaN,NaN,NaN,NaN,NaN,NaN
1417519560,NaN,NaN,NaN,NaN,NaN,NaN,NaN
1417519620,NaN,NaN,NaN,NaN,NaN,NaN,NaN
1417519680,NaN,NaN,NaN,NaN,NaN,NaN,NaN
1417519740,NaN,NaN,NaN,NaN,NaN,NaN,NaN
1417519800,NaN,NaN,NaN,NaN,NaN,NaN,NaN
1417519860,NaN,NaN,NaN,NaN,NaN,NaN,NaN
1417519920,NaN,NaN,NaN,NaN,NaN,NaN,NaN
1417519980,NaN,NaN,NaN,NaN,NaN,NaN,NaN
1417520040,NaN,NaN,NaN,NaN,NaN,NaN,NaN
1417520100,NaN,NaN,NaN,NaN,NaN,NaN,NaN
1417520160,NaN,NaN,NaN,NaN,NaN,NaN,NaN
1417520220,NaN,NaN,NaN,NaN,NaN,NaN,NaN
1417520280,NaN,NaN,NaN,NaN,NaN,NaN,NaN
1417520340,NaN,NaN,NaN,NaN,NaN,NaN,NaN
1417520400,NaN,NaN,NaN,NaN,NaN,NaN,NaN
1417520460,NaN,NaN,NaN,NaN,NaN,NaN,NaN
1417520520,NaN,NaN,NaN,NaN,NaN,NaN,NaN
1417520580,NaN,NaN,NaN,NaN,NaN,NaN,NaN
1417520640,NaN,NaN,NaN,NaN,NaN,NaN,NaN
1417520700,NaN,NaN,NaN,NaN,NaN,NaN,NaN
1417520760,NaN,NaN,NaN,NaN,NaN,NaN,NaN
1417520820,NaN,NaN,NaN,NaN,NaN,NaN,NaN
1417520880,NaN,NaN,NaN,NaN,NaN,NaN,NaN
1417520940,NaN,NaN,NaN,NaN,NaN,NaN,NaN
1417521000,NaN,NaN,NaN,NaN,NaN,NaN,NaN
1417521060,NaN,NaN,NaN,NaN,NaN,NaN,NaN
1417521120,NaN,NaN,NaN,NaN,NaN,NaN,NaN
1417521180,NaN,NaN,NaN,NaN,NaN,NaN,NaN
1417521240,NaN,NaN,NaN,NaN,NaN,NaN,NaN
1417521300,NaN,NaN,NaN,NaN,NaN,NaN,NaN
1417521360,NaN,NaN,NaN,NaN,NaN,NaN,NaN
1417521420,NaN,NaN,NaN,NaN,NaN,NaN,NaN
1417521480,NaN,NaN,NaN,NaN,NaN,NaN,NaN
1417521540,NaN,NaN,NaN,NaN,NaN,NaN,NaN
1417521600,NaN,NaN,NaN,NaN,NaN,NaN,NaN
1417521660,NaN,NaN,NaN,NaN,NaN,NaN,NaN
1417521720,NaN,NaN,NaN,NaN,NaN,NaN,NaN
1417521780,NaN,NaN,NaN,NaN,NaN,NaN,NaN
1417521840,NaN,NaN,NaN,NaN,NaN,NaN,NaN
1417521900,NaN,NaN,NaN,NaN,NaN,NaN,NaN
1417521960,NaN,NaN,NaN,NaN,NaN,NaN,NaN
1417522020,NaN,NaN,NaN,NaN,NaN,NaN,NaN
1417522080,NaN,NaN,NaN,NaN,NaN,NaN,NaN
1417522140,NaN,NaN,NaN,NaN,NaN,NaN,NaN
1417522200,NaN,NaN,NaN,NaN,NaN,NaN,NaN
1417522260,NaN,NaN,NaN,NaN,NaN,NaN,NaN
1417522320,NaN,NaN,NaN,NaN,NaN,NaN,NaN
1417522380,NaN,NaN,NaN,NaN,NaN,NaN,NaN
1417522440,NaN,NaN,NaN,NaN,NaN,NaN,NaN
1417522500,NaN,NaN,NaN,NaN,NaN,NaN,NaN
1417522560,NaN,NaN,NaN,NaN,NaN,NaN,NaN
1417522620,NaN,NaN,NaN,NaN,NaN,NaN,NaN
1417522680,NaN,NaN,NaN,NaN,NaN,NaN,NaN
1417522740,NaN,NaN,NaN,NaN,NaN,NaN,NaN
1417522800,NaN,NaN,NaN,NaN,NaN,NaN,NaN
1417522860,NaN,NaN,NaN,NaN,NaN,NaN,NaN
1417522920,NaN,NaN,NaN,NaN,NaN,NaN,NaN
1417522980,NaN,NaN,NaN,NaN,NaN,NaN,NaN
1417523040,NaN,NaN,NaN,NaN,NaN,NaN,NaN
1417523100,NaN,NaN,NaN,NaN,NaN,NaN,NaN
1417523160,NaN,NaN,NaN,NaN,NaN,NaN,NaN
1417523220,NaN,NaN,NaN,NaN,NaN,NaN,NaN
1417523280,NaN,NaN,NaN,NaN,NaN,NaN,NaN
1417523340,NaN,NaN,NaN,NaN,NaN,NaN,NaN
1417523400,NaN,NaN,NaN,NaN,NaN,NaN,NaN
1417523460,NaN,NaN,NaN,NaN,NaN,NaN,NaN
1417523520,NaN,NaN,NaN,NaN,NaN,NaN,NaN
1417523580,NaN,NaN,NaN,NaN,NaN,NaN,NaN
1417523640,NaN,NaN,NaN,NaN,NaN,NaN,NaN
1417523700,NaN,NaN,NaN,NaN,NaN,NaN,NaN
1417523760,NaN,NaN,NaN,NaN,NaN,NaN,NaN
1417523820,NaN,NaN,NaN,NaN,NaN,NaN,NaN
1417523880,NaN,NaN,NaN,NaN,NaN,NaN,NaN
1417523940,NaN,NaN,NaN,NaN,NaN,NaN,NaN
1417524000,NaN,NaN,NaN,NaN,NaN,NaN,NaN
1417524060,NaN,NaN,NaN,NaN,NaN,NaN,NaN
1417524120,NaN,NaN,NaN,NaN,NaN,NaN,NaN
1417524180,NaN,NaN,NaN,NaN,NaN,NaN,NaN
1417524240,NaN,NaN,NaN,NaN,NaN,NaN,NaN
1417524300,NaN,NaN,NaN,NaN,NaN,NaN,NaN
1417524360,NaN,NaN,NaN,NaN,NaN,NaN,NaN
1417524420,NaN,NaN,NaN,NaN,NaN,NaN,NaN
1417524480,NaN,NaN,NaN,NaN,NaN,NaN,NaN
1417524540,NaN,NaN,NaN,NaN,NaN,NaN,NaN
1417524600,NaN,NaN,NaN,NaN,NaN,NaN,NaN
1417524660,NaN,NaN,NaN,NaN,NaN,NaN,NaN
1417524720,NaN,NaN,NaN,NaN,NaN,NaN,NaN
1417524780,NaN,NaN,NaN,NaN,NaN,NaN,NaN
1417524840,NaN,NaN,NaN,NaN,NaN,NaN,NaN
1417524900,NaN,NaN,NaN,NaN,NaN,NaN,NaN
1417524960,NaN,NaN,NaN,NaN,NaN,NaN,NaN
1417525020,NaN,NaN,NaN,NaN,NaN,NaN,NaN
1417525080,NaN,NaN,NaN,NaN,NaN,NaN,NaN
1417525140,NaN,NaN,NaN,NaN,NaN,NaN,NaN
1417525200,NaN,NaN,NaN,NaN,NaN,NaN,NaN
1417525260,NaN,NaN,NaN,NaN,NaN,NaN,NaN
1417525320,NaN,NaN,NaN,NaN,NaN,NaN,NaN
1417525380,NaN,NaN,NaN,NaN,NaN,NaN,NaN
1417525440,NaN,NaN,NaN,NaN,NaN,NaN,NaN
1417525500,NaN,NaN,NaN,NaN,NaN,NaN,NaN
1417525560,NaN,NaN,NaN,NaN,NaN,NaN,NaN
1417525620,NaN,NaN,NaN,NaN,NaN,NaN,NaN
1417525680,NaN,NaN,NaN,NaN,NaN,NaN,NaN
1417525740,NaN,NaN,NaN,NaN,NaN,NaN,NaN
1417525800,NaN,NaN,NaN,NaN,NaN,NaN,NaN
1417525860,NaN,NaN,NaN,NaN,NaN,NaN,NaN
1417525920,NaN,NaN,NaN,NaN,NaN,NaN,NaN
1417525980,NaN,NaN,NaN,NaN,NaN,NaN,NaN
1417526040,NaN,NaN,NaN,NaN,NaN,NaN,NaN
1417526100,NaN,NaN,NaN,NaN,NaN,NaN,NaN
1417526160,NaN,NaN,NaN,NaN,NaN,NaN,NaN
1417526220,NaN,NaN,NaN,NaN,NaN,NaN,NaN
1417526280,NaN,NaN,NaN,NaN,NaN,NaN,NaN
1417526340,NaN,NaN,NaN,NaN,NaN,NaN,NaN
1417526400,NaN,NaN,NaN,NaN,NaN,NaN,NaN
1417526460,NaN,NaN,NaN,NaN,NaN,NaN,NaN
1417526520,NaN,NaN,NaN,NaN,NaN,NaN,NaN
1417526580,NaN,NaN,NaN,NaN,NaN,NaN,NaN
1417526640,NaN,NaN,NaN,NaN,NaN,NaN,NaN
1417526700,NaN,NaN,NaN,NaN,NaN,NaN,NaN
1417526760,NaN,NaN,NaN,NaN,NaN,NaN,NaN
1417526820,NaN,NaN,NaN,NaN,NaN,NaN,NaN
1417526880,NaN,NaN,NaN,NaN,NaN,NaN,NaN
1417526940,NaN,NaN,NaN,NaN,NaN,NaN,NaN
1417527000,NaN,NaN,NaN,NaN,NaN,NaN,NaN
1417527060,NaN,NaN,NaN,NaN,NaN,NaN,NaN
1417527120,NaN,NaN,NaN,NaN,NaN,NaN,NaN
1417527180,NaN,NaN,NaN,NaN,NaN,NaN,NaN
1417527240,NaN,NaN,NaN,NaN,NaN,NaN,NaN
1417527300,NaN,NaN,NaN,NaN,NaN,NaN,NaN
1417527360,NaN,NaN,NaN,NaN,NaN,NaN,NaN
1417527420,NaN,NaN,NaN,NaN,NaN,NaN,NaN
1417527480,NaN,NaN,NaN,NaN,NaN,NaN,NaN
1417527540,NaN,NaN,NaN,NaN,NaN,NaN,NaN
1417527600,NaN,NaN,NaN,NaN,NaN,NaN,NaN
1417527660,NaN,NaN,NaN,NaN,NaN,NaN,NaN
1417527720,NaN,NaN,NaN,NaN,NaN,NaN,NaN
1417527780,NaN,NaN,NaN,NaN,NaN,NaN,NaN
1417527840,NaN,NaN,NaN,NaN,NaN,NaN,NaN
1417527900,NaN,NaN,NaN,NaN,NaN,NaN,NaN
1417527960,NaN,NaN,NaN,NaN,NaN,NaN,NaN
1417528020,NaN,NaN,NaN,NaN,NaN,NaN,NaN
1417528080,NaN,NaN,NaN,NaN,NaN,NaN,NaN
1417528140,NaN,NaN,NaN,NaN,NaN,NaN,NaN
1417528200,NaN,NaN,NaN,NaN,NaN,NaN,NaN
1417528260,NaN,NaN,NaN,NaN,NaN,NaN,NaN
1417528320,NaN,NaN,NaN,NaN,NaN,NaN,NaN
1417528380,NaN,NaN,NaN,NaN,NaN,NaN,NaN
1417528440,NaN,NaN,NaN,NaN,NaN,NaN,NaN
1417528500,NaN,NaN,NaN,NaN,NaN,NaN,NaN
1417528560,NaN,NaN,NaN,NaN,NaN,NaN,NaN
1417528620,NaN,NaN,NaN,NaN,NaN,NaN,NaN
1417528680,NaN,NaN,NaN,NaN,NaN,NaN,NaN
1417528740,NaN,NaN,NaN,NaN,NaN,NaN,NaN
1417528800,NaN,NaN,NaN,NaN,NaN,NaN,NaN
1417528860,NaN,NaN,NaN,NaN,NaN,NaN,NaN
1417528920,NaN,NaN,NaN,NaN,NaN,NaN,NaN
1417528980,NaN,NaN,NaN,NaN,NaN,NaN,NaN
1417529040,NaN,NaN,NaN,NaN,NaN,NaN,NaN
1417529100,NaN,NaN,NaN,NaN,NaN,NaN,NaN
1417529160,NaN,NaN,NaN,NaN,NaN,NaN,NaN
1417529220,NaN,NaN,NaN,NaN,NaN,NaN,NaN
1417529280,NaN,NaN,NaN,NaN,NaN,NaN,NaN
1417529340,NaN,NaN,NaN,NaN,NaN,NaN,NaN
1417529400,NaN,NaN,NaN,NaN,NaN,NaN,NaN
1417529460,NaN,NaN,NaN,NaN,NaN,NaN,NaN
1417529520,NaN,NaN,NaN,NaN,NaN,NaN,NaN
1417529580,NaN,NaN,NaN,NaN,NaN,NaN,NaN
1417529640,NaN,NaN,NaN,NaN,NaN,NaN,NaN
1417529700,NaN,NaN,NaN,NaN,NaN,NaN,NaN
1417529760,NaN,NaN,NaN,NaN,NaN,NaN,NaN
1417529820,NaN,NaN,NaN,NaN,NaN,NaN,NaN
1417529880,NaN,NaN,NaN,NaN,NaN,NaN,NaN
1417529940,NaN,NaN,NaN,NaN,NaN,NaN,NaN
1417530000,NaN,NaN,NaN,NaN,NaN,NaN,NaN
1417530060,NaN,NaN,NaN,NaN,NaN,NaN,NaN
1417530120,NaN,NaN,NaN,NaN,NaN,NaN,NaN
1417530180,NaN,NaN,NaN,NaN,NaN,NaN,NaN
1417530240,NaN,NaN,NaN,NaN,NaN,NaN,NaN
1417530300,NaN,NaN,NaN,NaN,NaN,NaN,NaN
1417530360,NaN,NaN,NaN,NaN,NaN,NaN,NaN
1417530420,NaN,NaN,NaN,NaN,NaN,NaN,NaN
1417530480,NaN,NaN,NaN,NaN,NaN,NaN,NaN
1417530540,NaN,NaN,NaN,NaN,NaN,NaN,NaN
1417530600,NaN,NaN,NaN,NaN,NaN,NaN,NaN
1417530660,NaN,NaN,NaN,NaN,NaN,NaN,NaN
1417530720,NaN,NaN,NaN,NaN,NaN,NaN,NaN
1417530780,NaN,NaN,NaN,NaN,NaN,NaN,NaN
1417530840,NaN,NaN,NaN,NaN,NaN,NaN,NaN
1417530900,NaN,NaN,NaN,NaN,NaN,NaN,NaN
1417530960,NaN,NaN,NaN,NaN,NaN,NaN,NaN
1417531020,NaN,NaN,NaN,NaN,NaN,NaN,NaN
1417531080,NaN,NaN,NaN,NaN,NaN,NaN,NaN
1417531140,NaN,NaN,NaN,NaN,NaN,NaN,NaN
1417531200,NaN,NaN,NaN,NaN,NaN,NaN,NaN
1417531260,NaN,NaN,NaN,NaN,NaN,NaN,NaN
1417531320,NaN,NaN,NaN,NaN,NaN,NaN,NaN
1417531380,NaN,NaN,NaN,NaN,NaN,NaN,NaN
1417531440,NaN,NaN,NaN,NaN,NaN,NaN,NaN
1417531500,NaN,NaN,NaN,NaN,NaN,NaN,NaN
1417531560,NaN,NaN,NaN,NaN,NaN,NaN,NaN
1417531620,NaN,NaN,NaN,NaN,NaN,NaN,NaN
1417531680,NaN,NaN,NaN,NaN,NaN,NaN,NaN
1417531740,NaN,NaN,NaN,NaN,NaN,NaN,NaN
1417531800,NaN,NaN,NaN,NaN,NaN,NaN,NaN
1417531860,NaN,NaN,NaN,NaN,NaN,NaN,NaN
1417531920,NaN,NaN,NaN,NaN,NaN,NaN,NaN
1417531980,NaN,NaN,NaN,NaN,NaN,NaN,NaN
1417532040,NaN,NaN,NaN,NaN,NaN,NaN,NaN
1417532100,NaN,NaN,NaN,NaN,NaN,NaN,NaN
1417532160,NaN,NaN,NaN,NaN,NaN,NaN,NaN
1417532220,NaN,NaN,NaN,NaN,NaN,NaN,NaN
1417532280,NaN,NaN,NaN,NaN,NaN,NaN,NaN
1417532340,NaN,NaN,NaN,NaN,NaN,NaN,NaN
1417532400,NaN,NaN,NaN,NaN,NaN,NaN,NaN
1417532460,NaN,NaN,NaN,NaN,NaN,NaN,NaN
1417532520,NaN,NaN,NaN,NaN,NaN,NaN,NaN
1417532580,NaN,NaN,NaN,NaN,NaN,NaN,NaN
1417532640,NaN,NaN,NaN,NaN,NaN,NaN,NaN
1417532700,NaN,NaN,NaN,NaN,NaN,NaN,NaN
1417532760,NaN,NaN,NaN,NaN,NaN,NaN,NaN
1417532820,NaN,NaN,NaN,NaN,NaN,NaN,NaN
1417532880,NaN,NaN,NaN,NaN,NaN,NaN,NaN
1417532940,NaN,NaN,NaN,NaN,NaN,NaN,NaN
1417533000,NaN,NaN,NaN,NaN,NaN,NaN,NaN
1417533060,NaN,NaN,NaN,NaN,NaN,NaN,NaN
1417533120,NaN,NaN,NaN,NaN,NaN,NaN,NaN
1417533180,NaN,NaN,NaN,NaN,NaN,NaN,NaN
1417533240,NaN,NaN,NaN,NaN,NaN,NaN,NaN
1417533300,NaN,NaN,NaN,NaN,NaN,NaN,NaN
1417533360,NaN,NaN,NaN,NaN,NaN,NaN,NaN
1417533420,NaN,NaN,NaN,NaN,NaN,NaN,NaN
1417533480,NaN,NaN,NaN,NaN,NaN,NaN,NaN
1417533540,NaN,NaN,NaN,NaN,NaN,NaN,NaN
1417533600,NaN,NaN,NaN,NaN,NaN,NaN,NaN
1417533660,NaN,NaN,NaN,NaN,NaN,NaN,NaN
1417533720,NaN,NaN,NaN,NaN,NaN,NaN,NaN
1417533780,NaN,NaN,NaN,NaN,NaN,NaN,NaN
1417533840,NaN,NaN,NaN,NaN,NaN,NaN,NaN
1417533900,NaN,NaN,NaN,NaN,NaN,NaN,NaN
1417533960,NaN,NaN,NaN,NaN,NaN,NaN,NaN
1417534020,NaN,NaN,NaN,NaN,NaN,NaN,NaN
1417534080,NaN,NaN,NaN,NaN,NaN,NaN,NaN
1417534140,NaN,NaN,NaN,NaN,NaN,NaN,NaN
1417534200,NaN,NaN,NaN,NaN,NaN,NaN,NaN
1417534260,NaN,NaN,NaN,NaN,NaN,NaN,NaN
1417534320,NaN,NaN,NaN,NaN,NaN,NaN,NaN
1417534380,NaN,NaN,NaN,NaN,NaN,NaN,NaN
1417534440,NaN,NaN,NaN,NaN,NaN,NaN,NaN
1417534500,NaN,NaN,NaN,NaN,NaN,NaN,NaN
1417534560,NaN,NaN,NaN,NaN,NaN,NaN,NaN
1417534620,NaN,NaN,NaN,NaN,NaN,NaN,NaN
1417534680,NaN,NaN,NaN,NaN,NaN,NaN,NaN
1417534740,NaN,NaN,NaN,NaN,NaN,NaN,NaN
1417534800,NaN,NaN,NaN,NaN,NaN,NaN,NaN
1417534860,NaN,NaN,NaN,NaN,NaN,NaN,NaN
1417534920,NaN,NaN,NaN,NaN,NaN,NaN,NaN
1417534980,NaN,NaN,NaN,NaN,NaN,NaN,NaN
1417535040,NaN,NaN,NaN,NaN,NaN,NaN,NaN
1417535100,NaN,NaN,NaN,NaN,NaN,NaN,NaN
1417535160,NaN,NaN,NaN,NaN,NaN,NaN,NaN
1417535220,NaN,NaN,NaN,NaN,NaN,NaN,NaN
1417535280,NaN,NaN,NaN,NaN,NaN,NaN,NaN
1417535340,NaN,NaN,NaN,NaN,NaN,NaN,NaN
1417535400,NaN,NaN,NaN,NaN,NaN,NaN,NaN
1417535460,NaN,NaN,NaN,NaN,NaN,NaN,NaN
1417535520,NaN,NaN,NaN,NaN,NaN,NaN,NaN
1417535580,NaN,NaN,NaN,NaN,NaN,NaN,NaN
1417535640,NaN,NaN,NaN,NaN,NaN,NaN,NaN
1417535700,NaN,NaN,NaN,NaN,NaN,NaN,NaN
1417535760,NaN,NaN,NaN,NaN,NaN,NaN,NaN
1417535820,NaN,NaN,NaN,NaN,NaN,NaN,NaN
1417535880,NaN,NaN,NaN,NaN,NaN,NaN,NaN
1417535940,NaN,NaN,NaN,NaN,NaN,NaN,NaN
1417536000,NaN,NaN,NaN,NaN,NaN,NaN,NaN
1417536060,NaN,NaN,NaN,NaN,NaN,NaN,NaN
1417536120,NaN,NaN,NaN,NaN,NaN,NaN,NaN
1417536180,NaN,NaN,NaN,NaN,NaN,NaN,NaN
1417536240,NaN,NaN,NaN,NaN,NaN,NaN,NaN
1417536300,NaN,NaN,NaN,NaN,NaN,NaN,NaN
1417536360,NaN,NaN,NaN,NaN,NaN,NaN,NaN
1417536420,NaN,NaN,NaN,NaN,NaN,NaN,NaN
1417536480,NaN,NaN,NaN,NaN,NaN,NaN,NaN
1417536540,NaN,NaN,NaN,NaN,NaN,NaN,NaN
1417536600,NaN,NaN,NaN,NaN,NaN,NaN,NaN
1417536660,NaN,NaN,NaN,NaN,NaN,NaN,NaN
1417536720,NaN,NaN,NaN,NaN,NaN,NaN,NaN
1417536780,NaN,NaN,NaN,NaN,NaN,NaN,NaN
1417536840,NaN,NaN,NaN,NaN,NaN,NaN,NaN
1417536900,NaN,NaN,NaN,NaN,NaN,NaN,NaN
1417536960,NaN,NaN,NaN,NaN,NaN,NaN,NaN
1417537020,NaN,NaN,NaN,NaN,NaN,NaN,NaN
1417537080,NaN,NaN,NaN,NaN,NaN,NaN,NaN
1417537140,NaN,NaN,NaN,NaN,NaN,NaN,NaN
1417537200,NaN,NaN,NaN,NaN,NaN,NaN,NaN
1417537260,NaN,NaN,NaN,NaN,NaN,NaN,NaN
1417537320,NaN,NaN,NaN,NaN,NaN,NaN,NaN
1417537380,NaN,NaN,NaN,NaN,NaN,NaN,NaN
1417537440,NaN,NaN,NaN,NaN,NaN,NaN,NaN
1417537500,NaN,NaN,NaN,NaN,NaN,NaN,NaN
1417537560,NaN,NaN,NaN,NaN,NaN,NaN,NaN
1417537620,NaN,NaN,NaN,NaN,NaN,NaN,NaN
1417537680,NaN,NaN,NaN,NaN,NaN,NaN,NaN
1417537740,NaN,NaN,NaN,NaN,NaN,NaN,NaN
1417537800,NaN,NaN,NaN,NaN,NaN,NaN,NaN
1417537860,NaN,NaN,NaN,NaN,NaN,NaN,NaN
1417537920,NaN,NaN,NaN,NaN,NaN,NaN,NaN
1417537980,NaN,NaN,NaN,NaN,NaN,NaN,NaN
1417538040,NaN,NaN,NaN,NaN,NaN,NaN,NaN
1417538100,NaN,NaN,NaN,NaN,NaN,NaN,NaN
1417538160,NaN,NaN,NaN,NaN,NaN,NaN,NaN
1417538220,NaN,NaN,NaN,NaN,NaN,NaN,NaN
1417538280,NaN,NaN,NaN,NaN,NaN,NaN,NaN
1417538340,NaN,NaN,NaN,NaN,NaN,NaN,NaN
1417538400,NaN,NaN,NaN,NaN,NaN,NaN,NaN
1417538460,NaN,NaN,NaN,NaN,NaN,NaN,NaN
1417538520,NaN,NaN,NaN,NaN,NaN,NaN,NaN
1417538580,NaN,NaN,NaN,NaN,NaN,NaN,NaN
1417538640,NaN,NaN,NaN,NaN,NaN,NaN,NaN
1417538700,NaN,NaN,NaN,NaN,NaN,NaN,NaN
1417538760,NaN,NaN,NaN,NaN,NaN,NaN,NaN
1417538820,NaN,NaN,NaN,NaN,NaN,NaN,NaN
1417538880,NaN,NaN,NaN,NaN,NaN,NaN,NaN
1417538940,NaN,NaN,NaN,NaN,NaN,NaN,NaN
1417539000,NaN,NaN,NaN,NaN,NaN,NaN,NaN
1417539060,NaN,NaN,NaN,NaN,NaN,NaN,NaN
1417539120,NaN,NaN,NaN,NaN,NaN,NaN,NaN
1417539180,NaN,NaN,NaN,NaN,NaN,NaN,NaN
1417539240,NaN,NaN,NaN,NaN,NaN,NaN,NaN
1417539300,NaN,NaN,NaN,NaN,NaN,NaN,NaN
1417539360,NaN,NaN,NaN,NaN,NaN,NaN,NaN
1417539420,NaN,NaN,NaN,NaN,NaN,NaN,NaN
1417539480,NaN,NaN,NaN,NaN,NaN,NaN,NaN
1417539540,NaN,NaN,NaN,NaN,NaN,NaN,NaN
1417539600,NaN,NaN,NaN,NaN,NaN,NaN,NaN
1417539660,NaN,NaN,NaN,NaN,NaN,NaN,NaN
1417539720,NaN,NaN,NaN,NaN,NaN,NaN,NaN
1417539780,NaN,NaN,NaN,NaN,NaN,NaN,NaN
1417539840,NaN,NaN,NaN,NaN,NaN,NaN,NaN
1417539900,NaN,NaN,NaN,NaN,NaN,NaN,NaN
1417539960,NaN,NaN,NaN,NaN,NaN,NaN,NaN
1417540020,NaN,NaN,NaN,NaN,NaN,NaN,NaN
1417540080,NaN,NaN,NaN,NaN,NaN,NaN,NaN
1417540140,NaN,NaN,NaN,NaN,NaN,NaN,NaN
1417540200,NaN,NaN,NaN,NaN,NaN,NaN,NaN
1417540260,NaN,NaN,NaN,NaN,NaN,NaN,NaN
1417540320,NaN,NaN,NaN,NaN,NaN,NaN,NaN
1417540380,NaN,NaN,NaN,NaN,NaN,NaN,NaN
1417540440,NaN,NaN,NaN,NaN,NaN,NaN,NaN
1417540500,NaN,NaN,NaN,NaN,NaN,NaN,NaN
1417540560,NaN,NaN,NaN,NaN,NaN,NaN,NaN
1417540620,NaN,NaN,NaN,NaN,NaN,NaN,NaN
1417540680,NaN,NaN,NaN,NaN,NaN,NaN,NaN
1417540740,NaN,NaN,NaN,NaN,NaN,NaN,NaN
1417540800,NaN,NaN,NaN,NaN,NaN,NaN,NaN
1417540860,NaN,NaN,NaN,NaN,NaN,NaN,NaN
1417540920,NaN,NaN,NaN,NaN,NaN,NaN,NaN
1417540980,NaN,NaN,NaN,NaN,NaN,NaN,NaN
1417541040,NaN,NaN,NaN,NaN,NaN,NaN,NaN
1417541100,NaN,NaN,NaN,NaN,NaN,NaN,NaN
1417541160,NaN,NaN,NaN,NaN,NaN,NaN,NaN
1417541220,NaN,NaN,NaN,NaN,NaN,NaN,NaN
1417541280,NaN,NaN,NaN,NaN,NaN,NaN,NaN
1417541340,NaN,NaN,NaN,NaN,NaN,NaN,NaN
1417541400,NaN,NaN,NaN,NaN,NaN,NaN,NaN
1417541460,NaN,NaN,NaN,NaN,NaN,NaN,NaN
1417541520,NaN,NaN,NaN,NaN,NaN,NaN,NaN
1417541580,NaN,NaN,NaN,NaN,NaN,NaN,NaN
1417541640,NaN,NaN,NaN,NaN,NaN,NaN,NaN
1417541700,NaN,NaN,NaN,NaN,NaN,NaN,NaN
1417541760,NaN,NaN,NaN,NaN,NaN,NaN,NaN
1417541820,NaN,NaN,NaN,NaN,NaN,NaN,NaN
1417541880,NaN,NaN,NaN,NaN,NaN,NaN,NaN
1417541940,NaN,NaN,NaN,NaN,NaN,NaN,NaN
1417542000,NaN,NaN,NaN,NaN,NaN,NaN,NaN
1417542060,NaN,NaN,NaN,NaN,NaN,NaN,NaN
1417542120,NaN,NaN,NaN,NaN,NaN,NaN,NaN
1417542180,NaN,NaN,NaN,NaN,NaN,NaN,NaN
1417542240,NaN,NaN,NaN,NaN,NaN,NaN,NaN
1417542300,NaN,NaN,NaN,NaN,NaN,NaN,NaN
1417542360,NaN,NaN,NaN,NaN,NaN,NaN,NaN
1417542420,NaN,NaN,NaN,NaN,NaN,NaN,NaN
1417542480,NaN,NaN,NaN,NaN,NaN,NaN,NaN
1417542540,NaN,NaN,NaN,NaN,NaN,NaN,NaN
1417542600,NaN,NaN,NaN,NaN,NaN,NaN,NaN
1417542660,NaN,NaN,NaN,NaN,NaN,NaN,NaN
1417542720,NaN,NaN,NaN,NaN,NaN,NaN,NaN
1417542780,NaN,NaN,NaN,NaN,NaN,NaN,NaN
1417542840,NaN,NaN,NaN,NaN,NaN,NaN,NaN
1417542900,NaN,NaN,NaN,NaN,NaN,NaN,NaN
1417542960,NaN,NaN,NaN,NaN,NaN,NaN,NaN
1417543020,NaN,NaN,NaN,NaN,NaN,NaN,NaN
1417543080,NaN,NaN,NaN,NaN,NaN,NaN,NaN
1417543140,NaN,NaN,NaN,NaN,NaN,NaN,NaN
1417543200,NaN,NaN,NaN,NaN,NaN,NaN,NaN
1417543260,NaN,NaN,NaN,NaN,NaN,NaN,NaN
1417543320,NaN,NaN,NaN,NaN,NaN,NaN,NaN
1417543380,NaN,NaN,NaN,NaN,NaN,NaN,NaN
1417543440,NaN,NaN,NaN,NaN,NaN,NaN,NaN
1417543500,NaN,NaN,NaN,NaN,NaN,NaN,NaN
1417543560,NaN,NaN,NaN,NaN,NaN,NaN,NaN
1417543620,NaN,NaN,NaN,NaN,NaN,NaN,NaN
1417543680,NaN,NaN,NaN,NaN,NaN,NaN,NaN
1417543740,NaN,NaN,NaN,NaN,NaN,NaN,NaN
1417543800,NaN,NaN,NaN,NaN,NaN,NaN,NaN
1417543860,NaN,NaN,NaN,NaN,NaN,NaN,NaN
1417543920,NaN,NaN,NaN,NaN,NaN,NaN,NaN
1417543980,NaN,NaN,NaN,NaN,NaN,NaN,NaN
1417544040,NaN,NaN,NaN,NaN,NaN,NaN,NaN
1417544100,NaN,NaN,NaN,NaN,NaN,NaN,NaN
1417544160,NaN,NaN,NaN,NaN,NaN,NaN,NaN
1417544220,NaN,NaN,NaN,NaN,NaN,NaN,NaN
1417544280,NaN,NaN,NaN,NaN,NaN,NaN,NaN
1417544340,NaN,NaN,NaN,NaN,NaN,NaN,NaN
1417544400,NaN,NaN,NaN,NaN,NaN,NaN,NaN
1417544460,NaN,NaN,NaN,NaN,NaN,NaN,NaN
1417544520,NaN,NaN,NaN,NaN,NaN,NaN,NaN
1417544580,NaN,NaN,NaN,NaN,NaN,NaN,NaN
1417544640,NaN,NaN,NaN,NaN,NaN,NaN,NaN
1417544700,NaN,NaN,NaN,NaN,NaN,NaN,NaN
1417544760,NaN,NaN,NaN,NaN,NaN,NaN,NaN
1417544820,NaN,NaN,NaN,NaN,NaN,NaN,NaN
1417544880,NaN,NaN,NaN,NaN,NaN,NaN,NaN
1417544940,NaN,NaN,NaN,NaN,NaN,NaN,NaN
1417545000,NaN,NaN,NaN,NaN,NaN,NaN,NaN
1417545060,NaN,NaN,NaN,NaN,NaN,NaN,NaN
1417545120,NaN,NaN,NaN,NaN,NaN,NaN,NaN
1417545180,NaN,NaN,NaN,NaN,NaN,NaN,NaN
1417545240,NaN,NaN,NaN,NaN,NaN,NaN,NaN
1417545300,NaN,NaN,NaN,NaN,NaN,NaN,NaN
1417545360,NaN,NaN,NaN,NaN,NaN,NaN,NaN
1417545420,NaN,NaN,NaN,NaN,NaN,NaN,NaN
1417545480,NaN,NaN,NaN,NaN,NaN,NaN,NaN
1417545540,NaN,NaN,NaN,NaN,NaN,NaN,NaN
1417545600,NaN,NaN,NaN,NaN,NaN,NaN,NaN
1417545660,NaN,NaN,NaN,NaN,NaN,NaN,NaN
1417545720,NaN,NaN,NaN,NaN,NaN,NaN,NaN
1417545780,378,378,378,378,0.1,37.8,378
1417545840,NaN,NaN,NaN,NaN,NaN,NaN,NaN
1417545900,NaN,NaN,NaN,NaN,NaN,NaN,NaN
1417545960,NaN,NaN,NaN,NaN,NaN,NaN,NaN
1417546020,NaN,NaN,NaN,NaN,NaN,NaN,NaN
1417546080,NaN,NaN,NaN,NaN,NaN,NaN,NaN
1417546140,NaN,NaN,NaN,NaN,NaN,NaN,NaN
1417546200,NaN,NaN,NaN,NaN,NaN,NaN,NaN
1417546260,NaN,NaN,NaN,NaN,NaN,NaN,NaN
1417546320,NaN,NaN,NaN,NaN,NaN,NaN,NaN
1417546380,NaN,NaN,NaN,NaN,NaN,NaN,NaN
1417546440,NaN,NaN,NaN,NaN,NaN,NaN,NaN
1417546500,NaN,NaN,NaN,NaN,NaN,NaN,NaN
1417546560,NaN,NaN,NaN,NaN,NaN,NaN,NaN
1417546620,NaN,NaN,NaN,NaN,NaN,NaN,NaN
1417546680,378,378,378,378,0.7936,299.9808,378
1417546740,NaN,NaN,NaN,NaN,NaN,NaN,NaN
1417546800,NaN,NaN,NaN,NaN,NaN,NaN,NaN
1417546860,NaN,NaN,NaN,NaN,NaN,NaN,NaN
1417546920,NaN,NaN,NaN,NaN,NaN,NaN,NaN
1417546980,NaN,NaN,NaN,NaN,NaN,NaN,NaN
1417547040,NaN,NaN,NaN,NaN,NaN,NaN,NaN
1417547100,NaN,NaN,NaN,NaN,NaN,NaN,NaN
1417547160,NaN,NaN,NaN,NaN,NaN,NaN,NaN
1417547220,NaN,NaN,NaN,NaN,NaN,NaN,NaN
1417547280,NaN,NaN,NaN,NaN,NaN,NaN,NaN
1417547340,NaN,NaN,NaN,NaN,NaN,NaN,NaN
1417547400,NaN,NaN,NaN,NaN,NaN,NaN,NaN
1417547460,NaN,NaN,NaN,NaN,NaN,NaN,NaN
1417547520,NaN,NaN,NaN,NaN,NaN,NaN,NaN
1417547580,NaN,NaN,NaN,NaN,NaN,NaN,NaN
1417547640,NaN,NaN,NaN,NaN,NaN,NaN,NaN
1417547700,NaN,NaN,NaN,NaN,NaN,NaN,NaN
1417547760,NaN,NaN,NaN,NaN,NaN,NaN,NaN
1417547820,NaN,NaN,NaN,NaN,NaN,NaN,NaN
1417547880,NaN,NaN,NaN,NaN,NaN,NaN,NaN
1417547940,NaN,NaN,NaN,NaN,NaN,NaN,NaN
1417548000,NaN,NaN,NaN,NaN,NaN,NaN,NaN
1417548060,NaN,NaN,NaN,NaN,NaN,NaN,NaN
1417548120,NaN,NaN,NaN,NaN,NaN,NaN,NaN
1417548180,NaN,NaN,NaN,NaN,NaN,NaN,NaN
1417548240,NaN,NaN,NaN,NaN,NaN,NaN,NaN
1417548300,NaN,NaN,NaN,NaN,NaN,NaN,NaN
1417548360,NaN,NaN,NaN,NaN,NaN,NaN,NaN
1417548420,NaN,NaN,NaN,NaN,NaN,NaN,NaN
1417548480,NaN,NaN,NaN,NaN,NaN,NaN,NaN
1417548540,NaN,NaN,NaN,NaN,NaN,NaN,NaN
1417548600,NaN,NaN,NaN,NaN,NaN,NaN,NaN
1417548660,NaN,NaN,NaN,NaN,NaN,NaN,NaN
1417548720,NaN,NaN,NaN,NaN,NaN,NaN,NaN
1417548780,NaN,NaN,NaN,NaN,NaN,NaN,NaN
1417548840,NaN,NaN,NaN,NaN,NaN,NaN,NaN
1417548900,NaN,NaN,NaN,NaN,NaN,NaN,NaN
1417548960,NaN,NaN,NaN,NaN,NaN,NaN,NaN
1417549020,NaN,NaN,NaN,NaN,NaN,NaN,NaN
1417549080,NaN,NaN,NaN,NaN,NaN,NaN,NaN
1417549140,NaN,NaN,NaN,NaN,NaN,NaN,NaN
1417549200,NaN,NaN,NaN,NaN,NaN,NaN,NaN
1417549260,NaN,NaN,NaN,NaN,NaN,NaN,NaN
1417549320,NaN,NaN,NaN,NaN,NaN,NaN,NaN
1417549380,NaN,NaN,NaN,NaN,NaN,NaN,NaN
1417549440,NaN,NaN,NaN,NaN,NaN,NaN,NaN
1417549500,NaN,NaN,NaN,NaN,NaN,NaN,NaN
1417549560,NaN,NaN,NaN,NaN,NaN,NaN,NaN
1417549620,NaN,NaN,NaN,NaN,NaN,NaN,NaN
1417549680,NaN,NaN,NaN,NaN,NaN,NaN,NaN
1417549740,NaN,NaN,NaN,NaN,NaN,NaN,NaN
1417549800,NaN,NaN,NaN,NaN,NaN,NaN,NaN
1417549860,NaN,NaN,NaN,NaN,NaN,NaN,NaN
1417549920,NaN,NaN,NaN,NaN,NaN,NaN,NaN
1417549980,NaN,NaN,NaN,NaN,NaN,NaN,NaN
1417550040,NaN,NaN,NaN,NaN,NaN,NaN,NaN
1417550100,NaN,NaN,NaN,NaN,NaN,NaN,NaN
1417550160,NaN,NaN,NaN,NaN,NaN,NaN,NaN
1417550220,NaN,NaN,NaN,NaN,NaN,NaN,NaN
1417550280,NaN,NaN,NaN,NaN,NaN,NaN,NaN
1417550340,NaN,NaN,NaN,NaN,NaN,NaN,NaN
1417550400,NaN,NaN,NaN,NaN,NaN,NaN,NaN
1417550460,NaN,NaN,NaN,NaN,NaN,NaN,NaN
1417550520,378,378,378,378,0.01,3.78,378
1417550580,NaN,NaN,NaN,NaN,NaN,NaN,NaN
1417550640,NaN,NaN,NaN,NaN,NaN,NaN,NaN
1417550700,NaN,NaN,NaN,NaN,NaN,NaN,NaN
1417550760,NaN,NaN,NaN,NaN,NaN,NaN,NaN
1417550820,NaN,NaN,NaN,NaN,NaN,NaN,NaN
1417550880,NaN,NaN,NaN,NaN,NaN,NaN,NaN
1417550940,NaN,NaN,NaN,NaN,NaN,NaN,NaN
1417551000,NaN,NaN,NaN,NaN,NaN,NaN,NaN
1417551060,NaN,NaN,NaN,NaN,NaN,NaN,NaN
1417551120,NaN,NaN,NaN,NaN,NaN,NaN,NaN
1417551180,NaN,NaN,NaN,NaN,NaN,NaN,NaN
1417551240,NaN,NaN,NaN,NaN,NaN,NaN,NaN
1417551300,NaN,NaN,NaN,NaN,NaN,NaN,NaN
1417551360,NaN,NaN,NaN,NaN,NaN,NaN,NaN
1417551420,NaN,NaN,NaN,NaN,NaN,NaN,NaN
1417551480,NaN,NaN,NaN,NaN,NaN,NaN,NaN
1417551540,NaN,NaN,NaN,NaN,NaN,NaN,NaN
1417551600,NaN,NaN,NaN,NaN,NaN,NaN,NaN
1417551660,NaN,NaN,NaN,NaN,NaN,NaN,NaN
1417551720,NaN,NaN,NaN,NaN,NaN,NaN,NaN
1417551780,NaN,NaN,NaN,NaN,NaN,NaN,NaN
1417551840,NaN,NaN,NaN,NaN,NaN,NaN,NaN
1417551900,NaN,NaN,NaN,NaN,NaN,NaN,NaN
1417551960,NaN,NaN,NaN,NaN,NaN,NaN,NaN
1417552020,NaN,NaN,NaN,NaN,NaN,NaN,NaN
1417552080,NaN,NaN,NaN,NaN,NaN,NaN,NaN
1417552140,NaN,NaN,NaN,NaN,NaN,NaN,NaN
1417552200,NaN,NaN,NaN,NaN,NaN,NaN,NaN
1417552260,NaN,NaN,NaN,NaN,NaN,NaN,NaN
1417552320,NaN,NaN,NaN,NaN,NaN,NaN,NaN
1417552380,NaN,NaN,NaN,NaN,NaN,NaN,NaN
1417552440,NaN,NaN,NaN,NaN,NaN,NaN,NaN
1417552500,NaN,NaN,NaN,NaN,NaN,NaN,NaN
1417552560,NaN,NaN,NaN,NaN,NaN,NaN,NaN
1417552620,NaN,NaN,NaN,NaN,NaN,NaN,NaN
1417552680,NaN,NaN,NaN,NaN,NaN,NaN,NaN
1417552740,NaN,NaN,NaN,NaN,NaN,NaN,NaN
1417552800,NaN,NaN,NaN,NaN,NaN,NaN,NaN
1417552860,NaN,NaN,NaN,NaN,NaN,NaN,NaN
1417552920,NaN,NaN,NaN,NaN,NaN,NaN,NaN
1417552980,NaN,NaN,NaN,NaN,NaN,NaN,NaN
1417553040,NaN,NaN,NaN,NaN,NaN,NaN,NaN
1417553100,NaN,NaN,NaN,NaN,NaN,NaN,NaN
1417553160,NaN,NaN,NaN,NaN,NaN,NaN,NaN
1417553220,NaN,NaN,NaN,NaN,NaN,NaN,NaN
1417553280,NaN,NaN,NaN,NaN,NaN,NaN,NaN
1417553340,NaN,NaN,NaN,NaN,NaN,NaN,NaN
1417553400,NaN,NaN,NaN,NaN,NaN,NaN,NaN
1417553460,NaN,NaN,NaN,NaN,NaN,NaN,NaN
1417553520,NaN,NaN,NaN,NaN,NaN,NaN,NaN
1417553580,NaN,NaN,NaN,NaN,NaN,NaN,NaN
1417553640,NaN,NaN,NaN,NaN,NaN,NaN,NaN
1417553700,NaN,NaN,NaN,NaN,NaN,NaN,NaN
1417553760,NaN,NaN,NaN,NaN,NaN,NaN,NaN
1417553820,NaN,NaN,NaN,NaN,NaN,NaN,NaN
1417553880,NaN,NaN,NaN,NaN,NaN,NaN,NaN
1417553940,NaN,NaN,NaN,NaN,NaN,NaN,NaN
1417554000,NaN,NaN,NaN,NaN,NaN,NaN,NaN
1417554060,NaN,NaN,NaN,NaN,NaN,NaN,NaN
1417554120,NaN,NaN,NaN,NaN,NaN,NaN,NaN
1417554180,NaN,NaN,NaN,NaN,NaN,NaN,NaN
1417554240,NaN,NaN,NaN,NaN,NaN,NaN,NaN
1417554300,NaN,NaN,NaN,NaN,NaN,NaN,NaN
1417554360,NaN,NaN,NaN,NaN,NaN,NaN,NaN
1417554420,NaN,NaN,NaN,NaN,NaN,NaN,NaN
1417554480,NaN,NaN,NaN,NaN,NaN,NaN,NaN
1417554540,NaN,NaN,NaN,NaN,NaN,NaN,NaN
1417554600,NaN,NaN,NaN,NaN,NaN,NaN,NaN
1417554660,NaN,NaN,NaN,NaN,NaN,NaN,NaN
1417554720,NaN,NaN,NaN,NaN,NaN,NaN,NaN
1417554780,NaN,NaN,NaN,NaN,NaN,NaN,NaN
1417554840,NaN,NaN,NaN,NaN,NaN,NaN,NaN
1417554900,NaN,NaN,NaN,NaN,NaN,NaN,NaN
1417554960,NaN,NaN,NaN,NaN,NaN,NaN,NaN
1417555020,NaN,NaN,NaN,NaN,NaN,NaN,NaN
1417555080,NaN,NaN,NaN,NaN,NaN,NaN,NaN
1417555140,NaN,NaN,NaN,NaN,NaN,NaN,NaN
1417555200,NaN,NaN,NaN,NaN,NaN,NaN,NaN
1417555260,NaN,NaN,NaN,NaN,NaN,NaN,NaN
1417555320,NaN,NaN,NaN,NaN,NaN,NaN,NaN
1417555380,NaN,NaN,NaN,NaN,NaN,NaN,NaN
1417555440,NaN,NaN,NaN,NaN,NaN,NaN,NaN
1417555500,NaN,NaN,NaN,NaN,NaN,NaN,NaN
1417555560,NaN,NaN,NaN,NaN,NaN,NaN,NaN
1417555620,NaN,NaN,NaN,NaN,NaN,NaN,NaN
1417555680,NaN,NaN,NaN,NaN,NaN,NaN,NaN
1417555740,NaN,NaN,NaN,NaN,NaN,NaN,NaN
1417555800,NaN,NaN,NaN,NaN,NaN,NaN,NaN
1417555860,NaN,NaN,NaN,NaN,NaN,NaN,NaN
1417555920,NaN,NaN,NaN,NaN,NaN,NaN,NaN
1417555980,NaN,NaN,NaN,NaN,NaN,NaN,NaN
1417556040,NaN,NaN,NaN,NaN,NaN,NaN,NaN
1417556100,NaN,NaN,NaN,NaN,NaN,NaN,NaN
1417556160,NaN,NaN,NaN,NaN,NaN,NaN,NaN
1417556220,NaN,NaN,NaN,NaN,NaN,NaN,NaN
1417556280,NaN,NaN,NaN,NaN,NaN,NaN,NaN
1417556340,NaN,NaN,NaN,NaN,NaN,NaN,NaN
1417556400,NaN,NaN,NaN,NaN,NaN,NaN,NaN
1417556460,NaN,NaN,NaN,NaN,NaN,NaN,NaN
1417556520,NaN,NaN,NaN,NaN,NaN,NaN,NaN
1417556580,NaN,NaN,NaN,NaN,NaN,NaN,NaN
1417556640,NaN,NaN,NaN,NaN,NaN,NaN,NaN
1417556700,NaN,NaN,NaN,NaN,NaN,NaN,NaN
1417556760,NaN,NaN,NaN,NaN,NaN,NaN,NaN
1417556820,NaN,NaN,NaN,NaN,NaN,NaN,NaN
1417556880,NaN,NaN,NaN,NaN,NaN,NaN,NaN
1417556940,NaN,NaN,NaN,NaN,NaN,NaN,NaN
1417557000,NaN,NaN,NaN,NaN,NaN,NaN,NaN
1417557060,NaN,NaN,NaN,NaN,NaN,NaN,NaN
1417557120,NaN,NaN,NaN,NaN,NaN,NaN,NaN
1417557180,NaN,NaN,NaN,NaN,NaN,NaN,NaN
1417557240,NaN,NaN,NaN,NaN,NaN,NaN,NaN
1417557300,NaN,NaN,NaN,NaN,NaN,NaN,NaN
1417557360,NaN,NaN,NaN,NaN,NaN,NaN,NaN
1417557420,NaN,NaN,NaN,NaN,NaN,NaN,NaN
1417557480,NaN,NaN,NaN,NaN,NaN,NaN,NaN
1417557540,NaN,NaN,NaN,NaN,NaN,NaN,NaN
1417557600,NaN,NaN,NaN,NaN,NaN,NaN,NaN
1417557660,NaN,NaN,NaN,NaN,NaN,NaN,NaN
1417557720,NaN,NaN,NaN,NaN,NaN,NaN,NaN
1417557780,NaN,NaN,NaN,NaN,NaN,NaN,NaN
1417557840,NaN,NaN,NaN,NaN,NaN,NaN,NaN
1417557900,NaN,NaN,NaN,NaN,NaN,NaN,NaN
1417557960,NaN,NaN,NaN,NaN,NaN,NaN,NaN
1417558020,NaN,NaN,NaN,NaN,NaN,NaN,NaN
1417558080,NaN,NaN,NaN,NaN,NaN,NaN,NaN
1417558140,NaN,NaN,NaN,NaN,NaN,NaN,NaN
1417558200,NaN,NaN,NaN,NaN,NaN,NaN,NaN
1417558260,NaN,NaN,NaN,NaN,NaN,NaN,NaN
1417558320,NaN,NaN,NaN,NaN,NaN,NaN,NaN
1417558380,NaN,NaN,NaN,NaN,NaN,NaN,NaN
1417558440,NaN,NaN,NaN,NaN,NaN,NaN,NaN
1417558500,NaN,NaN,NaN,NaN,NaN,NaN,NaN
1417558560,NaN,NaN,NaN,NaN,NaN,NaN,NaN
1417558620,NaN,NaN,NaN,NaN,NaN,NaN,NaN
1417558680,NaN,NaN,NaN,NaN,NaN,NaN,NaN
1417558740,NaN,NaN,NaN,NaN,NaN,NaN,NaN
1417558800,NaN,NaN,NaN,NaN,NaN,NaN,NaN
1417558860,NaN,NaN,NaN,NaN,NaN,NaN,NaN
1417558920,NaN,NaN,NaN,NaN,NaN,NaN,NaN
1417558980,NaN,NaN,NaN,NaN,NaN,NaN,NaN
1417559040,NaN,NaN,NaN,NaN,NaN,NaN,NaN
1417559100,NaN,NaN,NaN,NaN,NaN,NaN,NaN
1417559160,NaN,NaN,NaN,NaN,NaN,NaN,NaN
1417559220,NaN,NaN,NaN,NaN,NaN,NaN,NaN
1417559280,NaN,NaN,NaN,NaN,NaN,NaN,NaN
1417559340,NaN,NaN,NaN,NaN,NaN,NaN,NaN
1417559400,NaN,NaN,NaN,NaN,NaN,NaN,NaN
1417559460,NaN,NaN,NaN,NaN,NaN,NaN,NaN
1417559520,NaN,NaN,NaN,NaN,NaN,NaN,NaN
1417559580,NaN,NaN,NaN,NaN,NaN,NaN,NaN
1417559640,NaN,NaN,NaN,NaN,NaN,NaN,NaN
1417559700,NaN,NaN,NaN,NaN,NaN,NaN,NaN
1417559760,NaN,NaN,NaN,NaN,NaN,NaN,NaN
1417559820,NaN,NaN,NaN,NaN,NaN,NaN,NaN
1417559880,NaN,NaN,NaN,NaN,NaN,NaN,NaN
1417559940,NaN,NaN,NaN,NaN,NaN,NaN,NaN
1417560000,NaN,NaN,NaN,NaN,NaN,NaN,NaN
1417560060,NaN,NaN,NaN,NaN,NaN,NaN,NaN
1417560120,NaN,NaN,NaN,NaN,NaN,NaN,NaN
1417560180,NaN,NaN,NaN,NaN,NaN,NaN,NaN
1417560240,NaN,NaN,NaN,NaN,NaN,NaN,NaN
1417560300,NaN,NaN,NaN,NaN,NaN,NaN,NaN
1417560360,NaN,NaN,NaN,NaN,NaN,NaN,NaN
1417560420,NaN,NaN,NaN,NaN,NaN,NaN,NaN
1417560480,NaN,NaN,NaN,NaN,NaN,NaN,NaN
1417560540,NaN,NaN,NaN,NaN,NaN,NaN,NaN
1417560600,NaN,NaN,NaN,NaN,NaN,NaN,NaN
1417560660,NaN,NaN,NaN,NaN,NaN,NaN,NaN
1417560720,NaN,NaN,NaN,NaN,NaN,NaN,NaN
1417560780,NaN,NaN,NaN,NaN,NaN,NaN,NaN
1417560840,NaN,NaN,NaN,NaN,NaN,NaN,NaN
1417560900,NaN,NaN,NaN,NaN,NaN,NaN,NaN
1417560960,NaN,NaN,NaN,NaN,NaN,NaN,NaN
1417561020,NaN,NaN,NaN,NaN,NaN,NaN,NaN
1417561080,NaN,NaN,NaN,NaN,NaN,NaN,NaN
1417561140,NaN,NaN,NaN,NaN,NaN,NaN,NaN
1417561200,NaN,NaN,NaN,NaN,NaN,NaN,NaN
1417561260,NaN,NaN,NaN,NaN,NaN,NaN,NaN
1417561320,NaN,NaN,NaN,NaN,NaN,NaN,NaN
1417561380,NaN,NaN,NaN,NaN,NaN,NaN,NaN
1417561440,NaN,NaN,NaN,NaN,NaN,NaN,NaN
1417561500,NaN,NaN,NaN,NaN,NaN,NaN,NaN
1417561560,NaN,NaN,NaN,NaN,NaN,NaN,NaN
1417561620,NaN,NaN,NaN,NaN,NaN,NaN,NaN
1417561680,NaN,NaN,NaN,NaN,NaN,NaN,NaN
1417561740,NaN,NaN,NaN,NaN,NaN,NaN,NaN
1417561800,NaN,NaN,NaN,NaN,NaN,NaN,NaN
1417561860,NaN,NaN,NaN,NaN,NaN,NaN,NaN
1417561920,NaN,NaN,NaN,NaN,NaN,NaN,NaN
1417561980,NaN,NaN,NaN,NaN,NaN,NaN,NaN
1417562040,NaN,NaN,NaN,NaN,NaN,NaN,NaN
1417562100,NaN,NaN,NaN,NaN,NaN,NaN,NaN
1417562160,NaN,NaN,NaN,NaN,NaN,NaN,NaN
1417562220,NaN,NaN,NaN,NaN,NaN,NaN,NaN
1417562280,NaN,NaN,NaN,NaN,NaN,NaN,NaN
1417562340,NaN,NaN,NaN,NaN,NaN,NaN,NaN
1417562400,NaN,NaN,NaN,NaN,NaN,NaN,NaN
1417562460,NaN,NaN,NaN,NaN,NaN,NaN,NaN
1417562520,NaN,NaN,NaN,NaN,NaN,NaN,NaN
1417562580,NaN,NaN,NaN,NaN,NaN,NaN,NaN
1417562640,NaN,NaN,NaN,NaN,NaN,NaN,NaN
1417562700,NaN,NaN,NaN,NaN,NaN,NaN,NaN
1417562760,NaN,NaN,NaN,NaN,NaN,NaN,NaN
1417562820,NaN,NaN,NaN,NaN,NaN,NaN,NaN
1417562880,NaN,NaN,NaN,NaN,NaN,NaN,NaN
1417562940,NaN,NaN,NaN,NaN,NaN,NaN,NaN
1417563000,NaN,NaN,NaN,NaN,NaN,NaN,NaN
1417563060,NaN,NaN,NaN,NaN,NaN,NaN,NaN
1417563120,NaN,NaN,NaN,NaN,NaN,NaN,NaN
1417563180,NaN,NaN,NaN,NaN,NaN,NaN,NaN
1417563240,NaN,NaN,NaN,NaN,NaN,NaN,NaN
1417563300,NaN,NaN,NaN,NaN,NaN,NaN,NaN
1417563360,NaN,NaN,NaN,NaN,NaN,NaN,NaN
1417563420,NaN,NaN,NaN,NaN,NaN,NaN,NaN
1417563480,NaN,NaN,NaN,NaN,NaN,NaN,NaN
1417563540,NaN,NaN,NaN,NaN,NaN,NaN,NaN
1417563600,NaN,NaN,NaN,NaN,NaN,NaN,NaN
1417563660,NaN,NaN,NaN,NaN,NaN,NaN,NaN
1417563720,NaN,NaN,NaN,NaN,NaN,NaN,NaN
1417563780,NaN,NaN,NaN,NaN,NaN,NaN,NaN
1417563840,NaN,NaN,NaN,NaN,NaN,NaN,NaN
1417563900,NaN,NaN,NaN,NaN,NaN,NaN,NaN
1417563960,NaN,NaN,NaN,NaN,NaN,NaN,NaN
1417564020,NaN,NaN,NaN,NaN,NaN,NaN,NaN
1417564080,NaN,NaN,NaN,NaN,NaN,NaN,NaN
1417564140,NaN,NaN,NaN,NaN,NaN,NaN,NaN
1417564200,NaN,NaN,NaN,NaN,NaN,NaN,NaN
1417564260,NaN,NaN,NaN,NaN,NaN,NaN,NaN
1417564320,NaN,NaN,NaN,NaN,NaN,NaN,NaN
1417564380,NaN,NaN,NaN,NaN,NaN,NaN,NaN
1417564440,NaN,NaN,NaN,NaN,NaN,NaN,NaN
1417564500,NaN,NaN,NaN,NaN,NaN,NaN,NaN
1417564560,NaN,NaN,NaN,NaN,NaN,NaN,NaN
1417564620,NaN,NaN,NaN,NaN,NaN,NaN,NaN
1417564680,NaN,NaN,NaN,NaN,NaN,NaN,NaN
1417564740,NaN,NaN,NaN,NaN,NaN,NaN,NaN
1417564800,NaN,NaN,NaN,NaN,NaN,NaN,NaN
1417564860,NaN,NaN,NaN,NaN,NaN,NaN,NaN
1417564920,NaN,NaN,NaN,NaN,NaN,NaN,NaN
1417564980,NaN,NaN,NaN,NaN,NaN,NaN,NaN
1417565040,NaN,NaN,NaN,NaN,NaN,NaN,NaN
1417565100,NaN,NaN,NaN,NaN,NaN,NaN,NaN
1417565160,NaN,NaN,NaN,NaN,NaN,NaN,NaN
1417565220,NaN,NaN,NaN,NaN,NaN,NaN,NaN
1417565280,NaN,NaN,NaN,NaN,NaN,NaN,NaN
1417565340,NaN,NaN,NaN,NaN,NaN,NaN,NaN
1417565400,NaN,NaN,NaN,NaN,NaN,NaN,NaN
1417565460,NaN,NaN,NaN,NaN,NaN,NaN,NaN
1417565520,NaN,NaN,NaN,NaN,NaN,NaN,NaN
1417565580,NaN,NaN,NaN,NaN,NaN,NaN,NaN
1417565640,NaN,NaN,NaN,NaN,NaN,NaN,NaN
1417565700,NaN,NaN,NaN,NaN,NaN,NaN,NaN
1417565760,NaN,NaN,NaN,NaN,NaN,NaN,NaN
1417565820,NaN,NaN,NaN,NaN,NaN,NaN,NaN
1417565880,NaN,NaN,NaN,NaN,NaN,NaN,NaN
1417565940,NaN,NaN,NaN,NaN,NaN,NaN,NaN
1417566000,NaN,NaN,NaN,NaN,NaN,NaN,NaN
1417566060,NaN,NaN,NaN,NaN,NaN,NaN,NaN
1417566120,NaN,NaN,NaN,NaN,NaN,NaN,NaN
1417566180,NaN,NaN,NaN,NaN,NaN,NaN,NaN
1417566240,NaN,NaN,NaN,NaN,NaN,NaN,NaN
1417566300,NaN,NaN,NaN,NaN,NaN,NaN,NaN
1417566360,NaN,NaN,NaN,NaN,NaN,NaN,NaN
1417566420,NaN,NaN,NaN,NaN,NaN,NaN,NaN
1417566480,NaN,NaN,NaN,NaN,NaN,NaN,NaN
1417566540,NaN,NaN,NaN,NaN,NaN,NaN,NaN
1417566600,NaN,NaN,NaN,NaN,NaN,NaN,NaN
1417566660,NaN,NaN,NaN,NaN,NaN,NaN,NaN
1417566720,NaN,NaN,NaN,NaN,NaN,NaN,NaN
1417566780,NaN,NaN,NaN,NaN,NaN,NaN,NaN
1417566840,NaN,NaN,NaN,NaN,NaN,NaN,NaN
1417566900,NaN,NaN,NaN,NaN,NaN,NaN,NaN
1417566960,NaN,NaN,NaN,NaN,NaN,NaN,NaN
1417567020,NaN,NaN,NaN,NaN,NaN,NaN,NaN
1417567080,NaN,NaN,NaN,NaN,NaN,NaN,NaN
1417567140,NaN,NaN,NaN,NaN,NaN,NaN,NaN
1417567200,NaN,NaN,NaN,NaN,NaN,NaN,NaN
1417567260,NaN,NaN,NaN,NaN,NaN,NaN,NaN
1417567320,NaN,NaN,NaN,NaN,NaN,NaN,NaN
1417567380,NaN,NaN,NaN,NaN,NaN,NaN,NaN
1417567440,NaN,NaN,NaN,NaN,NaN,NaN,NaN
1417567500,NaN,NaN,NaN,NaN,NaN,NaN,NaN
1417567560,NaN,NaN,NaN,NaN,NaN,NaN,NaN
1417567620,NaN,NaN,NaN,NaN,NaN,NaN,NaN
1417567680,NaN,NaN,NaN,NaN,NaN,NaN,NaN
1417567740,NaN,NaN,NaN,NaN,NaN,NaN,NaN
1417567800,NaN,NaN,NaN,NaN,NaN,NaN,NaN
1417567860,NaN,NaN,NaN,NaN,NaN,NaN,NaN
1417567920,NaN,NaN,NaN,NaN,NaN,NaN,NaN
1417567980,NaN,NaN,NaN,NaN,NaN,NaN,NaN
1417568040,NaN,NaN,NaN,NaN,NaN,NaN,NaN
1417568100,NaN,NaN,NaN,NaN,NaN,NaN,NaN
1417568160,NaN,NaN,NaN,NaN,NaN,NaN,NaN
1417568220,NaN,NaN,NaN,NaN,NaN,NaN,NaN
1417568280,NaN,NaN,NaN,NaN,NaN,NaN,NaN
1417568340,NaN,NaN,NaN,NaN,NaN,NaN,NaN
1417568400,NaN,NaN,NaN,NaN,NaN,NaN,NaN
1417568460,NaN,NaN,NaN,NaN,NaN,NaN,NaN
1417568520,NaN,NaN,NaN,NaN,NaN,NaN,NaN
1417568580,NaN,NaN,NaN,NaN,NaN,NaN,NaN
1417568640,NaN,NaN,NaN,NaN,NaN,NaN,NaN
1417568700,NaN,NaN,NaN,NaN,NaN,NaN,NaN
1417568760,NaN,NaN,NaN,NaN,NaN,NaN,NaN
1417568820,NaN,NaN,NaN,NaN,NaN,NaN,NaN
1417568880,NaN,NaN,NaN,NaN,NaN,NaN,NaN
1417568940,NaN,NaN,NaN,NaN,NaN,NaN,NaN
1417569000,NaN,NaN,NaN,NaN,NaN,NaN,NaN
1417569060,NaN,NaN,NaN,NaN,NaN,NaN,NaN
1417569120,NaN,NaN,NaN,NaN,NaN,NaN,NaN
1417569180,NaN,NaN,NaN,NaN,NaN,NaN,NaN
1417569240,NaN,NaN,NaN,NaN,NaN,NaN,NaN
1417569300,NaN,NaN,NaN,NaN,NaN,NaN,NaN
1417569360,NaN,NaN,NaN,NaN,NaN,NaN,NaN
1417569420,NaN,NaN,NaN,NaN,NaN,NaN,NaN
1417569480,NaN,NaN,NaN,NaN,NaN,NaN,NaN
1417569540,NaN,NaN,NaN,NaN,NaN,NaN,NaN
1417569600,NaN,NaN,NaN,NaN,NaN,NaN,NaN
1417569660,NaN,NaN,NaN,NaN,NaN,NaN,NaN
1417569720,NaN,NaN,NaN,NaN,NaN,NaN,NaN
1417569780,NaN,NaN,NaN,NaN,NaN,NaN,NaN
1417569840,NaN,NaN,NaN,NaN,NaN,NaN,NaN
1417569900,NaN,NaN,NaN,NaN,NaN,NaN,NaN
1417569960,NaN,NaN,NaN,NaN,NaN,NaN,NaN
1417570020,NaN,NaN,NaN,NaN,NaN,NaN,NaN
1417570080,NaN,NaN,NaN,NaN,NaN,NaN,NaN
1417570140,NaN,NaN,NaN,NaN,NaN,NaN,NaN
1417570200,NaN,NaN,NaN,NaN,NaN,NaN,NaN
1417570260,NaN,NaN,NaN,NaN,NaN,NaN,NaN
1417570320,NaN,NaN,NaN,NaN,NaN,NaN,NaN
1417570380,NaN,NaN,NaN,NaN,NaN,NaN,NaN
1417570440,NaN,NaN,NaN,NaN,NaN,NaN,NaN
1417570500,NaN,NaN,NaN,NaN,NaN,NaN,NaN
1417570560,NaN,NaN,NaN,NaN,NaN,NaN,NaN
1417570620,NaN,NaN,NaN,NaN,NaN,NaN,NaN
1417570680,NaN,NaN,NaN,NaN,NaN,NaN,NaN
1417570740,NaN,NaN,NaN,NaN,NaN,NaN,NaN
1417570800,NaN,NaN,NaN,NaN,NaN,NaN,NaN
1417570860,NaN,NaN,NaN,NaN,NaN,NaN,NaN
1417570920,NaN,NaN,NaN,NaN,NaN,NaN,NaN
1417570980,NaN,NaN,NaN,NaN,NaN,NaN,NaN
1417571040,NaN,NaN,NaN,NaN,NaN,NaN,NaN
1417571100,NaN,NaN,NaN,NaN,NaN,NaN,NaN
1417571160,NaN,NaN,NaN,NaN,NaN,NaN,NaN
1417571220,NaN,NaN,NaN,NaN,NaN,NaN,NaN
1417571280,NaN,NaN,NaN,NaN,NaN,NaN,NaN
1417571340,NaN,NaN,NaN,NaN,NaN,NaN,NaN
1417571400,NaN,NaN,NaN,NaN,NaN,NaN,NaN
1417571460,NaN,NaN,NaN,NaN,NaN,NaN,NaN
1417571520,NaN,NaN,NaN,NaN,NaN,NaN,NaN
1417571580,NaN,NaN,NaN,NaN,NaN,NaN,NaN
1417571640,NaN,NaN,NaN,NaN,NaN,NaN,NaN
1417571700,NaN,NaN,NaN,NaN,NaN,NaN,NaN
1417571760,NaN,NaN,NaN,NaN,NaN,NaN,NaN
1417571820,NaN,NaN,NaN,NaN,NaN,NaN,NaN
1417571880,NaN,NaN,NaN,NaN,NaN,NaN,NaN
1417571940,NaN,NaN,NaN,NaN,NaN,NaN,NaN
1417572000,NaN,NaN,NaN,NaN,NaN,NaN,NaN
1417572060,NaN,NaN,NaN,NaN,NaN,NaN,NaN
1417572120,NaN,NaN,NaN,NaN,NaN,NaN,NaN
1417572180,NaN,NaN,NaN,NaN,NaN,NaN,NaN
1417572240,NaN,NaN,NaN,NaN,NaN,NaN,NaN
1417572300,NaN,NaN,NaN,NaN,NaN,NaN,NaN
1417572360,NaN,NaN,NaN,NaN,NaN,NaN,NaN
1417572420,NaN,NaN,NaN,NaN,NaN,NaN,NaN
1417572480,NaN,NaN,NaN,NaN,NaN,NaN,NaN
1417572540,NaN,NaN,NaN,NaN,NaN,NaN,NaN
1417572600,NaN,NaN,NaN,NaN,NaN,NaN,NaN
1417572660,NaN,NaN,NaN,NaN,NaN,NaN,NaN
1417572720,NaN,NaN,NaN,NaN,NaN,NaN,NaN
1417572780,NaN,NaN,NaN,NaN,NaN,NaN,NaN
1417572840,NaN,NaN,NaN,NaN,NaN,NaN,NaN
1417572900,NaN,NaN,NaN,NaN,NaN,NaN,NaN
1417572960,NaN,NaN,NaN,NaN,NaN,NaN,NaN
1417573020,NaN,NaN,NaN,NaN,NaN,NaN,NaN
1417573080,NaN,NaN,NaN,NaN,NaN,NaN,NaN
1417573140,NaN,NaN,NaN,NaN,NaN,NaN,NaN
1417573200,NaN,NaN,NaN,NaN,NaN,NaN,NaN
1417573260,NaN,NaN,NaN,NaN,NaN,NaN,NaN
1417573320,NaN,NaN,NaN,NaN,NaN,NaN,NaN
1417573380,NaN,NaN,NaN,NaN,NaN,NaN,NaN
1417573440,NaN,NaN,NaN,NaN,NaN,NaN,NaN
1417573500,NaN,NaN,NaN,NaN,NaN,NaN,NaN
1417573560,NaN,NaN,NaN,NaN,NaN,NaN,NaN
1417573620,NaN,NaN,NaN,NaN,NaN,NaN,NaN
1417573680,NaN,NaN,NaN,NaN,NaN,NaN,NaN
1417573740,NaN,NaN,NaN,NaN,NaN,NaN,NaN
1417573800,NaN,NaN,NaN,NaN,NaN,NaN,NaN
1417573860,NaN,NaN,NaN,NaN,NaN,NaN,NaN
1417573920,NaN,NaN,NaN,NaN,NaN,NaN,NaN
1417573980,NaN,NaN,NaN,NaN,NaN,NaN,NaN
1417574040,NaN,NaN,NaN,NaN,NaN,NaN,NaN
1417574100,NaN,NaN,NaN,NaN,NaN,NaN,NaN
1417574160,NaN,NaN,NaN,NaN,NaN,NaN,NaN
1417574220,NaN,NaN,NaN,NaN,NaN,NaN,NaN
1417574280,NaN,NaN,NaN,NaN,NaN,NaN,NaN
1417574340,NaN,NaN,NaN,NaN,NaN,NaN,NaN
1417574400,NaN,NaN,NaN,NaN,NaN,NaN,NaN
1417574460,NaN,NaN,NaN,NaN,NaN,NaN,NaN
1417574520,NaN,NaN,NaN,NaN,NaN,NaN,NaN
1417574580,NaN,NaN,NaN,NaN,NaN,NaN,NaN
1417574640,NaN,NaN,NaN,NaN,NaN,NaN,NaN
1417574700,NaN,NaN,NaN,NaN,NaN,NaN,NaN
1417574760,NaN,NaN,NaN,NaN,NaN,NaN,NaN
1417574820,NaN,NaN,NaN,NaN,NaN,NaN,NaN
1417574880,NaN,NaN,NaN,NaN,NaN,NaN,NaN
1417574940,NaN,NaN,NaN,NaN,NaN,NaN,NaN
1417575000,NaN,NaN,NaN,NaN,NaN,NaN,NaN
1417575060,NaN,NaN,NaN,NaN,NaN,NaN,NaN
1417575120,NaN,NaN,NaN,NaN,NaN,NaN,NaN
1417575180,NaN,NaN,NaN,NaN,NaN,NaN,NaN
1417575240,NaN,NaN,NaN,NaN,NaN,NaN,NaN
1417575300,NaN,NaN,NaN,NaN,NaN,NaN,NaN
1417575360,NaN,NaN,NaN,NaN,NaN,NaN,NaN
1417575420,NaN,NaN,NaN,NaN,NaN,NaN,NaN
1417575480,NaN,NaN,NaN,NaN,NaN,NaN,NaN
1417575540,NaN,NaN,NaN,NaN,NaN,NaN,NaN
1417575600,NaN,NaN,NaN,NaN,NaN,NaN,NaN
1417575660,NaN,NaN,NaN,NaN,NaN,NaN,NaN
1417575720,NaN,NaN,NaN,NaN,NaN,NaN,NaN
1417575780,NaN,NaN,NaN,NaN,NaN,NaN,NaN
1417575840,NaN,NaN,NaN,NaN,NaN,NaN,NaN
1417575900,NaN,NaN,NaN,NaN,NaN,NaN,NaN
1417575960,NaN,NaN,NaN,NaN,NaN,NaN,NaN
1417576020,NaN,NaN,NaN,NaN,NaN,NaN,NaN
1417576080,NaN,NaN,NaN,NaN,NaN,NaN,NaN
1417576140,NaN,NaN,NaN,NaN,NaN,NaN,NaN
1417576200,NaN,NaN,NaN,NaN,NaN,NaN,NaN
1417576260,NaN,NaN,NaN,NaN,NaN,NaN,NaN
1417576320,NaN,NaN,NaN,NaN,NaN,NaN,NaN
1417576380,NaN,NaN,NaN,NaN,NaN,NaN,NaN
1417576440,NaN,NaN,NaN,NaN,NaN,NaN,NaN
1417576500,NaN,NaN,NaN,NaN,NaN,NaN,NaN
1417576560,NaN,NaN,NaN,NaN,NaN,NaN,NaN
1417576620,NaN,NaN,NaN,NaN,NaN,NaN,NaN
1417576680,NaN,NaN,NaN,NaN,NaN,NaN,NaN
1417576740,NaN,NaN,NaN,NaN,NaN,NaN,NaN
1417576800,NaN,NaN,NaN,NaN,NaN,NaN,NaN
1417576860,NaN,NaN,NaN,NaN,NaN,NaN,NaN
1417576920,NaN,NaN,NaN,NaN,NaN,NaN,NaN
1417576980,NaN,NaN,NaN,NaN,NaN,NaN,NaN
1417577040,NaN,NaN,NaN,NaN,NaN,NaN,NaN
1417577100,NaN,NaN,NaN,NaN,NaN,NaN,NaN
1417577160,NaN,NaN,NaN,NaN,NaN,NaN,NaN
1417577220,NaN,NaN,NaN,NaN,NaN,NaN,NaN
1417577280,NaN,NaN,NaN,NaN,NaN,NaN,NaN
1417577340,NaN,NaN,NaN,NaN,NaN,NaN,NaN
1417577400,NaN,NaN,NaN,NaN,NaN,NaN,NaN
1417577460,NaN,NaN,NaN,NaN,NaN,NaN,NaN
1417577520,NaN,NaN,NaN,NaN,NaN,NaN,NaN
1417577580,NaN,NaN,NaN,NaN,NaN,NaN,NaN
1417577640,NaN,NaN,NaN,NaN,NaN,NaN,NaN
1417577700,NaN,NaN,NaN,NaN,NaN,NaN,NaN
1417577760,NaN,NaN,NaN,NaN,NaN,NaN,NaN
1417577820,NaN,NaN,NaN,NaN,NaN,NaN,NaN
1417577880,NaN,NaN,NaN,NaN,NaN,NaN,NaN
1417577940,NaN,NaN,NaN,NaN,NaN,NaN,NaN
1417578000,NaN,NaN,NaN,NaN,NaN,NaN,NaN
1417578060,NaN,NaN,NaN,NaN,NaN,NaN,NaN
1417578120,NaN,NaN,NaN,NaN,NaN,NaN,NaN
1417578180,NaN,NaN,NaN,NaN,NaN,NaN,NaN
1417578240,NaN,NaN,NaN,NaN,NaN,NaN,NaN
1417578300,NaN,NaN,NaN,NaN,NaN,NaN,NaN
1417578360,NaN,NaN,NaN,NaN,NaN,NaN,NaN
1417578420,NaN,NaN,NaN,NaN,NaN,NaN,NaN
1417578480,NaN,NaN,NaN,NaN,NaN,NaN,NaN
1417578540,NaN,NaN,NaN,NaN,NaN,NaN,NaN
1417578600,NaN,NaN,NaN,NaN,NaN,NaN,NaN
1417578660,NaN,NaN,NaN,NaN,NaN,NaN,NaN
1417578720,NaN,NaN,NaN,NaN,NaN,NaN,NaN
1417578780,NaN,NaN,NaN,NaN,NaN,NaN,NaN
1417578840,NaN,NaN,NaN,NaN,NaN,NaN,NaN
1417578900,NaN,NaN,NaN,NaN,NaN,NaN,NaN
1417578960,NaN,NaN,NaN,NaN,NaN,NaN,NaN
1417579020,NaN,NaN,NaN,NaN,NaN,NaN,NaN
1417579080,NaN,NaN,NaN,NaN,NaN,NaN,NaN
1417579140,NaN,NaN,NaN,NaN,NaN,NaN,NaN
1417579200,NaN,NaN,NaN,NaN,NaN,NaN,NaN
1417579260,NaN,NaN,NaN,NaN,NaN,NaN,NaN
1417579320,NaN,NaN,NaN,NaN,NaN,NaN,NaN
1417579380,NaN,NaN,NaN,NaN,NaN,NaN,NaN
1417579440,NaN,NaN,NaN,NaN,NaN,NaN,NaN
1417579500,NaN,NaN,NaN,NaN,NaN,NaN,NaN
1417579560,NaN,NaN,NaN,NaN,NaN,NaN,NaN
1417579620,NaN,NaN,NaN,NaN,NaN,NaN,NaN
1417579680,NaN,NaN,NaN,NaN,NaN,NaN,NaN
1417579740,NaN,NaN,NaN,NaN,NaN,NaN,NaN
1417579800,NaN,NaN,NaN,NaN,NaN,NaN,NaN
1417579860,NaN,NaN,NaN,NaN,NaN,NaN,NaN
1417579920,NaN,NaN,NaN,NaN,NaN,NaN,NaN
1417579980,NaN,NaN,NaN,NaN,NaN,NaN,NaN
1417580040,NaN,NaN,NaN,NaN,NaN,NaN,NaN
1417580100,NaN,NaN,NaN,NaN,NaN,NaN,NaN
1417580160,NaN,NaN,NaN,NaN,NaN,NaN,NaN
1417580220,NaN,NaN,NaN,NaN,NaN,NaN,NaN
1417580280,NaN,NaN,NaN,NaN,NaN,NaN,NaN
1417580340,NaN,NaN,NaN,NaN,NaN,NaN,NaN
1417580400,NaN,NaN,NaN,NaN,NaN,NaN,NaN
1417580460,NaN,NaN,NaN,NaN,NaN,NaN,NaN
1417580520,NaN,NaN,NaN,NaN,NaN,NaN,NaN
1417580580,NaN,NaN,NaN,NaN,NaN,NaN,NaN
1417580640,NaN,NaN,NaN,NaN,NaN,NaN,NaN
1417580700,NaN,NaN,NaN,NaN,NaN,NaN,NaN
1417580760,NaN,NaN,NaN,NaN,NaN,NaN,NaN
1417580820,NaN,NaN,NaN,NaN,NaN,NaN,NaN
1417580880,NaN,NaN,NaN,NaN,NaN,NaN,NaN
1417580940,NaN,NaN,NaN,NaN,NaN,NaN,NaN
1417581000,NaN,NaN,NaN,NaN,NaN,NaN,NaN
1417581060,NaN,NaN,NaN,NaN,NaN,NaN,NaN
1417581120,NaN,NaN,NaN,NaN,NaN,NaN,NaN
1417581180,NaN,NaN,NaN,NaN,NaN,NaN,NaN
1417581240,NaN,NaN,NaN,NaN,NaN,NaN,NaN
1417581300,NaN,NaN,NaN,NaN,NaN,NaN,NaN
1417581360,NaN,NaN,NaN,NaN,NaN,NaN,NaN
1417581420,NaN,NaN,NaN,NaN,NaN,NaN,NaN
1417581480,NaN,NaN,NaN,NaN,NaN,NaN,NaN
1417581540,NaN,NaN,NaN,NaN,NaN,NaN,NaN
1417581600,NaN,NaN,NaN,NaN,NaN,NaN,NaN
1417581660,NaN,NaN,NaN,NaN,NaN,NaN,NaN
1417581720,NaN,NaN,NaN,NaN,NaN,NaN,NaN
1417581780,NaN,NaN,NaN,NaN,NaN,NaN,NaN
1417581840,NaN,NaN,NaN,NaN,NaN,NaN,NaN
1417581900,NaN,NaN,NaN,NaN,NaN,NaN,NaN
1417581960,NaN,NaN,NaN,NaN,NaN,NaN,NaN
1417582020,NaN,NaN,NaN,NaN,NaN,NaN,NaN
1417582080,NaN,NaN,NaN,NaN,NaN,NaN,NaN
1417582140,NaN,NaN,NaN,NaN,NaN,NaN,NaN
1417582200,NaN,NaN,NaN,NaN,NaN,NaN,NaN
1417582260,NaN,NaN,NaN,NaN,NaN,NaN,NaN
1417582320,NaN,NaN,NaN,NaN,NaN,NaN,NaN
1417582380,NaN,NaN,NaN,NaN,NaN,NaN,NaN
1417582440,NaN,NaN,NaN,NaN,NaN,NaN,NaN
1417582500,NaN,NaN,NaN,NaN,NaN,NaN,NaN
1417582560,NaN,NaN,NaN,NaN,NaN,NaN,NaN
1417582620,NaN,NaN,NaN,NaN,NaN,NaN,NaN
1417582680,NaN,NaN,NaN,NaN,NaN,NaN,NaN
1417582740,NaN,NaN,NaN,NaN,NaN,NaN,NaN
1417582800,NaN,NaN,NaN,NaN,NaN,NaN,NaN
1417582860,NaN,NaN,NaN,NaN,NaN,NaN,NaN
1417582920,NaN,NaN,NaN,NaN,NaN,NaN,NaN
1417582980,NaN,NaN,NaN,NaN,NaN,NaN,NaN
1417583040,NaN,NaN,NaN,NaN,NaN,NaN,NaN
1417583100,NaN,NaN,NaN,NaN,NaN,NaN,NaN
1417583160,NaN,NaN,NaN,NaN,NaN,NaN,NaN
1417583220,NaN,NaN,NaN,NaN,NaN,NaN,NaN
1417583280,NaN,NaN,NaN,NaN,NaN,NaN,NaN
1417583340,NaN,NaN,NaN,NaN,NaN,NaN,NaN
1417583400,NaN,NaN,NaN,NaN,NaN,NaN,NaN
1417583460,NaN,NaN,NaN,NaN,NaN,NaN,NaN
1417583520,NaN,NaN,NaN,NaN,NaN,NaN,NaN
1417583580,NaN,NaN,NaN,NaN,NaN,NaN,NaN
1417583640,NaN,NaN,NaN,NaN,NaN,NaN,NaN
1417583700,NaN,NaN,NaN,NaN,NaN,NaN,NaN
1417583760,NaN,NaN,NaN,NaN,NaN,NaN,NaN
1417583820,NaN,NaN,NaN,NaN,NaN,NaN,NaN
1417583880,NaN,NaN,NaN,NaN,NaN,NaN,NaN
1417583940,NaN,NaN,NaN,NaN,NaN,NaN,NaN
1417584000,NaN,NaN,NaN,NaN,NaN,NaN,NaN
1417584060,NaN,NaN,NaN,NaN,NaN,NaN,NaN
1417584120,NaN,NaN,NaN,NaN,NaN,NaN,NaN
1417584180,NaN,NaN,NaN,NaN,NaN,NaN,NaN
1417584240,NaN,NaN,NaN,NaN,NaN,NaN,NaN
1417584300,NaN,NaN,NaN,NaN,NaN,NaN,NaN
1417584360,NaN,NaN,NaN,NaN,NaN,NaN,NaN
1417584420,NaN,NaN,NaN,NaN,NaN,NaN,NaN
1417584480,NaN,NaN,NaN,NaN,NaN,NaN,NaN
1417584540,NaN,NaN,NaN,NaN,NaN,NaN,NaN
1417584600,NaN,NaN,NaN,NaN,NaN,NaN,NaN
1417584660,NaN,NaN,NaN,NaN,NaN,NaN,NaN
1417584720,NaN,NaN,NaN,NaN,NaN,NaN,NaN
1417584780,NaN,NaN,NaN,NaN,NaN,NaN,NaN
1417584840,NaN,NaN,NaN,NaN,NaN,NaN,NaN
1417584900,377.9,377.9,377.9,377.9,0.01,3.779,377.9
1417584960,NaN,NaN,NaN,NaN,NaN,NaN,NaN
1417585020,NaN,NaN,NaN,NaN,NaN,NaN,NaN
1417585080,NaN,NaN,NaN,NaN,NaN,NaN,NaN
1417585140,NaN,NaN,NaN,NaN,NaN,NaN,NaN
1417585200,NaN,NaN,NaN,NaN,NaN,NaN,NaN
1417585260,NaN,NaN,NaN,NaN,NaN,NaN,NaN
1417585320,NaN,NaN,NaN,NaN,NaN,NaN,NaN
1417585380,NaN,NaN,NaN,NaN,NaN,NaN,NaN
1417585440,NaN,NaN,NaN,NaN,NaN,NaN,NaN
1417585500,NaN,NaN,NaN,NaN,NaN,NaN,NaN
1417585560,NaN,NaN,NaN,NaN,NaN,NaN,NaN
1417585620,NaN,NaN,NaN,NaN,NaN,NaN,NaN
1417585680,NaN,NaN,NaN,NaN,NaN,NaN,NaN
1417585740,NaN,NaN,NaN,NaN,NaN,NaN,NaN
1417585800,NaN,NaN,NaN,NaN,NaN,NaN,NaN
1417585860,378,378,378,378,0.0660842,24.9798276,378
1417585920,NaN,NaN,NaN,NaN,NaN,NaN,NaN
1417585980,NaN,NaN,NaN,NaN,NaN,NaN,NaN
1417586040,NaN,NaN,NaN,NaN,NaN,NaN,NaN
1417586100,NaN,NaN,NaN,NaN,NaN,NaN,NaN
1417586160,NaN,NaN,NaN,NaN,NaN,NaN,NaN
1417586220,NaN,NaN,NaN,NaN,NaN,NaN,NaN
1417586280,NaN,NaN,NaN,NaN,NaN,NaN,NaN
1417586340,NaN,NaN,NaN,NaN,NaN,NaN,NaN
1417586400,NaN,NaN,NaN,NaN,NaN,NaN,NaN
1417586460,NaN,NaN,NaN,NaN,NaN,NaN,NaN
1417586520,NaN,NaN,NaN,NaN,NaN,NaN,NaN
1417586580,NaN,NaN,NaN,NaN,NaN,NaN,NaN
1417586640,NaN,NaN,NaN,NaN,NaN,NaN,NaN
1417586700,NaN,NaN,NaN,NaN,NaN,NaN,NaN
1417586760,NaN,NaN,NaN,NaN,NaN,NaN,NaN
1417586820,NaN,NaN,NaN,NaN,NaN,NaN,NaN
1417586880,378,378,378,378,0.01052422,3.97815516,378
1417586940,NaN,NaN,NaN,NaN,NaN,NaN,NaN
1417587000,NaN,NaN,NaN,NaN,NaN,NaN,NaN
1417587060,NaN,NaN,NaN,NaN,NaN,NaN,NaN
1417587120,NaN,NaN,NaN,NaN,NaN,NaN,NaN
1417587180,NaN,NaN,NaN,NaN,NaN,NaN,NaN
1417587240,NaN,NaN,NaN,NaN,NaN,NaN,NaN
1417587300,NaN,NaN,NaN,NaN,NaN,NaN,NaN
1417587360,NaN,NaN,NaN,NaN,NaN,NaN,NaN
1417587420,NaN,NaN,NaN,NaN,NaN,NaN,NaN
1417587480,NaN,NaN,NaN,NaN,NaN,NaN,NaN
1417587540,NaN,NaN,NaN,NaN,NaN,NaN,NaN
1417587600,NaN,NaN,NaN,NaN,NaN,NaN,NaN
1417587660,NaN,NaN,NaN,NaN,NaN,NaN,NaN
1417587720,NaN,NaN,NaN,NaN,NaN,NaN,NaN
1417587780,NaN,NaN,NaN,NaN,NaN,NaN,NaN
1417587840,NaN,NaN,NaN,NaN,NaN,NaN,NaN
1417587900,NaN,NaN,NaN,NaN,NaN,NaN,NaN
1417587960,NaN,NaN,NaN,NaN,NaN,NaN,NaN
1417588020,NaN,NaN,NaN,NaN,NaN,NaN,NaN
1417588080,NaN,NaN,NaN,NaN,NaN,NaN,NaN
1417588140,NaN,NaN,NaN,NaN,NaN,NaN,NaN
1417588200,NaN,NaN,NaN,NaN,NaN,NaN,NaN
1417588260,NaN,NaN,NaN,NaN,NaN,NaN,NaN
1417588320,NaN,NaN,NaN,NaN,NaN,NaN,NaN
1417588380,NaN,NaN,NaN,NaN,NaN,NaN,NaN
1417588440,NaN,NaN,NaN,NaN,NaN,NaN,NaN
1417588500,NaN,NaN,NaN,NaN,NaN,NaN,NaN
1417588560,NaN,NaN,NaN,NaN,NaN,NaN,NaN
1417588620,NaN,NaN,NaN,NaN,NaN,NaN,NaN
1417588680,NaN,NaN,NaN,NaN,NaN,NaN,NaN
1417588740,NaN,NaN,NaN,NaN,NaN,NaN,NaN
1417588800,NaN,NaN,NaN,NaN,NaN,NaN,NaN
1417588860,NaN,NaN,NaN,NaN,NaN,NaN,NaN
1417588920,NaN,NaN,NaN,NaN,NaN,NaN,NaN
1417588980,NaN,NaN,NaN,NaN,NaN,NaN,NaN
1417589040,NaN,NaN,NaN,NaN,NaN,NaN,NaN
1417589100,NaN,NaN,NaN,NaN,NaN,NaN,NaN
1417589160,NaN,NaN,NaN,NaN,NaN,NaN,NaN
1417589220,NaN,NaN,NaN,NaN,NaN,NaN,NaN
1417589280,NaN,NaN,NaN,NaN,NaN,NaN,NaN
1417589340,NaN,NaN,NaN,NaN,NaN,NaN,NaN
1417589400,NaN,NaN,NaN,NaN,NaN,NaN,NaN
1417589460,NaN,NaN,NaN,NaN,NaN,NaN,NaN
1417589520,NaN,NaN,NaN,NaN,NaN,NaN,NaN
1417589580,NaN,NaN,NaN,NaN,NaN,NaN,NaN
1417589640,NaN,NaN,NaN,NaN,NaN,NaN,NaN
1417589700,NaN,NaN,NaN,NaN,NaN,NaN,NaN
1417589760,NaN,NaN,NaN,NaN,NaN,NaN,NaN
1417589820,NaN,NaN,NaN,NaN,NaN,NaN,NaN
1417589880,NaN,NaN,NaN,NaN,NaN,NaN,NaN
1417589940,NaN,NaN,NaN,NaN,NaN,NaN,NaN
1417590000,NaN,NaN,NaN,NaN,NaN,NaN,NaN
1417590060,NaN,NaN,NaN,NaN,NaN,NaN,NaN
1417590120,NaN,NaN,NaN,NaN,NaN,NaN,NaN
1417590180,NaN,NaN,NaN,NaN,NaN,NaN,NaN
1417590240,NaN,NaN,NaN,NaN,NaN,NaN,NaN
1417590300,NaN,NaN,NaN,NaN,NaN,NaN,NaN
1417590360,NaN,NaN,NaN,NaN,NaN,NaN,NaN
1417590420,NaN,NaN,NaN,NaN,NaN,NaN,NaN
1417590480,NaN,NaN,NaN,NaN,NaN,NaN,NaN
1417590540,NaN,NaN,NaN,NaN,NaN,NaN,NaN
1417590600,NaN,NaN,NaN,NaN,NaN,NaN,NaN
1417590660,NaN,NaN,NaN,NaN,NaN,NaN,NaN
1417590720,NaN,NaN,NaN,NaN,NaN,NaN,NaN
1417590780,NaN,NaN,NaN,NaN,NaN,NaN,NaN
1417590840,NaN,NaN,NaN,NaN,NaN,NaN,NaN
1417590900,NaN,NaN,NaN,NaN,NaN,NaN,NaN
1417590960,NaN,NaN,NaN,NaN,NaN,NaN,NaN
1417591020,NaN,NaN,NaN,NaN,NaN,NaN,NaN
1417591080,NaN,NaN,NaN,NaN,NaN,NaN,NaN
1417591140,NaN,NaN,NaN,NaN,NaN,NaN,NaN
1417591200,NaN,NaN,NaN,NaN,NaN,NaN,NaN
1417591260,NaN,NaN,NaN,NaN,NaN,NaN,NaN
1417591320,NaN,NaN,NaN,NaN,NaN,NaN,NaN
1417591380,NaN,NaN,NaN,NaN,NaN,NaN,NaN
1417591440,NaN,NaN,NaN,NaN,NaN,NaN,NaN
1417591500,NaN,NaN,NaN,NaN,NaN,NaN,NaN
1417591560,NaN,NaN,NaN,NaN,NaN,NaN,NaN
1417591620,NaN,NaN,NaN,NaN,NaN,NaN,NaN
1417591680,NaN,NaN,NaN,NaN,NaN,NaN,NaN
1417591740,NaN,NaN,NaN,NaN,NaN,NaN,NaN
1417591800,NaN,NaN,NaN,NaN,NaN,NaN,NaN
1417591860,NaN,NaN,NaN,NaN,NaN,NaN,NaN
1417591920,NaN,NaN,NaN,NaN,NaN,NaN,NaN
1417591980,NaN,NaN,NaN,NaN,NaN,NaN,NaN
1417592040,NaN,NaN,NaN,NaN,NaN,NaN,NaN
1417592100,NaN,NaN,NaN,NaN,NaN,NaN,NaN
1417592160,NaN,NaN,NaN,NaN,NaN,NaN,NaN
1417592220,NaN,NaN,NaN,NaN,NaN,NaN,NaN
1417592280,NaN,NaN,NaN,NaN,NaN,NaN,NaN
1417592340,NaN,NaN,NaN,NaN,NaN,NaN,NaN
1417592400,NaN,NaN,NaN,NaN,NaN,NaN,NaN
1417592460,NaN,NaN,NaN,NaN,NaN,NaN,NaN
1417592520,NaN,NaN,NaN,NaN,NaN,NaN,NaN
1417592580,NaN,NaN,NaN,NaN,NaN,NaN,NaN
1417592640,NaN,NaN,NaN,NaN,NaN,NaN,NaN
1417592700,NaN,NaN,NaN,NaN,NaN,NaN,NaN
1417592760,NaN,NaN,NaN,NaN,NaN,NaN,NaN
1417592820,NaN,NaN,NaN,NaN,NaN,NaN,NaN
1417592880,NaN,NaN,NaN,NaN,NaN,NaN,NaN
1417592940,NaN,NaN,NaN,NaN,NaN,NaN,NaN
1417593000,NaN,NaN,NaN,NaN,NaN,NaN,NaN
1417593060,NaN,NaN,NaN,NaN,NaN,NaN,NaN
1417593120,NaN,NaN,NaN,NaN,NaN,NaN,NaN
1417593180,NaN,NaN,NaN,NaN,NaN,NaN,NaN
1417593240,NaN,NaN,NaN,NaN,NaN,NaN,NaN
1417593300,NaN,NaN,NaN,NaN,NaN,NaN,NaN
1417593360,NaN,NaN,NaN,NaN,NaN,NaN,NaN
1417593420,NaN,NaN,NaN,NaN,NaN,NaN,NaN
1417593480,NaN,NaN,NaN,NaN,NaN,NaN,NaN
1417593540,NaN,NaN,NaN,NaN,NaN,NaN,NaN
1417593600,NaN,NaN,NaN,NaN,NaN,NaN,NaN
1417593660,NaN,NaN,NaN,NaN,NaN,NaN,NaN
1417593720,NaN,NaN,NaN,NaN,NaN,NaN,NaN
1417593780,NaN,NaN,NaN,NaN,NaN,NaN,NaN
1417593840,NaN,NaN,NaN,NaN,NaN,NaN,NaN
1417593900,NaN,NaN,NaN,NaN,NaN,NaN,NaN
1417593960,NaN,NaN,NaN,NaN,NaN,NaN,NaN
1417594020,NaN,NaN,NaN,NaN,NaN,NaN,NaN
1417594080,NaN,NaN,NaN,NaN,NaN,NaN,NaN
1417594140,NaN,NaN,NaN,NaN,NaN,NaN,NaN
1417594200,NaN,NaN,NaN,NaN,NaN,NaN,NaN
1417594260,NaN,NaN,NaN,NaN,NaN,NaN,NaN
1417594320,NaN,NaN,NaN,NaN,NaN,NaN,NaN
1417594380,NaN,NaN,NaN,NaN,NaN,NaN,NaN
1417594440,NaN,NaN,NaN,NaN,NaN,NaN,NaN
1417594500,NaN,NaN,NaN,NaN,NaN,NaN,NaN
1417594560,NaN,NaN,NaN,NaN,NaN,NaN,NaN
1417594620,NaN,NaN,NaN,NaN,NaN,NaN,NaN
1417594680,NaN,NaN,NaN,NaN,NaN,NaN,NaN
1417594740,NaN,NaN,NaN,NaN,NaN,NaN,NaN
1417594800,NaN,NaN,NaN,NaN,NaN,NaN,NaN
1417594860,NaN,NaN,NaN,NaN,NaN,NaN,NaN
1417594920,NaN,NaN,NaN,NaN,NaN,NaN,NaN
1417594980,NaN,NaN,NaN,NaN,NaN,NaN,NaN
1417595040,NaN,NaN,NaN,NaN,NaN,NaN,NaN
1417595100,NaN,NaN,NaN,NaN,NaN,NaN,NaN
1417595160,NaN,NaN,NaN,NaN,NaN,NaN,NaN
1417595220,NaN,NaN,NaN,NaN,NaN,NaN,NaN
1417595280,NaN,NaN,NaN,NaN,NaN,NaN,NaN
1417595340,NaN,NaN,NaN,NaN,NaN,NaN,NaN
1417595400,NaN,NaN,NaN,NaN,NaN,NaN,NaN
1417595460,NaN,NaN,NaN,NaN,NaN,NaN,NaN
1417595520,NaN,NaN,NaN,NaN,NaN,NaN,NaN
1417595580,NaN,NaN,NaN,NaN,NaN,NaN,NaN
1417595640,NaN,NaN,NaN,NaN,NaN,NaN,NaN
1417595700,NaN,NaN,NaN,NaN,NaN,NaN,NaN
1417595760,NaN,NaN,NaN,NaN,NaN,NaN,NaN
1417595820,NaN,NaN,NaN,NaN,NaN,NaN,NaN
1417595880,NaN,NaN,NaN,NaN,NaN,NaN,NaN
1417595940,NaN,NaN,NaN,NaN,NaN,NaN,NaN
1417596000,NaN,NaN,NaN,NaN,NaN,NaN,NaN
1417596060,NaN,NaN,NaN,NaN,NaN,NaN,NaN
1417596120,NaN,NaN,NaN,NaN,NaN,NaN,NaN
1417596180,NaN,NaN,NaN,NaN,NaN,NaN,NaN
1417596240,NaN,NaN,NaN,NaN,NaN,NaN,NaN
1417596300,NaN,NaN,NaN,NaN,NaN,NaN,NaN
1417596360,NaN,NaN,NaN,NaN,NaN,NaN,NaN
1417596420,NaN,NaN,NaN,NaN,NaN,NaN,NaN
1417596480,NaN,NaN,NaN,NaN,NaN,NaN,NaN
1417596540,NaN,NaN,NaN,NaN,NaN,NaN,NaN
1417596600,NaN,NaN,NaN,NaN,NaN,NaN,NaN
1417596660,NaN,NaN,NaN,NaN,NaN,NaN,NaN
1417596720,NaN,NaN,NaN,NaN,NaN,NaN,NaN
1417596780,NaN,NaN,NaN,NaN,NaN,NaN,NaN
1417596840,NaN,NaN,NaN,NaN,NaN,NaN,NaN
1417596900,NaN,NaN,NaN,NaN,NaN,NaN,NaN
1417596960,NaN,NaN,NaN,NaN,NaN,NaN,NaN
1417597020,NaN,NaN,NaN,NaN,NaN,NaN,NaN
1417597080,NaN,NaN,NaN,NaN,NaN,NaN,NaN
1417597140,NaN,NaN,NaN,NaN,NaN,NaN,NaN
1417597200,NaN,NaN,NaN,NaN,NaN,NaN,NaN
1417597260,NaN,NaN,NaN,NaN,NaN,NaN,NaN
1417597320,NaN,NaN,NaN,NaN,NaN,NaN,NaN
1417597380,NaN,NaN,NaN,NaN,NaN,NaN,NaN
1417597440,NaN,NaN,NaN,NaN,NaN,NaN,NaN
1417597500,NaN,NaN,NaN,NaN,NaN,NaN,NaN
1417597560,NaN,NaN,NaN,NaN,NaN,NaN,NaN
1417597620,NaN,NaN,NaN,NaN,NaN,NaN,NaN
1417597680,NaN,NaN,NaN,NaN,NaN,NaN,NaN
1417597740,NaN,NaN,NaN,NaN,NaN,NaN,NaN
1417597800,NaN,NaN,NaN,NaN,NaN,NaN,NaN
1417597860,NaN,NaN,NaN,NaN,NaN,NaN,NaN
1417597920,NaN,NaN,NaN,NaN,NaN,NaN,NaN
1417597980,NaN,NaN,NaN,NaN,NaN,NaN,NaN
1417598040,NaN,NaN,NaN,NaN,NaN,NaN,NaN
1417598100,NaN,NaN,NaN,NaN,NaN,NaN,NaN
1417598160,NaN,NaN,NaN,NaN,NaN,NaN,NaN
1417598220,NaN,NaN,NaN,NaN,NaN,NaN,NaN
1417598280,NaN,NaN,NaN,NaN,NaN,NaN,NaN
1417598340,NaN,NaN,NaN,NaN,NaN,NaN,NaN
1417598400,NaN,NaN,NaN,NaN,NaN,NaN,NaN
1417598460,NaN,NaN,NaN,NaN,NaN,NaN,NaN
1417598520,NaN,NaN,NaN,NaN,NaN,NaN,NaN
1417598580,NaN,NaN,NaN,NaN,NaN,NaN,NaN
1417598640,NaN,NaN,NaN,NaN,NaN,NaN,NaN
1417598700,NaN,NaN,NaN,NaN,NaN,NaN,NaN
1417598760,NaN,NaN,NaN,NaN,NaN,NaN,NaN
1417598820,NaN,NaN,NaN,NaN,NaN,NaN,NaN
1417598880,NaN,NaN,NaN,NaN,NaN,NaN,NaN
1417598940,NaN,NaN,NaN,NaN,NaN,NaN,NaN
1417599000,NaN,NaN,NaN,NaN,NaN,NaN,NaN
1417599060,NaN,NaN,NaN,NaN,NaN,NaN,NaN
1417599120,NaN,NaN,NaN,NaN,NaN,NaN,NaN
1417599180,NaN,NaN,NaN,NaN,NaN,NaN,NaN
1417599240,NaN,NaN,NaN,NaN,NaN,NaN,NaN
1417599300,NaN,NaN,NaN,NaN,NaN,NaN,NaN
1417599360,NaN,NaN,NaN,NaN,NaN,NaN,NaN
1417599420,NaN,NaN,NaN,NaN,NaN,NaN,NaN
1417599480,NaN,NaN,NaN,NaN,NaN,NaN,NaN
1417599540,NaN,NaN,NaN,NaN,NaN,NaN,NaN
1417599600,NaN,NaN,NaN,NaN,NaN,NaN,NaN
1417599660,NaN,NaN,NaN,NaN,NaN,NaN,NaN
1417599720,NaN,NaN,NaN,NaN,NaN,NaN,NaN
1417599780,NaN,NaN,NaN,NaN,NaN,NaN,NaN
1417599840,NaN,NaN,NaN,NaN,NaN,NaN,NaN
1417599900,NaN,NaN,NaN,NaN,NaN,NaN,NaN
1417599960,NaN,NaN,NaN,NaN,NaN,NaN,NaN
1417600020,NaN,NaN,NaN,NaN,NaN,NaN,NaN
1417600080,NaN,NaN,NaN,NaN,NaN,NaN,NaN
1417600140,NaN,NaN,NaN,NaN,NaN,NaN,NaN
1417600200,NaN,NaN,NaN,NaN,NaN,NaN,NaN
1417600260,NaN,NaN,NaN,NaN,NaN,NaN,NaN
1417600320,NaN,NaN,NaN,NaN,NaN,NaN,NaN
1417600380,NaN,NaN,NaN,NaN,NaN,NaN,NaN
1417600440,NaN,NaN,NaN,NaN,NaN,NaN,NaN
1417600500,NaN,NaN,NaN,NaN,NaN,NaN,NaN
1417600560,NaN,NaN,NaN,NaN,NaN,NaN,NaN
1417600620,NaN,NaN,NaN,NaN,NaN,NaN,NaN
1417600680,NaN,NaN,NaN,NaN,NaN,NaN,NaN
1417600740,NaN,NaN,NaN,NaN,NaN,NaN,NaN
1417600800,NaN,NaN,NaN,NaN,NaN,NaN,NaN
1417600860,NaN,NaN,NaN,NaN,NaN,NaN,NaN
1417600920,NaN,NaN,NaN,NaN,NaN,NaN,NaN
1417600980,NaN,NaN,NaN,NaN,NaN,NaN,NaN
1417601040,NaN,NaN,NaN,NaN,NaN,NaN,NaN
1417601100,NaN,NaN,NaN,NaN,NaN,NaN,NaN
1417601160,NaN,NaN,NaN,NaN,NaN,NaN,NaN
1417601220,NaN,NaN,NaN,NaN,NaN,NaN,NaN
1417601280,NaN,NaN,NaN,NaN,NaN,NaN,NaN
1417601340,NaN,NaN,NaN,NaN,NaN,NaN,NaN
1417601400,NaN,NaN,NaN,NaN,NaN,NaN,NaN
1417601460,NaN,NaN,NaN,NaN,NaN,NaN,NaN
1417601520,NaN,NaN,NaN,NaN,NaN,NaN,NaN
1417601580,NaN,NaN,NaN,NaN,NaN,NaN,NaN
1417601640,NaN,NaN,NaN,NaN,NaN,NaN,NaN
1417601700,NaN,NaN,NaN,NaN,NaN,NaN,NaN
1417601760,NaN,NaN,NaN,NaN,NaN,NaN,NaN
1417601820,NaN,NaN,NaN,NaN,NaN,NaN,NaN
1417601880,NaN,NaN,NaN,NaN,NaN,NaN,NaN
1417601940,NaN,NaN,NaN,NaN,NaN,NaN,NaN
1417602000,NaN,NaN,NaN,NaN,NaN,NaN,NaN
1417602060,NaN,NaN,NaN,NaN,NaN,NaN,NaN
1417602120,NaN,NaN,NaN,NaN,NaN,NaN,NaN
1417602180,NaN,NaN,NaN,NaN,NaN,NaN,NaN
1417602240,NaN,NaN,NaN,NaN,NaN,NaN,NaN
1417602300,NaN,NaN,NaN,NaN,NaN,NaN,NaN
1417602360,NaN,NaN,NaN,NaN,NaN,NaN,NaN
1417602420,NaN,NaN,NaN,NaN,NaN,NaN,NaN
1417602480,NaN,NaN,NaN,NaN,NaN,NaN,NaN
1417602540,NaN,NaN,NaN,NaN,NaN,NaN,NaN
1417602600,NaN,NaN,NaN,NaN,NaN,NaN,NaN
1417602660,NaN,NaN,NaN,NaN,NaN,NaN,NaN
1417602720,NaN,NaN,NaN,NaN,NaN,NaN,NaN
1417602780,NaN,NaN,NaN,NaN,NaN,NaN,NaN
1417602840,NaN,NaN,NaN,NaN,NaN,NaN,NaN
1417602900,NaN,NaN,NaN,NaN,NaN,NaN,NaN
1417602960,NaN,NaN,NaN,NaN,NaN,NaN,NaN
1417603020,NaN,NaN,NaN,NaN,NaN,NaN,NaN
1417603080,NaN,NaN,NaN,NaN,NaN,NaN,NaN
1417603140,NaN,NaN,NaN,NaN,NaN,NaN,NaN
1417603200,NaN,NaN,NaN,NaN,NaN,NaN,NaN
1417603260,NaN,NaN,NaN,NaN,NaN,NaN,NaN
1417603320,NaN,NaN,NaN,NaN,NaN,NaN,NaN
1417603380,NaN,NaN,NaN,NaN,NaN,NaN,NaN
1417603440,NaN,NaN,NaN,NaN,NaN,NaN,NaN
1417603500,NaN,NaN,NaN,NaN,NaN,NaN,NaN
1417603560,NaN,NaN,NaN,NaN,NaN,NaN,NaN
1417603620,NaN,NaN,NaN,NaN,NaN,NaN,NaN
1417603680,NaN,NaN,NaN,NaN,NaN,NaN,NaN
1417603740,NaN,NaN,NaN,NaN,NaN,NaN,NaN
1417603800,NaN,NaN,NaN,NaN,NaN,NaN,NaN
1417603860,NaN,NaN,NaN,NaN,NaN,NaN,NaN
1417603920,NaN,NaN,NaN,NaN,NaN,NaN,NaN
1417603980,NaN,NaN,NaN,NaN,NaN,NaN,NaN
1417604040,NaN,NaN,NaN,NaN,NaN,NaN,NaN
1417604100,NaN,NaN,NaN,NaN,NaN,NaN,NaN
1417604160,NaN,NaN,NaN,NaN,NaN,NaN,NaN
1417604220,NaN,NaN,NaN,NaN,NaN,NaN,NaN
1417604280,NaN,NaN,NaN,NaN,NaN,NaN,NaN
1417604340,NaN,NaN,NaN,NaN,NaN,NaN,NaN
1417604400,NaN,NaN,NaN,NaN,NaN,NaN,NaN
1417604460,NaN,NaN,NaN,NaN,NaN,NaN,NaN
1417604520,NaN,NaN,NaN,NaN,NaN,NaN,NaN
1417604580,NaN,NaN,NaN,NaN,NaN,NaN,NaN
1417604640,NaN,NaN,NaN,NaN,NaN,NaN,NaN
1417604700,NaN,NaN,NaN,NaN,NaN,NaN,NaN
1417604760,NaN,NaN,NaN,NaN,NaN,NaN,NaN
1417604820,NaN,NaN,NaN,NaN,NaN,NaN,NaN
1417604880,NaN,NaN,NaN,NaN,NaN,NaN,NaN
1417604940,NaN,NaN,NaN,NaN,NaN,NaN,NaN
1417605000,NaN,NaN,NaN,NaN,NaN,NaN,NaN
1417605060,NaN,NaN,NaN,NaN,NaN,NaN,NaN
1417605120,NaN,NaN,NaN,NaN,NaN,NaN,NaN
1417605180,NaN,NaN,NaN,NaN,NaN,NaN,NaN
1417605240,NaN,NaN,NaN,NaN,NaN,NaN,NaN
1417605300,NaN,NaN,NaN,NaN,NaN,NaN,NaN
1417605360,NaN,NaN,NaN,NaN,NaN,NaN,NaN
1417605420,NaN,NaN,NaN,NaN,NaN,NaN,NaN
1417605480,NaN,NaN,NaN,NaN,NaN,NaN,NaN
1417605540,NaN,NaN,NaN,NaN,NaN,NaN,NaN
1417605600,NaN,NaN,NaN,NaN,NaN,NaN,NaN
1417605660,NaN,NaN,NaN,NaN,NaN,NaN,NaN
1417605720,NaN,NaN,NaN,NaN,NaN,NaN,NaN
1417605780,NaN,NaN,NaN,NaN,NaN,NaN,NaN
1417605840,NaN,NaN,NaN,NaN,NaN,NaN,NaN
1417605900,NaN,NaN,NaN,NaN,NaN,NaN,NaN
1417605960,NaN,NaN,NaN,NaN,NaN,NaN,NaN
1417606020,NaN,NaN,NaN,NaN,NaN,NaN,NaN
1417606080,NaN,NaN,NaN,NaN,NaN,NaN,NaN
1417606140,NaN,NaN,NaN,NaN,NaN,NaN,NaN
1417606200,NaN,NaN,NaN,NaN,NaN,NaN,NaN
1417606260,NaN,NaN,NaN,NaN,NaN,NaN,NaN
1417606320,NaN,NaN,NaN,NaN,NaN,NaN,NaN
1417606380,NaN,NaN,NaN,NaN,NaN,NaN,NaN
1417606440,NaN,NaN,NaN,NaN,NaN,NaN,NaN
1417606500,NaN,NaN,NaN,NaN,NaN,NaN,NaN
1417606560,NaN,NaN,NaN,NaN,NaN,NaN,NaN
1417606620,NaN,NaN,NaN,NaN,NaN,NaN,NaN
1417606680,NaN,NaN,NaN,NaN,NaN,NaN,NaN
1417606740,NaN,NaN,NaN,NaN,NaN,NaN,NaN
1417606800,NaN,NaN,NaN,NaN,NaN,NaN,NaN
1417606860,NaN,NaN,NaN,NaN,NaN,NaN,NaN
1417606920,NaN,NaN,NaN,NaN,NaN,NaN,NaN
1417606980,NaN,NaN,NaN,NaN,NaN,NaN,NaN
1417607040,NaN,NaN,NaN,NaN,NaN,NaN,NaN
1417607100,NaN,NaN,NaN,NaN,NaN,NaN,NaN
1417607160,NaN,NaN,NaN,NaN,NaN,NaN,NaN
1417607220,NaN,NaN,NaN,NaN,NaN,NaN,NaN
1417607280,NaN,NaN,NaN,NaN,NaN,NaN,NaN
1417607340,NaN,NaN,NaN,NaN,NaN,NaN,NaN
1417607400,NaN,NaN,NaN,NaN,NaN,NaN,NaN
1417607460,NaN,NaN,NaN,NaN,NaN,NaN,NaN
1417607520,NaN,NaN,NaN,NaN,NaN,NaN,NaN
1417607580,NaN,NaN,NaN,NaN,NaN,NaN,NaN
1417607640,NaN,NaN,NaN,NaN,NaN,NaN,NaN
1417607700,NaN,NaN,NaN,NaN,NaN,NaN,NaN
1417607760,NaN,NaN,NaN,NaN,NaN,NaN,NaN
1417607820,NaN,NaN,NaN,NaN,NaN,NaN,NaN
1417607880,NaN,NaN,NaN,NaN,NaN,NaN,NaN
1417607940,NaN,NaN,NaN,NaN,NaN,NaN,NaN
1417608000,NaN,NaN,NaN,NaN,NaN,NaN,NaN
1417608060,NaN,NaN,NaN,NaN,NaN,NaN,NaN
1417608120,NaN,NaN,NaN,NaN,NaN,NaN,NaN
1417608180,NaN,NaN,NaN,NaN,NaN,NaN,NaN
1417608240,NaN,NaN,NaN,NaN,NaN,NaN,NaN
1417608300,NaN,NaN,NaN,NaN,NaN,NaN,NaN
1417608360,NaN,NaN,NaN,NaN,NaN,NaN,NaN
1417608420,NaN,NaN,NaN,NaN,NaN,NaN,NaN
1417608480,NaN,NaN,NaN,NaN,NaN,NaN,NaN
1417608540,NaN,NaN,NaN,NaN,NaN,NaN,NaN
1417608600,NaN,NaN,NaN,NaN,NaN,NaN,NaN
1417608660,NaN,NaN,NaN,NaN,NaN,NaN,NaN
1417608720,NaN,NaN,NaN,NaN,NaN,NaN,NaN
1417608780,NaN,NaN,NaN,NaN,NaN,NaN,NaN
1417608840,NaN,NaN,NaN,NaN,NaN,NaN,NaN
1417608900,NaN,NaN,NaN,NaN,NaN,NaN,NaN
1417608960,NaN,NaN,NaN,NaN,NaN,NaN,NaN
1417609020,NaN,NaN,NaN,NaN,NaN,NaN,NaN
1417609080,NaN,NaN,NaN,NaN,NaN,NaN,NaN
1417609140,NaN,NaN,NaN,NaN,NaN,NaN,NaN
1417609200,NaN,NaN,NaN,NaN,NaN,NaN,NaN
1417609260,NaN,NaN,NaN,NaN,NaN,NaN,NaN
1417609320,NaN,NaN,NaN,NaN,NaN,NaN,NaN
1417609380,NaN,NaN,NaN,NaN,NaN,NaN,NaN
1417609440,NaN,NaN,NaN,NaN,NaN,NaN,NaN
1417609500,NaN,NaN,NaN,NaN,NaN,NaN,NaN
1417609560,NaN,NaN,NaN,NaN,NaN,NaN,NaN
1417609620,NaN,NaN,NaN,NaN,NaN,NaN,NaN
1417609680,NaN,NaN,NaN,NaN,NaN,NaN,NaN
1417609740,NaN,NaN,NaN,NaN,NaN,NaN,NaN
1417609800,NaN,NaN,NaN,NaN,NaN,NaN,NaN
1417609860,NaN,NaN,NaN,NaN,NaN,NaN,NaN
1417609920,NaN,NaN,NaN,NaN,NaN,NaN,NaN
1417609980,NaN,NaN,NaN,NaN,NaN,NaN,NaN
1417610040,NaN,NaN,NaN,NaN,NaN,NaN,NaN
1417610100,NaN,NaN,NaN,NaN,NaN,NaN,NaN
1417610160,NaN,NaN,NaN,NaN,NaN,NaN,NaN
1417610220,NaN,NaN,NaN,NaN,NaN,NaN,NaN
1417610280,NaN,NaN,NaN,NaN,NaN,NaN,NaN
1417610340,NaN,NaN,NaN,NaN,NaN,NaN,NaN
1417610400,NaN,NaN,NaN,NaN,NaN,NaN,NaN
1417610460,NaN,NaN,NaN,NaN,NaN,NaN,NaN
1417610520,NaN,NaN,NaN,NaN,NaN,NaN,NaN
1417610580,NaN,NaN,NaN,NaN,NaN,NaN,NaN
1417610640,NaN,NaN,NaN,NaN,NaN,NaN,NaN
1417610700,NaN,NaN,NaN,NaN,NaN,NaN,NaN
1417610760,NaN,NaN,NaN,NaN,NaN,NaN,NaN
1417610820,NaN,NaN,NaN,NaN,NaN,NaN,NaN
1417610880,NaN,NaN,NaN,NaN,NaN,NaN,NaN
1417610940,NaN,NaN,NaN,NaN,NaN,NaN,NaN
1417611000,NaN,NaN,NaN,NaN,NaN,NaN,NaN
1417611060,NaN,NaN,NaN,NaN,NaN,NaN,NaN
1417611120,NaN,NaN,NaN,NaN,NaN,NaN,NaN
1417611180,NaN,NaN,NaN,NaN,NaN,NaN,NaN
1417611240,NaN,NaN,NaN,NaN,NaN,NaN,NaN
1417611300,NaN,NaN,NaN,NaN,NaN,NaN,NaN
1417611360,NaN,NaN,NaN,NaN,NaN,NaN,NaN
1417611420,NaN,NaN,NaN,NaN,NaN,NaN,NaN
1417611480,NaN,NaN,NaN,NaN,NaN,NaN,NaN
1417611540,NaN,NaN,NaN,NaN,NaN,NaN,NaN
1417611600,NaN,NaN,NaN,NaN,NaN,NaN,NaN
1417611660,NaN,NaN,NaN,NaN,NaN,NaN,NaN
1417611720,NaN,NaN,NaN,NaN,NaN,NaN,NaN
1417611780,NaN,NaN,NaN,NaN,NaN,NaN,NaN
1417611840,NaN,NaN,NaN,NaN,NaN,NaN,NaN
1417611900,NaN,NaN,NaN,NaN,NaN,NaN,NaN
1417611960,NaN,NaN,NaN,NaN,NaN,NaN,NaN
1417612020,NaN,NaN,NaN,NaN,NaN,NaN,NaN
1417612080,NaN,NaN,NaN,NaN,NaN,NaN,NaN
1417612140,NaN,NaN,NaN,NaN,NaN,NaN,NaN
1417612200,NaN,NaN,NaN,NaN,NaN,NaN,NaN
1417612260,NaN,NaN,NaN,NaN,NaN,NaN,NaN
1417612320,NaN,NaN,NaN,NaN,NaN,NaN,NaN
1417612380,NaN,NaN,NaN,NaN,NaN,NaN,NaN
1417612440,NaN,NaN,NaN,NaN,NaN,NaN,NaN
1417612500,NaN,NaN,NaN,NaN,NaN,NaN,NaN
1417612560,NaN,NaN,NaN,NaN,NaN,NaN,NaN
1417612620,NaN,NaN,NaN,NaN,NaN,NaN,NaN
1417612680,NaN,NaN,NaN,NaN,NaN,NaN,NaN
1417612740,NaN,NaN,NaN,NaN,NaN,NaN,NaN
1417612800,NaN,NaN,NaN,NaN,NaN,NaN,NaN
1417612860,NaN,NaN,NaN,NaN,NaN,NaN,NaN
1417612920,NaN,NaN,NaN,NaN,NaN,NaN,NaN
1417612980,NaN,NaN,NaN,NaN,NaN,NaN,NaN
1417613040,NaN,NaN,NaN,NaN,NaN,NaN,NaN
1417613100,NaN,NaN,NaN,NaN,NaN,NaN,NaN
1417613160,NaN,NaN,NaN,NaN,NaN,NaN,NaN
1417613220,NaN,NaN,NaN,NaN,NaN,NaN,NaN
1417613280,NaN,NaN,NaN,NaN,NaN,NaN,NaN
1417613340,NaN,NaN,NaN,NaN,NaN,NaN,NaN
1417613400,NaN,NaN,NaN,NaN,NaN,NaN,NaN
1417613460,NaN,NaN,NaN,NaN,NaN,NaN,NaN
1417613520,NaN,NaN,NaN,NaN,NaN,NaN,NaN
1417613580,NaN,NaN,NaN,NaN,NaN,NaN,NaN
1417613640,NaN,NaN,NaN,NaN,NaN,NaN,NaN
1417613700,NaN,NaN,NaN,NaN,NaN,NaN,NaN
1417613760,NaN,NaN,NaN,NaN,NaN,NaN,NaN
1417613820,NaN,NaN,NaN,NaN,NaN,NaN,NaN
1417613880,NaN,NaN,NaN,NaN,NaN,NaN,NaN
1417613940,NaN,NaN,NaN,NaN,NaN,NaN,NaN
1417614000,NaN,NaN,NaN,NaN,NaN,NaN,NaN
1417614060,NaN,NaN,NaN,NaN,NaN,NaN,NaN
1417614120,NaN,NaN,NaN,NaN,NaN,NaN,NaN
1417614180,NaN,NaN,NaN,NaN,NaN,NaN,NaN
1417614240,NaN,NaN,NaN,NaN,NaN,NaN,NaN
1417614300,NaN,NaN,NaN,NaN,NaN,NaN,NaN
1417614360,NaN,NaN,NaN,NaN,NaN,NaN,NaN
1417614420,NaN,NaN,NaN,NaN,NaN,NaN,NaN
1417614480,NaN,NaN,NaN,NaN,NaN,NaN,NaN
1417614540,NaN,NaN,NaN,NaN,NaN,NaN,NaN
1417614600,NaN,NaN,NaN,NaN,NaN,NaN,NaN
1417614660,NaN,NaN,NaN,NaN,NaN,NaN,NaN
1417614720,NaN,NaN,NaN,NaN,NaN,NaN,NaN
1417614780,NaN,NaN,NaN,NaN,NaN,NaN,NaN
1417614840,NaN,NaN,NaN,NaN,NaN,NaN,NaN
1417614900,NaN,NaN,NaN,NaN,NaN,NaN,NaN
1417614960,NaN,NaN,NaN,NaN,NaN,NaN,NaN
1417615020,NaN,NaN,NaN,NaN,NaN,NaN,NaN
1417615080,NaN,NaN,NaN,NaN,NaN,NaN,NaN
1417615140,NaN,NaN,NaN,NaN,NaN,NaN,NaN
1417615200,NaN,NaN,NaN,NaN,NaN,NaN,NaN
1417615260,NaN,NaN,NaN,NaN,NaN,NaN,NaN
1417615320,NaN,NaN,NaN,NaN,NaN,NaN,NaN
1417615380,NaN,NaN,NaN,NaN,NaN,NaN,NaN
1417615440,NaN,NaN,NaN,NaN,NaN,NaN,NaN
1417615500,NaN,NaN,NaN,NaN,NaN,NaN,NaN
1417615560,NaN,NaN,NaN,NaN,NaN,NaN,NaN
1417615620,NaN,NaN,NaN,NaN,NaN,NaN,NaN
1417615680,NaN,NaN,NaN,NaN,NaN,NaN,NaN
1417615740,NaN,NaN,NaN,NaN,NaN,NaN,NaN
1417615800,NaN,NaN,NaN,NaN,NaN,NaN,NaN
1417615860,NaN,NaN,NaN,NaN,NaN,NaN,NaN
1417615920,NaN,NaN,NaN,NaN,NaN,NaN,NaN
1417615980,NaN,NaN,NaN,NaN,NaN,NaN,NaN
1417616040,NaN,NaN,NaN,NaN,NaN,NaN,NaN
1417616100,NaN,NaN,NaN,NaN,NaN,NaN,NaN
1417616160,NaN,NaN,NaN,NaN,NaN,NaN,NaN
1417616220,NaN,NaN,NaN,NaN,NaN,NaN,NaN
1417616280,NaN,NaN,NaN,NaN,NaN,NaN,NaN
1417616340,NaN,NaN,NaN,NaN,NaN,NaN,NaN
1417616400,NaN,NaN,NaN,NaN,NaN,NaN,NaN
1417616460,NaN,NaN,NaN,NaN,NaN,NaN,NaN
1417616520,NaN,NaN,NaN,NaN,NaN,NaN,NaN
1417616580,NaN,NaN,NaN,NaN,NaN,NaN,NaN
1417616640,NaN,NaN,NaN,NaN,NaN,NaN,NaN
1417616700,NaN,NaN,NaN,NaN,NaN,NaN,NaN
1417616760,NaN,NaN,NaN,NaN,NaN,NaN,NaN
1417616820,NaN,NaN,NaN,NaN,NaN,NaN,NaN
1417616880,NaN,NaN,NaN,NaN,NaN,NaN,NaN
1417616940,NaN,NaN,NaN,NaN,NaN,NaN,NaN
1417617000,NaN,NaN,NaN,NaN,NaN,NaN,NaN
1417617060,NaN,NaN,NaN,NaN,NaN,NaN,NaN
1417617120,NaN,NaN,NaN,NaN,NaN,NaN,NaN
1417617180,NaN,NaN,NaN,NaN,NaN,NaN,NaN
1417617240,NaN,NaN,NaN,NaN,NaN,NaN,NaN
1417617300,NaN,NaN,NaN,NaN,NaN,NaN,NaN
1417617360,NaN,NaN,NaN,NaN,NaN,NaN,NaN
1417617420,NaN,NaN,NaN,NaN,NaN,NaN,NaN
1417617480,NaN,NaN,NaN,NaN,NaN,NaN,NaN
1417617540,NaN,NaN,NaN,NaN,NaN,NaN,NaN
1417617600,NaN,NaN,NaN,NaN,NaN,NaN,NaN
1417617660,NaN,NaN,NaN,NaN,NaN,NaN,NaN
1417617720,NaN,NaN,NaN,NaN,NaN,NaN,NaN
1417617780,NaN,NaN,NaN,NaN,NaN,NaN,NaN
1417617840,NaN,NaN,NaN,NaN,NaN,NaN,NaN
1417617900,NaN,NaN,NaN,NaN,NaN,NaN,NaN
1417617960,NaN,NaN,NaN,NaN,NaN,NaN,NaN
1417618020,NaN,NaN,NaN,NaN,NaN,NaN,NaN
1417618080,NaN,NaN,NaN,NaN,NaN,NaN,NaN
1417618140,NaN,NaN,NaN,NaN,NaN,NaN,NaN
1417618200,NaN,NaN,NaN,NaN,NaN,NaN,NaN
1417618260,NaN,NaN,NaN,NaN,NaN,NaN,NaN
1417618320,NaN,NaN,NaN,NaN,NaN,NaN,NaN
1417618380,NaN,NaN,NaN,NaN,NaN,NaN,NaN
1417618440,NaN,NaN,NaN,NaN,NaN,NaN,NaN
1417618500,NaN,NaN,NaN,NaN,NaN,NaN,NaN
1417618560,NaN,NaN,NaN,NaN,NaN,NaN,NaN
1417618620,NaN,NaN,NaN,NaN,NaN,NaN,NaN
1417618680,NaN,NaN,NaN,NaN,NaN,NaN,NaN
1417618740,NaN,NaN,NaN,NaN,NaN,NaN,NaN
1417618800,NaN,NaN,NaN,NaN,NaN,NaN,NaN
1417618860,NaN,NaN,NaN,NaN,NaN,NaN,NaN
1417618920,NaN,NaN,NaN,NaN,NaN,NaN,NaN
1417618980,NaN,NaN,NaN,NaN,NaN,NaN,NaN
1417619040,NaN,NaN,NaN,NaN,NaN,NaN,NaN
1417619100,NaN,NaN,NaN,NaN,NaN,NaN,NaN
1417619160,NaN,NaN,NaN,NaN,NaN,NaN,NaN
1417619220,NaN,NaN,NaN,NaN,NaN,NaN,NaN
1417619280,NaN,NaN,NaN,NaN,NaN,NaN,NaN
1417619340,NaN,NaN,NaN,NaN,NaN,NaN,NaN
1417619400,NaN,NaN,NaN,NaN,NaN,NaN,NaN
1417619460,NaN,NaN,NaN,NaN,NaN,NaN,NaN
1417619520,NaN,NaN,NaN,NaN,NaN,NaN,NaN
1417619580,NaN,NaN,NaN,NaN,NaN,NaN,NaN
1417619640,NaN,NaN,NaN,NaN,NaN,NaN,NaN
1417619700,NaN,NaN,NaN,NaN,NaN,NaN,NaN
1417619760,NaN,NaN,NaN,NaN,NaN,NaN,NaN
1417619820,NaN,NaN,NaN,NaN,NaN,NaN,NaN
1417619880,NaN,NaN,NaN,NaN,NaN,NaN,NaN
1417619940,NaN,NaN,NaN,NaN,NaN,NaN,NaN
1417620000,NaN,NaN,NaN,NaN,NaN,NaN,NaN
1417620060,NaN,NaN,NaN,NaN,NaN,NaN,NaN
1417620120,NaN,NaN,NaN,NaN,NaN,NaN,NaN
1417620180,NaN,NaN,NaN,NaN,NaN,NaN,NaN
1417620240,NaN,NaN,NaN,NaN,NaN,NaN,NaN
1417620300,NaN,NaN,NaN,NaN,NaN,NaN,NaN
1417620360,NaN,NaN,NaN,NaN,NaN,NaN,NaN
1417620420,NaN,NaN,NaN,NaN,NaN,NaN,NaN
1417620480,NaN,NaN,NaN,NaN,NaN,NaN,NaN
1417620540,NaN,NaN,NaN,NaN,NaN,NaN,NaN
1417620600,NaN,NaN,NaN,NaN,NaN,NaN,NaN
1417620660,NaN,NaN,NaN,NaN,NaN,NaN,NaN
1417620720,NaN,NaN,NaN,NaN,NaN,NaN,NaN
1417620780,NaN,NaN,NaN,NaN,NaN,NaN,NaN
1417620840,NaN,NaN,NaN,NaN,NaN,NaN,NaN
1417620900,NaN,NaN,NaN,NaN,NaN,NaN,NaN
1417620960,NaN,NaN,NaN,NaN,NaN,NaN,NaN
1417621020,NaN,NaN,NaN,NaN,NaN,NaN,NaN
1417621080,NaN,NaN,NaN,NaN,NaN,NaN,NaN
1417621140,NaN,NaN,NaN,NaN,NaN,NaN,NaN
1417621200,NaN,NaN,NaN,NaN,NaN,NaN,NaN
1417621260,NaN,NaN,NaN,NaN,NaN,NaN,NaN
1417621320,NaN,NaN,NaN,NaN,NaN,NaN,NaN
1417621380,NaN,NaN,NaN,NaN,NaN,NaN,NaN
1417621440,NaN,NaN,NaN,NaN,NaN,NaN,NaN
1417621500,NaN,NaN,NaN,NaN,NaN,NaN,NaN
1417621560,NaN,NaN,NaN,NaN,NaN,NaN,NaN
1417621620,NaN,NaN,NaN,NaN,NaN,NaN,NaN
1417621680,NaN,NaN,NaN,NaN,NaN,NaN,NaN
1417621740,NaN,NaN,NaN,NaN,NaN,NaN,NaN
1417621800,NaN,NaN,NaN,NaN,NaN,NaN,NaN
1417621860,NaN,NaN,NaN,NaN,NaN,NaN,NaN
1417621920,NaN,NaN,NaN,NaN,NaN,NaN,NaN
1417621980,NaN,NaN,NaN,NaN,NaN,NaN,NaN
1417622040,NaN,NaN,NaN,NaN,NaN,NaN,NaN
1417622100,NaN,NaN,NaN,NaN,NaN,NaN,NaN
1417622160,NaN,NaN,NaN,NaN,NaN,NaN,NaN
1417622220,NaN,NaN,NaN,NaN,NaN,NaN,NaN
1417622280,NaN,NaN,NaN,NaN,NaN,NaN,NaN
1417622340,NaN,NaN,NaN,NaN,NaN,NaN,NaN
1417622400,NaN,NaN,NaN,NaN,NaN,NaN,NaN
1417622460,NaN,NaN,NaN,NaN,NaN,NaN,NaN
1417622520,NaN,NaN,NaN,NaN,NaN,NaN,NaN
1417622580,NaN,NaN,NaN,NaN,NaN,NaN,NaN
1417622640,NaN,NaN,NaN,NaN,NaN,NaN,NaN
1417622700,NaN,NaN,NaN,NaN,NaN,NaN,NaN
1417622760,NaN,NaN,NaN,NaN,NaN,NaN,NaN
1417622820,NaN,NaN,NaN,NaN,NaN,NaN,NaN
1417622880,NaN,NaN,NaN,NaN,NaN,NaN,NaN
1417622940,NaN,NaN,NaN,NaN,NaN,NaN,NaN
1417623000,NaN,NaN,NaN,NaN,NaN,NaN,NaN
1417623060,NaN,NaN,NaN,NaN,NaN,NaN,NaN
1417623120,NaN,NaN,NaN,NaN,NaN,NaN,NaN
1417623180,NaN,NaN,NaN,NaN,NaN,NaN,NaN
1417623240,NaN,NaN,NaN,NaN,NaN,NaN,NaN
1417623300,NaN,NaN,NaN,NaN,NaN,NaN,NaN
1417623360,NaN,NaN,NaN,NaN,NaN,NaN,NaN
1417623420,NaN,NaN,NaN,NaN,NaN,NaN,NaN
1417623480,NaN,NaN,NaN,NaN,NaN,NaN,NaN
1417623540,NaN,NaN,NaN,NaN,NaN,NaN,NaN
1417623600,NaN,NaN,NaN,NaN,NaN,NaN,NaN
1417623660,NaN,NaN,NaN,NaN,NaN,NaN,NaN
1417623720,NaN,NaN,NaN,NaN,NaN,NaN,NaN
1417623780,NaN,NaN,NaN,NaN,NaN,NaN,NaN
1417623840,NaN,NaN,NaN,NaN,NaN,NaN,NaN
1417623900,NaN,NaN,NaN,NaN,NaN,NaN,NaN
1417623960,NaN,NaN,NaN,NaN,NaN,NaN,NaN
1417624020,NaN,NaN,NaN,NaN,NaN,NaN,NaN
1417624080,NaN,NaN,NaN,NaN,NaN,NaN,NaN
1417624140,NaN,NaN,NaN,NaN,NaN,NaN,NaN
1417624200,NaN,NaN,NaN,NaN,NaN,NaN,NaN
1417624260,NaN,NaN,NaN,NaN,NaN,NaN,NaN
1417624320,NaN,NaN,NaN,NaN,NaN,NaN,NaN
1417624380,NaN,NaN,NaN,NaN,NaN,NaN,NaN
1417624440,NaN,NaN,NaN,NaN,NaN,NaN,NaN
1417624500,NaN,NaN,NaN,NaN,NaN,NaN,NaN
1417624560,NaN,NaN,NaN,NaN,NaN,NaN,NaN
1417624620,NaN,NaN,NaN,NaN,NaN,NaN,NaN
1417624680,NaN,NaN,NaN,NaN,NaN,NaN,NaN
1417624740,NaN,NaN,NaN,NaN,NaN,NaN,NaN
1417624800,NaN,NaN,NaN,NaN,NaN,NaN,NaN
1417624860,NaN,NaN,NaN,NaN,NaN,NaN,NaN
1417624920,NaN,NaN,NaN,NaN,NaN,NaN,NaN
1417624980,NaN,NaN,NaN,NaN,NaN,NaN,NaN
1417625040,NaN,NaN,NaN,NaN,NaN,NaN,NaN
1417625100,NaN,NaN,NaN,NaN,NaN,NaN,NaN
1417625160,NaN,NaN,NaN,NaN,NaN,NaN,NaN
1417625220,NaN,NaN,NaN,NaN,NaN,NaN,NaN
1417625280,NaN,NaN,NaN,NaN,NaN,NaN,NaN
1417625340,NaN,NaN,NaN,NaN,NaN,NaN,NaN
1417625400,NaN,NaN,NaN,NaN,NaN,NaN,NaN
1417625460,NaN,NaN,NaN,NaN,NaN,NaN,NaN
1417625520,NaN,NaN,NaN,NaN,NaN,NaN,NaN
1417625580,NaN,NaN,NaN,NaN,NaN,NaN,NaN
1417625640,NaN,NaN,NaN,NaN,NaN,NaN,NaN
1417625700,NaN,NaN,NaN,NaN,NaN,NaN,NaN
1417625760,NaN,NaN,NaN,NaN,NaN,NaN,NaN
1417625820,NaN,NaN,NaN,NaN,NaN,NaN,NaN
1417625880,NaN,NaN,NaN,NaN,NaN,NaN,NaN
1417625940,NaN,NaN,NaN,NaN,NaN,NaN,NaN
1417626000,NaN,NaN,NaN,NaN,NaN,NaN,NaN
1417626060,NaN,NaN,NaN,NaN,NaN,NaN,NaN
1417626120,NaN,NaN,NaN,NaN,NaN,NaN,NaN
1417626180,NaN,NaN,NaN,NaN,NaN,NaN,NaN
1417626240,NaN,NaN,NaN,NaN,NaN,NaN,NaN
1417626300,NaN,NaN,NaN,NaN,NaN,NaN,NaN
1417626360,NaN,NaN,NaN,NaN,NaN,NaN,NaN
1417626420,NaN,NaN,NaN,NaN,NaN,NaN,NaN
1417626480,NaN,NaN,NaN,NaN,NaN,NaN,NaN
1417626540,NaN,NaN,NaN,NaN,NaN,NaN,NaN
1417626600,NaN,NaN,NaN,NaN,NaN,NaN,NaN
1417626660,NaN,NaN,NaN,NaN,NaN,NaN,NaN
1417626720,NaN,NaN,NaN,NaN,NaN,NaN,NaN
1417626780,NaN,NaN,NaN,NaN,NaN,NaN,NaN
1417626840,NaN,NaN,NaN,NaN,NaN,NaN,NaN
1417626900,NaN,NaN,NaN,NaN,NaN,NaN,NaN
1417626960,NaN,NaN,NaN,NaN,NaN,NaN,NaN
1417627020,NaN,NaN,NaN,NaN,NaN,NaN,NaN
1417627080,NaN,NaN,NaN,NaN,NaN,NaN,NaN
1417627140,NaN,NaN,NaN,NaN,NaN,NaN,NaN
1417627200,NaN,NaN,NaN,NaN,NaN,NaN,NaN
1417627260,NaN,NaN,NaN,NaN,NaN,NaN,NaN
1417627320,NaN,NaN,NaN,NaN,NaN,NaN,NaN
1417627380,NaN,NaN,NaN,NaN,NaN,NaN,NaN
1417627440,NaN,NaN,NaN,NaN,NaN,NaN,NaN
1417627500,NaN,NaN,NaN,NaN,NaN,NaN,NaN
1417627560,NaN,NaN,NaN,NaN,NaN,NaN,NaN
1417627620,NaN,NaN,NaN,NaN,NaN,NaN,NaN
1417627680,NaN,NaN,NaN,NaN,NaN,NaN,NaN
1417627740,NaN,NaN,NaN,NaN,NaN,NaN,NaN
1417627800,NaN,NaN,NaN,NaN,NaN,NaN,NaN
1417627860,NaN,NaN,NaN,NaN,NaN,NaN,NaN
1417627920,NaN,NaN,NaN,NaN,NaN,NaN,NaN
1417627980,NaN,NaN,NaN,NaN,NaN,NaN,NaN
1417628040,NaN,NaN,NaN,NaN,NaN,NaN,NaN
1417628100,NaN,NaN,NaN,NaN,NaN,NaN,NaN
1417628160,NaN,NaN,NaN,NaN,NaN,NaN,NaN
1417628220,NaN,NaN,NaN,NaN,NaN,NaN,NaN
1417628280,NaN,NaN,NaN,NaN,NaN,NaN,NaN
1417628340,NaN,NaN,NaN,NaN,NaN,NaN,NaN
1417628400,NaN,NaN,NaN,NaN,NaN,NaN,NaN
1417628460,NaN,NaN,NaN,NaN,NaN,NaN,NaN
1417628520,NaN,NaN,NaN,NaN,NaN,NaN,NaN
1417628580,NaN,NaN,NaN,NaN,NaN,NaN,NaN
1417628640,NaN,NaN,NaN,NaN,NaN,NaN,NaN
1417628700,NaN,NaN,NaN,NaN,NaN,NaN,NaN
1417628760,NaN,NaN,NaN,NaN,NaN,NaN,NaN
1417628820,NaN,NaN,NaN,NaN,NaN,NaN,NaN
1417628880,NaN,NaN,NaN,NaN,NaN,NaN,NaN
1417628940,NaN,NaN,NaN,NaN,NaN,NaN,NaN
1417629000,NaN,NaN,NaN,NaN,NaN,NaN,NaN
1417629060,NaN,NaN,NaN,NaN,NaN,NaN,NaN
1417629120,NaN,NaN,NaN,NaN,NaN,NaN,NaN
1417629180,NaN,NaN,NaN,NaN,NaN,NaN,NaN
1417629240,NaN,NaN,NaN,NaN,NaN,NaN,NaN
1417629300,NaN,NaN,NaN,NaN,NaN,NaN,NaN
1417629360,NaN,NaN,NaN,NaN,NaN,NaN,NaN
1417629420,NaN,NaN,NaN,NaN,NaN,NaN,NaN
1417629480,NaN,NaN,NaN,NaN,NaN,NaN,NaN
1417629540,NaN,NaN,NaN,NaN,NaN,NaN,NaN
1417629600,NaN,NaN,NaN,NaN,NaN,NaN,NaN
1417629660,NaN,NaN,NaN,NaN,NaN,NaN,NaN
1417629720,NaN,NaN,NaN,NaN,NaN,NaN,NaN
1417629780,NaN,NaN,NaN,NaN,NaN,NaN,NaN
1417629840,NaN,NaN,NaN,NaN,NaN,NaN,NaN
1417629900,NaN,NaN,NaN,NaN,NaN,NaN,NaN
1417629960,NaN,NaN,NaN,NaN,NaN,NaN,NaN
1417630020,NaN,NaN,NaN,NaN,NaN,NaN,NaN
1417630080,NaN,NaN,NaN,NaN,NaN,NaN,NaN
1417630140,NaN,NaN,NaN,NaN,NaN,NaN,NaN
1417630200,NaN,NaN,NaN,NaN,NaN,NaN,NaN
1417630260,NaN,NaN,NaN,NaN,NaN,NaN,NaN
1417630320,NaN,NaN,NaN,NaN,NaN,NaN,NaN
1417630380,NaN,NaN,NaN,NaN,NaN,NaN,NaN
1417630440,NaN,NaN,NaN,NaN,NaN,NaN,NaN
1417630500,NaN,NaN,NaN,NaN,NaN,NaN,NaN
1417630560,NaN,NaN,NaN,NaN,NaN,NaN,NaN
1417630620,NaN,NaN,NaN,NaN,NaN,NaN,NaN
1417630680,NaN,NaN,NaN,NaN,NaN,NaN,NaN
1417630740,NaN,NaN,NaN,NaN,NaN,NaN,NaN
1417630800,NaN,NaN,NaN,NaN,NaN,NaN,NaN
1417630860,NaN,NaN,NaN,NaN,NaN,NaN,NaN
1417630920,NaN,NaN,NaN,NaN,NaN,NaN,NaN
1417630980,NaN,NaN,NaN,NaN,NaN,NaN,NaN
1417631040,NaN,NaN,NaN,NaN,NaN,NaN,NaN
1417631100,NaN,NaN,NaN,NaN,NaN,NaN,NaN
1417631160,NaN,NaN,NaN,NaN,NaN,NaN,NaN
1417631220,NaN,NaN,NaN,NaN,NaN,NaN,NaN
1417631280,NaN,NaN,NaN,NaN,NaN,NaN,NaN
1417631340,NaN,NaN,NaN,NaN,NaN,NaN,NaN
1417631400,NaN,NaN,NaN,NaN,NaN,NaN,NaN
1417631460,NaN,NaN,NaN,NaN,NaN,NaN,NaN
1417631520,378,378,378,378,0.35,132.3,378
1417631580,NaN,NaN,NaN,NaN,NaN,NaN,NaN
1417631640,NaN,NaN,NaN,NaN,NaN,NaN,NaN
1417631700,NaN,NaN,NaN,NaN,NaN,NaN,NaN
1417631760,NaN,NaN,NaN,NaN,NaN,NaN,NaN
1417631820,NaN,NaN,NaN,NaN,NaN,NaN,NaN
1417631880,NaN,NaN,NaN,NaN,NaN,NaN,NaN
1417631940,NaN,NaN,NaN,NaN,NaN,NaN,NaN
1417632000,NaN,NaN,NaN,NaN,NaN,NaN,NaN
1417632060,NaN,NaN,NaN,NaN,NaN,NaN,NaN
1417632120,NaN,NaN,NaN,NaN,NaN,NaN,NaN
1417632180,NaN,NaN,NaN,NaN,NaN,NaN,NaN
1417632240,NaN,NaN,NaN,NaN,NaN,NaN,NaN
1417632300,NaN,NaN,NaN,NaN,NaN,NaN,NaN
1417632360,NaN,NaN,NaN,NaN,NaN,NaN,NaN
1417632420,NaN,NaN,NaN,NaN,NaN,NaN,NaN
1417632480,NaN,NaN,NaN,NaN,NaN,NaN,NaN
1417632540,NaN,NaN,NaN,NaN,NaN,NaN,NaN
1417632600,NaN,NaN,NaN,NaN,NaN,NaN,NaN
1417632660,NaN,NaN,NaN,NaN,NaN,NaN,NaN
1417632720,NaN,NaN,NaN,NaN,NaN,NaN,NaN
1417632780,NaN,NaN,NaN,NaN,NaN,NaN,NaN
1417632840,NaN,NaN,NaN,NaN,NaN,NaN,NaN
1417632900,NaN,NaN,NaN,NaN,NaN,NaN,NaN
1417632960,NaN,NaN,NaN,NaN,NaN,NaN,NaN
1417633020,NaN,NaN,NaN,NaN,NaN,NaN,NaN
1417633080,NaN,NaN,NaN,NaN,NaN,NaN,NaN
1417633140,NaN,NaN,NaN,NaN,NaN,NaN,NaN
1417633200,NaN,NaN,NaN,NaN,NaN,NaN,NaN
1417633260,NaN,NaN,NaN,NaN,NaN,NaN,NaN
1417633320,NaN,NaN,NaN,NaN,NaN,NaN,NaN
1417633380,NaN,NaN,NaN,NaN,NaN,NaN,NaN
1417633440,NaN,NaN,NaN,NaN,NaN,NaN,NaN
1417633500,NaN,NaN,NaN,NaN,NaN,NaN,NaN
1417633560,NaN,NaN,NaN,NaN,NaN,NaN,NaN
1417633620,NaN,NaN,NaN,NaN,NaN,NaN,NaN
1417633680,NaN,NaN,NaN,NaN,NaN,NaN,NaN
1417633740,NaN,NaN,NaN,NaN,NaN,NaN,NaN
1417633800,NaN,NaN,NaN,NaN,NaN,NaN,NaN
1417633860,NaN,NaN,NaN,NaN,NaN,NaN,NaN
1417633920,NaN,NaN,NaN,NaN,NaN,NaN,NaN
1417633980,NaN,NaN,NaN,NaN,NaN,NaN,NaN
1417634040,NaN,NaN,NaN,NaN,NaN,NaN,NaN
1417634100,NaN,NaN,NaN,NaN,NaN,NaN,NaN
1417634160,NaN,NaN,NaN,NaN,NaN,NaN,NaN
1417634220,NaN,NaN,NaN,NaN,NaN,NaN,NaN
1417634280,NaN,NaN,NaN,NaN,NaN,NaN,NaN
1417634340,NaN,NaN,NaN,NaN,NaN,NaN,NaN
1417634400,NaN,NaN,NaN,NaN,NaN,NaN,NaN
1417634460,NaN,NaN,NaN,NaN,NaN,NaN,NaN
1417634520,NaN,NaN,NaN,NaN,NaN,NaN,NaN
1417634580,NaN,NaN,NaN,NaN,NaN,NaN,NaN
1417634640,NaN,NaN,NaN,NaN,NaN,NaN,NaN
1417634700,NaN,NaN,NaN,NaN,NaN,NaN,NaN
1417634760,NaN,NaN,NaN,NaN,NaN,NaN,NaN
1417634820,NaN,NaN,NaN,NaN,NaN,NaN,NaN
1417634880,NaN,NaN,NaN,NaN,NaN,NaN,NaN
1417634940,NaN,NaN,NaN,NaN,NaN,NaN,NaN
1417635000,NaN,NaN,NaN,NaN,NaN,NaN,NaN
1417635060,NaN,NaN,NaN,NaN,NaN,NaN,NaN
1417635120,NaN,NaN,NaN,NaN,NaN,NaN,NaN
1417635180,NaN,NaN,NaN,NaN,NaN,NaN,NaN
1417635240,NaN,NaN,NaN,NaN,NaN,NaN,NaN
1417635300,NaN,NaN,NaN,NaN,NaN,NaN,NaN
1417635360,NaN,NaN,NaN,NaN,NaN,NaN,NaN
1417635420,NaN,NaN,NaN,NaN,NaN,NaN,NaN
1417635480,NaN,NaN,NaN,NaN,NaN,NaN,NaN
1417635540,NaN,NaN,NaN,NaN,NaN,NaN,NaN
1417635600,NaN,NaN,NaN,NaN,NaN,NaN,NaN
1417635660,NaN,NaN,NaN,NaN,NaN,NaN,NaN
1417635720,NaN,NaN,NaN,NaN,NaN,NaN,NaN
1417635780,NaN,NaN,NaN,NaN,NaN,NaN,NaN
1417635840,NaN,NaN,NaN,NaN,NaN,NaN,NaN
1417635900,NaN,NaN,NaN,NaN,NaN,NaN,NaN
1417635960,NaN,NaN,NaN,NaN,NaN,NaN,NaN
1417636020,NaN,NaN,NaN,NaN,NaN,NaN,NaN
1417636080,NaN,NaN,NaN,NaN,NaN,NaN,NaN
1417636140,NaN,NaN,NaN,NaN,NaN,NaN,NaN
1417636200,NaN,NaN,NaN,NaN,NaN,NaN,NaN
1417636260,NaN,NaN,NaN,NaN,NaN,NaN,NaN
1417636320,NaN,NaN,NaN,NaN,NaN,NaN,NaN
1417636380,NaN,NaN,NaN,NaN,NaN,NaN,NaN
1417636440,NaN,NaN,NaN,NaN,NaN,NaN,NaN
1417636500,NaN,NaN,NaN,NaN,NaN,NaN,NaN
1417636560,NaN,NaN,NaN,NaN,NaN,NaN,NaN
1417636620,NaN,NaN,NaN,NaN,NaN,NaN,NaN
1417636680,NaN,NaN,NaN,NaN,NaN,NaN,NaN
1417636740,NaN,NaN,NaN,NaN,NaN,NaN,NaN
1417636800,NaN,NaN,NaN,NaN,NaN,NaN,NaN
1417636860,NaN,NaN,NaN,NaN,NaN,NaN,NaN
1417636920,NaN,NaN,NaN,NaN,NaN,NaN,NaN
1417636980,NaN,NaN,NaN,NaN,NaN,NaN,NaN
1417637040,NaN,NaN,NaN,NaN,NaN,NaN,NaN
1417637100,NaN,NaN,NaN,NaN,NaN,NaN,NaN
1417637160,377.01,377.01,377.01,377.01,0.1,37.701,377.01
1417637220,NaN,NaN,NaN,NaN,NaN,NaN,NaN
1417637280,NaN,NaN,NaN,NaN,NaN,NaN,NaN
1417637340,NaN,NaN,NaN,NaN,NaN,NaN,NaN
1417637400,NaN,NaN,NaN,NaN,NaN,NaN,NaN
1417637460,NaN,NaN,NaN,NaN,NaN,NaN,NaN
1417637520,NaN,NaN,NaN,NaN,NaN,NaN,NaN
1417637580,NaN,NaN,NaN,NaN,NaN,NaN,NaN
1417637640,NaN,NaN,NaN,NaN,NaN,NaN,NaN
1417637700,NaN,NaN,NaN,NaN,NaN,NaN,NaN
1417637760,NaN,NaN,NaN,NaN,NaN,NaN,NaN
1417637820,NaN,NaN,NaN,NaN,NaN,NaN,NaN
1417637880,NaN,NaN,NaN,NaN,NaN,NaN,NaN
1417637940,NaN,NaN,NaN,NaN,NaN,NaN,NaN
1417638000,NaN,NaN,NaN,NaN,NaN,NaN,NaN
1417638060,NaN,NaN,NaN,NaN,NaN,NaN,NaN
1417638120,NaN,NaN,NaN,NaN,NaN,NaN,NaN
1417638180,NaN,NaN,NaN,NaN,NaN,NaN,NaN
1417638240,NaN,NaN,NaN,NaN,NaN,NaN,NaN
1417638300,NaN,NaN,NaN,NaN,NaN,NaN,NaN
1417638360,NaN,NaN,NaN,NaN,NaN,NaN,NaN
1417638420,NaN,NaN,NaN,NaN,NaN,NaN,NaN
1417638480,NaN,NaN,NaN,NaN,NaN,NaN,NaN
1417638540,NaN,NaN,NaN,NaN,NaN,NaN,NaN
1417638600,NaN,NaN,NaN,NaN,NaN,NaN,NaN
1417638660,NaN,NaN,NaN,NaN,NaN,NaN,NaN
1417638720,NaN,NaN,NaN,NaN,NaN,NaN,NaN
1417638780,NaN,NaN,NaN,NaN,NaN,NaN,NaN
1417638840,NaN,NaN,NaN,NaN,NaN,NaN,NaN
1417638900,NaN,NaN,NaN,NaN,NaN,NaN,NaN
1417638960,NaN,NaN,NaN,NaN,NaN,NaN,NaN
1417639020,NaN,NaN,NaN,NaN,NaN,NaN,NaN
1417639080,NaN,NaN,NaN,NaN,NaN,NaN,NaN
1417639140,NaN,NaN,NaN,NaN,NaN,NaN,NaN
1417639200,NaN,NaN,NaN,NaN,NaN,NaN,NaN
1417639260,NaN,NaN,NaN,NaN,NaN,NaN,NaN
1417639320,NaN,NaN,NaN,NaN,NaN,NaN,NaN
1417639380,NaN,NaN,NaN,NaN,NaN,NaN,NaN
1417639440,NaN,NaN,NaN,NaN,NaN,NaN,NaN
1417639500,NaN,NaN,NaN,NaN,NaN,NaN,NaN
1417639560,NaN,NaN,NaN,NaN,NaN,NaN,NaN
1417639620,NaN,NaN,NaN,NaN,NaN,NaN,NaN
1417639680,NaN,NaN,NaN,NaN,NaN,NaN,NaN
1417639740,NaN,NaN,NaN,NaN,NaN,NaN,NaN
1417639800,NaN,NaN,NaN,NaN,NaN,NaN,NaN
1417639860,NaN,NaN,NaN,NaN,NaN,NaN,NaN
1417639920,NaN,NaN,NaN,NaN,NaN,NaN,NaN
1417639980,NaN,NaN,NaN,NaN,NaN,NaN,NaN
1417640040,NaN,NaN,NaN,NaN,NaN,NaN,NaN
1417640100,NaN,NaN,NaN,NaN,NaN,NaN,NaN
1417640160,NaN,NaN,NaN,NaN,NaN,NaN,NaN
1417640220,NaN,NaN,NaN,NaN,NaN,NaN,NaN
1417640280,NaN,NaN,NaN,NaN,NaN,NaN,NaN
1417640340,NaN,NaN,NaN,NaN,NaN,NaN,NaN
1417640400,NaN,NaN,NaN,NaN,NaN,NaN,NaN
1417640460,NaN,NaN,NaN,NaN,NaN,NaN,NaN
1417640520,NaN,NaN,NaN,NaN,NaN,NaN,NaN
1417640580,NaN,NaN,NaN,NaN,NaN,NaN,NaN
1417640640,NaN,NaN,NaN,NaN,NaN,NaN,NaN
1417640700,NaN,NaN,NaN,NaN,NaN,NaN,NaN
1417640760,NaN,NaN,NaN,NaN,NaN,NaN,NaN
1417640820,NaN,NaN,NaN,NaN,NaN,NaN,NaN
1417640880,NaN,NaN,NaN,NaN,NaN,NaN,NaN
1417640940,NaN,NaN,NaN,NaN,NaN,NaN,NaN
1417641000,NaN,NaN,NaN,NaN,NaN,NaN,NaN
1417641060,NaN,NaN,NaN,NaN,NaN,NaN,NaN
1417641120,NaN,NaN,NaN,NaN,NaN,NaN,NaN
1417641180,NaN,NaN,NaN,NaN,NaN,NaN,NaN
1417641240,NaN,NaN,NaN,NaN,NaN,NaN,NaN
1417641300,NaN,NaN,NaN,NaN,NaN,NaN,NaN
1417641360,NaN,NaN,NaN,NaN,NaN,NaN,NaN
1417641420,NaN,NaN,NaN,NaN,NaN,NaN,NaN
1417641480,NaN,NaN,NaN,NaN,NaN,NaN,NaN
1417641540,NaN,NaN,NaN,NaN,NaN,NaN,NaN
1417641600,NaN,NaN,NaN,NaN,NaN,NaN,NaN
1417641660,NaN,NaN,NaN,NaN,NaN,NaN,NaN
1417641720,NaN,NaN,NaN,NaN,NaN,NaN,NaN
1417641780,NaN,NaN,NaN,NaN,NaN,NaN,NaN
1417641840,NaN,NaN,NaN,NaN,NaN,NaN,NaN
1417641900,NaN,NaN,NaN,NaN,NaN,NaN,NaN
1417641960,NaN,NaN,NaN,NaN,NaN,NaN,NaN
1417642020,NaN,NaN,NaN,NaN,NaN,NaN,NaN
1417642080,NaN,NaN,NaN,NaN,NaN,NaN,NaN
1417642140,NaN,NaN,NaN,NaN,NaN,NaN,NaN
1417642200,NaN,NaN,NaN,NaN,NaN,NaN,NaN
1417642260,NaN,NaN,NaN,NaN,NaN,NaN,NaN
1417642320,NaN,NaN,NaN,NaN,NaN,NaN,NaN
1417642380,NaN,NaN,NaN,NaN,NaN,NaN,NaN
1417642440,NaN,NaN,NaN,NaN,NaN,NaN,NaN
1417642500,NaN,NaN,NaN,NaN,NaN,NaN,NaN
1417642560,NaN,NaN,NaN,NaN,NaN,NaN,NaN
1417642620,NaN,NaN,NaN,NaN,NaN,NaN,NaN
1417642680,NaN,NaN,NaN,NaN,NaN,NaN,NaN
1417642740,NaN,NaN,NaN,NaN,NaN,NaN,NaN
1417642800,NaN,NaN,NaN,NaN,NaN,NaN,NaN
1417642860,NaN,NaN,NaN,NaN,NaN,NaN,NaN
1417642920,NaN,NaN,NaN,NaN,NaN,NaN,NaN
1417642980,NaN,NaN,NaN,NaN,NaN,NaN,NaN
1417643040,NaN,NaN,NaN,NaN,NaN,NaN,NaN
1417643100,NaN,NaN,NaN,NaN,NaN,NaN,NaN
1417643160,NaN,NaN,NaN,NaN,NaN,NaN,NaN
1417643220,NaN,NaN,NaN,NaN,NaN,NaN,NaN
1417643280,NaN,NaN,NaN,NaN,NaN,NaN,NaN
1417643340,NaN,NaN,NaN,NaN,NaN,NaN,NaN
1417643400,NaN,NaN,NaN,NaN,NaN,NaN,NaN
1417643460,NaN,NaN,NaN,NaN,NaN,NaN,NaN
1417643520,NaN,NaN,NaN,NaN,NaN,NaN,NaN
1417643580,NaN,NaN,NaN,NaN,NaN,NaN,NaN
1417643640,NaN,NaN,NaN,NaN,NaN,NaN,NaN
1417643700,NaN,NaN,NaN,NaN,NaN,NaN,NaN
1417643760,NaN,NaN,NaN,NaN,NaN,NaN,NaN
1417643820,NaN,NaN,NaN,NaN,NaN,NaN,NaN
1417643880,NaN,NaN,NaN,NaN,NaN,NaN,NaN
1417643940,NaN,NaN,NaN,NaN,NaN,NaN,NaN
1417644000,NaN,NaN,NaN,NaN,NaN,NaN,NaN
1417644060,NaN,NaN,NaN,NaN,NaN,NaN,NaN
1417644120,NaN,NaN,NaN,NaN,NaN,NaN,NaN
1417644180,NaN,NaN,NaN,NaN,NaN,NaN,NaN
1417644240,NaN,NaN,NaN,NaN,NaN,NaN,NaN
1417644300,NaN,NaN,NaN,NaN,NaN,NaN,NaN
1417644360,NaN,NaN,NaN,NaN,NaN,NaN,NaN
1417644420,NaN,NaN,NaN,NaN,NaN,NaN,NaN
1417644480,NaN,NaN,NaN,NaN,NaN,NaN,NaN
1417644540,NaN,NaN,NaN,NaN,NaN,NaN,NaN
1417644600,NaN,NaN,NaN,NaN,NaN,NaN,NaN
1417644660,NaN,NaN,NaN,NaN,NaN,NaN,NaN
1417644720,NaN,NaN,NaN,NaN,NaN,NaN,NaN
1417644780,NaN,NaN,NaN,NaN,NaN,NaN,NaN
1417644840,NaN,NaN,NaN,NaN,NaN,NaN,NaN
1417644900,NaN,NaN,NaN,NaN,NaN,NaN,NaN
1417644960,NaN,NaN,NaN,NaN,NaN,NaN,NaN
1417645020,NaN,NaN,NaN,NaN,NaN,NaN,NaN
1417645080,NaN,NaN,NaN,NaN,NaN,NaN,NaN
1417645140,NaN,NaN,NaN,NaN,NaN,NaN,NaN
1417645200,NaN,NaN,NaN,NaN,NaN,NaN,NaN
1417645260,NaN,NaN,NaN,NaN,NaN,NaN,NaN
1417645320,NaN,NaN,NaN,NaN,NaN,NaN,NaN
1417645380,NaN,NaN,NaN,NaN,NaN,NaN,NaN
1417645440,NaN,NaN,NaN,NaN,NaN,NaN,NaN
1417645500,NaN,NaN,NaN,NaN,NaN,NaN,NaN
1417645560,NaN,NaN,NaN,NaN,NaN,NaN,NaN
1417645620,NaN,NaN,NaN,NaN,NaN,NaN,NaN
1417645680,NaN,NaN,NaN,NaN,NaN,NaN,NaN
1417645740,NaN,NaN,NaN,NaN,NaN,NaN,NaN
1417645800,NaN,NaN,NaN,NaN,NaN,NaN,NaN
1417645860,NaN,NaN,NaN,NaN,NaN,NaN,NaN
1417645920,NaN,NaN,NaN,NaN,NaN,NaN,NaN
1417645980,NaN,NaN,NaN,NaN,NaN,NaN,NaN
1417646040,NaN,NaN,NaN,NaN,NaN,NaN,NaN
1417646100,NaN,NaN,NaN,NaN,NaN,NaN,NaN
1417646160,NaN,NaN,NaN,NaN,NaN,NaN,NaN
1417646220,NaN,NaN,NaN,NaN,NaN,NaN,NaN
1417646280,NaN,NaN,NaN,NaN,NaN,NaN,NaN
1417646340,NaN,NaN,NaN,NaN,NaN,NaN,NaN
1417646400,NaN,NaN,NaN,NaN,NaN,NaN,NaN
1417646460,NaN,NaN,NaN,NaN,NaN,NaN,NaN
1417646520,NaN,NaN,NaN,NaN,NaN,NaN,NaN
1417646580,NaN,NaN,NaN,NaN,NaN,NaN,NaN
1417646640,NaN,NaN,NaN,NaN,NaN,NaN,NaN
1417646700,NaN,NaN,NaN,NaN,NaN,NaN,NaN
1417646760,NaN,NaN,NaN,NaN,NaN,NaN,NaN
1417646820,NaN,NaN,NaN,NaN,NaN,NaN,NaN
1417646880,NaN,NaN,NaN,NaN,NaN,NaN,NaN
1417646940,NaN,NaN,NaN,NaN,NaN,NaN,NaN
1417647000,NaN,NaN,NaN,NaN,NaN,NaN,NaN
1417647060,NaN,NaN,NaN,NaN,NaN,NaN,NaN
1417647120,NaN,NaN,NaN,NaN,NaN,NaN,NaN
1417647180,NaN,NaN,NaN,NaN,NaN,NaN,NaN
1417647240,NaN,NaN,NaN,NaN,NaN,NaN,NaN
1417647300,378,378,378,378,0.01,3.78,378
1417647360,NaN,NaN,NaN,NaN,NaN,NaN,NaN
1417647420,NaN,NaN,NaN,NaN,NaN,NaN,NaN
1417647480,NaN,NaN,NaN,NaN,NaN,NaN,NaN
1417647540,NaN,NaN,NaN,NaN,NaN,NaN,NaN
1417647600,NaN,NaN,NaN,NaN,NaN,NaN,NaN
1417647660,NaN,NaN,NaN,NaN,NaN,NaN,NaN
1417647720,NaN,NaN,NaN,NaN,NaN,NaN,NaN
1417647780,NaN,NaN,NaN,NaN,NaN,NaN,NaN
1417647840,NaN,NaN,NaN,NaN,NaN,NaN,NaN
1417647900,NaN,NaN,NaN,NaN,NaN,NaN,NaN
1417647960,NaN,NaN,NaN,NaN,NaN,NaN,NaN
1417648020,NaN,NaN,NaN,NaN,NaN,NaN,NaN
1417648080,NaN,NaN,NaN,NaN,NaN,NaN,NaN
1417648140,NaN,NaN,NaN,NaN,NaN,NaN,NaN
1417648200,NaN,NaN,NaN,NaN,NaN,NaN,NaN
1417648260,NaN,NaN,NaN,NaN,NaN,NaN,NaN
1417648320,NaN,NaN,NaN,NaN,NaN,NaN,NaN
1417648380,NaN,NaN,NaN,NaN,NaN,NaN,NaN
1417648440,NaN,NaN,NaN,NaN,NaN,NaN,NaN
1417648500,NaN,NaN,NaN,NaN,NaN,NaN,NaN
1417648560,NaN,NaN,NaN,NaN,NaN,NaN,NaN
1417648620,NaN,NaN,NaN,NaN,NaN,NaN,NaN
1417648680,NaN,NaN,NaN,NaN,NaN,NaN,NaN
1417648740,NaN,NaN,NaN,NaN,NaN,NaN,NaN
1417648800,NaN,NaN,NaN,NaN,NaN,NaN,NaN
1417648860,NaN,NaN,NaN,NaN,NaN,NaN,NaN
1417648920,NaN,NaN,NaN,NaN,NaN,NaN,NaN
1417648980,NaN,NaN,NaN,NaN,NaN,NaN,NaN
1417649040,NaN,NaN,NaN,NaN,NaN,NaN,NaN
1417649100,NaN,NaN,NaN,NaN,NaN,NaN,NaN
1417649160,NaN,NaN,NaN,NaN,NaN,NaN,NaN
1417649220,NaN,NaN,NaN,NaN,NaN,NaN,NaN
1417649280,NaN,NaN,NaN,NaN,NaN,NaN,NaN
1417649340,NaN,NaN,NaN,NaN,NaN,NaN,NaN
1417649400,NaN,NaN,NaN,NaN,NaN,NaN,NaN
1417649460,NaN,NaN,NaN,NaN,NaN,NaN,NaN
1417649520,NaN,NaN,NaN,NaN,NaN,NaN,NaN
1417649580,NaN,NaN,NaN,NaN,NaN,NaN,NaN
1417649640,NaN,NaN,NaN,NaN,NaN,NaN,NaN
1417649700,NaN,NaN,NaN,NaN,NaN,NaN,NaN
1417649760,NaN,NaN,NaN,NaN,NaN,NaN,NaN
1417649820,NaN,NaN,NaN,NaN,NaN,NaN,NaN
1417649880,NaN,NaN,NaN,NaN,NaN,NaN,NaN
1417649940,NaN,NaN,NaN,NaN,NaN,NaN,NaN
1417650000,NaN,NaN,NaN,NaN,NaN,NaN,NaN
1417650060,NaN,NaN,NaN,NaN,NaN,NaN,NaN
1417650120,NaN,NaN,NaN,NaN,NaN,NaN,NaN
1417650180,NaN,NaN,NaN,NaN,NaN,NaN,NaN
1417650240,NaN,NaN,NaN,NaN,NaN,NaN,NaN
1417650300,NaN,NaN,NaN,NaN,NaN,NaN,NaN
1417650360,NaN,NaN,NaN,NaN,NaN,NaN,NaN
1417650420,NaN,NaN,NaN,NaN,NaN,NaN,NaN
1417650480,NaN,NaN,NaN,NaN,NaN,NaN,NaN
1417650540,NaN,NaN,NaN,NaN,NaN,NaN,NaN
1417650600,NaN,NaN,NaN,NaN,NaN,NaN,NaN
1417650660,NaN,NaN,NaN,NaN,NaN,NaN,NaN
1417650720,NaN,NaN,NaN,NaN,NaN,NaN,NaN
1417650780,NaN,NaN,NaN,NaN,NaN,NaN,NaN
1417650840,NaN,NaN,NaN,NaN,NaN,NaN,NaN
1417650900,NaN,NaN,NaN,NaN,NaN,NaN,NaN
1417650960,NaN,NaN,NaN,NaN,NaN,NaN,NaN
1417651020,NaN,NaN,NaN,NaN,NaN,NaN,NaN
1417651080,NaN,NaN,NaN,NaN,NaN,NaN,NaN
1417651140,NaN,NaN,NaN,NaN,NaN,NaN,NaN
1417651200,NaN,NaN,NaN,NaN,NaN,NaN,NaN
1417651260,NaN,NaN,NaN,NaN,NaN,NaN,NaN
1417651320,NaN,NaN,NaN,NaN,NaN,NaN,NaN
1417651380,NaN,NaN,NaN,NaN,NaN,NaN,NaN
1417651440,NaN,NaN,NaN,NaN,NaN,NaN,NaN
1417651500,NaN,NaN,NaN,NaN,NaN,NaN,NaN
1417651560,NaN,NaN,NaN,NaN,NaN,NaN,NaN
1417651620,NaN,NaN,NaN,NaN,NaN,NaN,NaN
1417651680,NaN,NaN,NaN,NaN,NaN,NaN,NaN
1417651740,NaN,NaN,NaN,NaN,NaN,NaN,NaN
1417651800,NaN,NaN,NaN,NaN,NaN,NaN,NaN
1417651860,NaN,NaN,NaN,NaN,NaN,NaN,NaN
1417651920,NaN,NaN,NaN,NaN,NaN,NaN,NaN
1417651980,NaN,NaN,NaN,NaN,NaN,NaN,NaN
1417652040,NaN,NaN,NaN,NaN,NaN,NaN,NaN
1417652100,NaN,NaN,NaN,NaN,NaN,NaN,NaN
1417652160,NaN,NaN,NaN,NaN,NaN,NaN,NaN
1417652220,NaN,NaN,NaN,NaN,NaN,NaN,NaN
1417652280,NaN,NaN,NaN,NaN,NaN,NaN,NaN
1417652340,NaN,NaN,NaN,NaN,NaN,NaN,NaN
1417652400,NaN,NaN,NaN,NaN,NaN,NaN,NaN
1417652460,NaN,NaN,NaN,NaN,NaN,NaN,NaN
1417652520,NaN,NaN,NaN,NaN,NaN,NaN,NaN
1417652580,NaN,NaN,NaN,NaN,NaN,NaN,NaN
1417652640,NaN,NaN,NaN,NaN,NaN,NaN,NaN
1417652700,NaN,NaN,NaN,NaN,NaN,NaN,NaN
1417652760,NaN,NaN,NaN,NaN,NaN,NaN,NaN
1417652820,NaN,NaN,NaN,NaN,NaN,NaN,NaN
1417652880,NaN,NaN,NaN,NaN,NaN,NaN,NaN
1417652940,NaN,NaN,NaN,NaN,NaN,NaN,NaN
1417653000,NaN,NaN,NaN,NaN,NaN,NaN,NaN
1417653060,NaN,NaN,NaN,NaN,NaN,NaN,NaN
1417653120,NaN,NaN,NaN,NaN,NaN,NaN,NaN
1417653180,NaN,NaN,NaN,NaN,NaN,NaN,NaN
1417653240,NaN,NaN,NaN,NaN,NaN,NaN,NaN
1417653300,NaN,NaN,NaN,NaN,NaN,NaN,NaN
1417653360,NaN,NaN,NaN,NaN,NaN,NaN,NaN
1417653420,NaN,NaN,NaN,NaN,NaN,NaN,NaN
1417653480,NaN,NaN,NaN,NaN,NaN,NaN,NaN
1417653540,NaN,NaN,NaN,NaN,NaN,NaN,NaN
1417653600,NaN,NaN,NaN,NaN,NaN,NaN,NaN
1417653660,NaN,NaN,NaN,NaN,NaN,NaN,NaN
1417653720,NaN,NaN,NaN,NaN,NaN,NaN,NaN
1417653780,NaN,NaN,NaN,NaN,NaN,NaN,NaN
1417653840,NaN,NaN,NaN,NaN,NaN,NaN,NaN
1417653900,NaN,NaN,NaN,NaN,NaN,NaN,NaN
1417653960,NaN,NaN,NaN,NaN,NaN,NaN,NaN
1417654020,NaN,NaN,NaN,NaN,NaN,NaN,NaN
1417654080,NaN,NaN,NaN,NaN,NaN,NaN,NaN
1417654140,NaN,NaN,NaN,NaN,NaN,NaN,NaN
1417654200,NaN,NaN,NaN,NaN,NaN,NaN,NaN
1417654260,NaN,NaN,NaN,NaN,NaN,NaN,NaN
1417654320,NaN,NaN,NaN,NaN,NaN,NaN,NaN
1417654380,NaN,NaN,NaN,NaN,NaN,NaN,NaN
1417654440,NaN,NaN,NaN,NaN,NaN,NaN,NaN
1417654500,NaN,NaN,NaN,NaN,NaN,NaN,NaN
1417654560,NaN,NaN,NaN,NaN,NaN,NaN,NaN
1417654620,NaN,NaN,NaN,NaN,NaN,NaN,NaN
1417654680,NaN,NaN,NaN,NaN,NaN,NaN,NaN
1417654740,NaN,NaN,NaN,NaN,NaN,NaN,NaN
1417654800,NaN,NaN,NaN,NaN,NaN,NaN,NaN
1417654860,NaN,NaN,NaN,NaN,NaN,NaN,NaN
1417654920,NaN,NaN,NaN,NaN,NaN,NaN,NaN
1417654980,NaN,NaN,NaN,NaN,NaN,NaN,NaN
1417655040,NaN,NaN,NaN,NaN,NaN,NaN,NaN
1417655100,NaN,NaN,NaN,NaN,NaN,NaN,NaN
1417655160,NaN,NaN,NaN,NaN,NaN,NaN,NaN
1417655220,NaN,NaN,NaN,NaN,NaN,NaN,NaN
1417655280,NaN,NaN,NaN,NaN,NaN,NaN,NaN
1417655340,NaN,NaN,NaN,NaN,NaN,NaN,NaN
1417655400,NaN,NaN,NaN,NaN,NaN,NaN,NaN
1417655460,NaN,NaN,NaN,NaN,NaN,NaN,NaN
1417655520,NaN,NaN,NaN,NaN,NaN,NaN,NaN
1417655580,NaN,NaN,NaN,NaN,NaN,NaN,NaN
1417655640,NaN,NaN,NaN,NaN,NaN,NaN,NaN
1417655700,NaN,NaN,NaN,NaN,NaN,NaN,NaN
1417655760,NaN,NaN,NaN,NaN,NaN,NaN,NaN
1417655820,NaN,NaN,NaN,NaN,NaN,NaN,NaN
1417655880,NaN,NaN,NaN,NaN,NaN,NaN,NaN
1417655940,NaN,NaN,NaN,NaN,NaN,NaN,NaN
1417656000,NaN,NaN,NaN,NaN,NaN,NaN,NaN
1417656060,NaN,NaN,NaN,NaN,NaN,NaN,NaN
1417656120,NaN,NaN,NaN,NaN,NaN,NaN,NaN
1417656180,NaN,NaN,NaN,NaN,NaN,NaN,NaN
1417656240,NaN,NaN,NaN,NaN,NaN,NaN,NaN
1417656300,NaN,NaN,NaN,NaN,NaN,NaN,NaN
1417656360,NaN,NaN,NaN,NaN,NaN,NaN,NaN
1417656420,NaN,NaN,NaN,NaN,NaN,NaN,NaN
1417656480,NaN,NaN,NaN,NaN,NaN,NaN,NaN
1417656540,NaN,NaN,NaN,NaN,NaN,NaN,NaN
1417656600,NaN,NaN,NaN,NaN,NaN,NaN,NaN
1417656660,NaN,NaN,NaN,NaN,NaN,NaN,NaN
1417656720,NaN,NaN,NaN,NaN,NaN,NaN,NaN
1417656780,NaN,NaN,NaN,NaN,NaN,NaN,NaN
1417656840,NaN,NaN,NaN,NaN,NaN,NaN,NaN
1417656900,NaN,NaN,NaN,NaN,NaN,NaN,NaN
1417656960,NaN,NaN,NaN,NaN,NaN,NaN,NaN
1417657020,NaN,NaN,NaN,NaN,NaN,NaN,NaN
1417657080,NaN,NaN,NaN,NaN,NaN,NaN,NaN
1417657140,NaN,NaN,NaN,NaN,NaN,NaN,NaN
1417657200,NaN,NaN,NaN,NaN,NaN,NaN,NaN
1417657260,NaN,NaN,NaN,NaN,NaN,NaN,NaN
1417657320,NaN,NaN,NaN,NaN,NaN,NaN,NaN
1417657380,NaN,NaN,NaN,NaN,NaN,NaN,NaN
1417657440,NaN,NaN,NaN,NaN,NaN,NaN,NaN
1417657500,NaN,NaN,NaN,NaN,NaN,NaN,NaN
1417657560,NaN,NaN,NaN,NaN,NaN,NaN,NaN
1417657620,NaN,NaN,NaN,NaN,NaN,NaN,NaN
1417657680,377.1,377.1,377.1,377.1,0.01,3.771,377.1
1417830060,378,378,378,378,0.015,5.67,378
1418077560,375.01,375.01,375,375,0.235,88.1251,375.00042553
1418179320,398,398,398,398,0.01,3.98,398
1418179380,360.5,360.5,360.5,360.5,0.01,3.605,360.5
1418355000,379,379,379,379,0.05,18.95,379
1418355060,NaN,NaN,NaN,NaN,NaN,NaN,NaN
1418355120,NaN,NaN,NaN,NaN,NaN,NaN,NaN
1418355180,364.99,364.99,364.99,364.99,0.01,3.6499,364.99
1418355240,NaN,NaN,NaN,NaN,NaN,NaN,NaN
1418355300,NaN,NaN,NaN,NaN,NaN,NaN,NaN
1418355360,NaN,NaN,NaN,NaN,NaN,NaN,NaN
1418355420,NaN,NaN,NaN,NaN,NaN,NaN,NaN
1418355480,NaN,NaN,NaN,NaN,NaN,NaN,NaN
1418355540,NaN,NaN,NaN,NaN,NaN,NaN,NaN
1418355600,NaN,NaN,NaN,NaN,NaN,NaN,NaN
1418355660,NaN,NaN,NaN,NaN,NaN,NaN,NaN
1418355720,NaN,NaN,NaN,NaN,NaN,NaN,NaN
1418355780,NaN,NaN,NaN,NaN,NaN,NaN,NaN
1418355840,360.5,360.5,360,360,1.09,392.895,360.45412844
1418355900,NaN,NaN,NaN,NaN,NaN,NaN,NaN
1418355960,350,350,350,350,2,700,350
1418936160,345,345,340,340,2,685,342.5
1420680240,360,360,360,360,0.01,3.6,360
1420680300,NaN,NaN,NaN,NaN,NaN,NaN,NaN
1420680360,NaN,NaN,NaN,NaN,NaN,NaN,NaN
1420680420,271.84,276.34,271.84,276.34,0.02,5.4818,274.09
1420680480,295.19,319.84,271.6,271.6,0.03,8.8663,295.54333333
1420680540,344.67,344.67,344.67,344.67,0.01,3.4467,344.67
1420680600,346.41,346.41,305.38,305.38,0.02,6.5179,325.895
1420680660,345.11,345.11,270.35,270.35,0.03,8.9014,296.71333333
1420680720,333.68,345.44,333.68,345.44,0.03,10.1409,338.03
1420680780,280.16,295.38,280.16,295.38,0.02,5.7554,287.77
1420680840,333.29,333.29,270.56,321.98,0.03,9.2583,308.61
1420680900,302.25,349.67,302.25,349.67,0.02,6.5192,325.96
1420680960,302.12,302.12,287.34,287.34,0.02,5.8946,294.73
1420681020,330.17,330.17,281.36,281.36,0.02,6.1153,305.765
1420681080,336.38,347.37,336.38,347.37,0.02,6.8375,341.875
1420681140,326.1,341.35,324.84,341.35,0.03,9.9229,330.76333333
1420681200,348.77,348.77,340.62,340.62,0.03,10.3406,344.68666667
1420681260,333.73,333.73,333.73,333.73,0.01,3.3373,333.73
1420681320,329.84,333.28,313.42,333.28,0.03,9.7654,325.51333333
1420681380,273.2,316.19,273.2,316.19,0.02,5.8939,294.695
1420681440,323.27,351.38,323.27,351.38,0.02,6.7465,337.325
1420681500,307.38,328.7,284.78,328.7,0.04,12.2679,306.6975
1420681560,314.65,337.9,279.37,337.9,0.03,9.3192,310.64
1420681620,328.24,328.24,318.31,327.61,0.03,9.7416,324.72
1420681680,307.25,317.98,307.25,317.98,0.02,6.2523,312.615
1420681740,359.39,359.39,301.99,301.99,0.02,6.6138,330.69
1420681800,303.53,333.28,290.18,333.28,0.03,9.2699,308.99666667
1420681860,278.49,329.03,278.49,329.03,0.02,6.0752,303.76
1420681920,333.45,333.45,318.88,318.88,0.02,6.5233,326.165
1420681980,328.39,328.39,326.47,326.47,0.02,6.5486,327.43
1420682040,272.63,331.94,272.63,331.94,0.02,6.0457,302.285
1420682100,297.55,312.07,297.55,312.07,0.03,9.1111,303.70333333
1420682160,332.37,332.37,285.69,285.69,0.02,6.1806,309.03
1420682220,299.34,317.96,299.34,317.96,0.02,6.173,308.65
1420682280,337.79,337.79,290.91,290.91,0.02,6.287,314.35
1420682340,343.03,343.03,283.25,283.25,0.03,9.6312,321.04
1420682400,334.27,336.87,334.27,336.87,0.02,6.7114,335.57
1420682460,293.04,334.52,293.04,293.59,0.04,12.4758,311.895
1420682520,279.55,279.55,279.55,279.55,0.01,2.7955,279.55
1420682580,344.94,344.94,324.92,324.92,0.02,6.6986,334.93
1420682640,344.53,344.53,333.68,333.68,0.02,6.7821,339.105
1420682700,298.82,301.6,278.48,301.6,0.03,8.789,292.96666667
1420682760,311.66,311.66,311.66,311.66,0.01,3.1166,311.66
1420682820,308.48,308.48,269.57,269.57,0.02,5.7805,289.025
1420682880,294.66,294.66,285.68,285.68,0.02,5.8034,290.17
1420682940,298.1,344.94,298.1,344.94,0.02,6.4304,321.52
1420683000,336.23,336.23,315.83,315.83,0.02,6.5206,326.03
1420683060,324.28,324.28,277.83,298.77,0.03,9.0088,300.29333333
1420683120,318.01,344.92,318.01,323.58,0.03,9.8651,328.83666667
1420683180,299.64,329.58,299.64,322.57,0.04,12.618,315.45
1420683240,317.91,333.11,289.69,333.11,0.04,12.6449,316.1225
1420683300,298.13,304.57,298.13,304.57,0.02,6.027,301.35
1420683360,270.93,306.6,270.93,279.95,0.05,14.3638,287.276
1420683420,275.19,317.43,275.19,317.43,0.02,5.9262,296.31
1420683480,339.22,339.22,290.39,290.39,0.02,6.2961,314.805
1420683540,335.29,335.29,280.41,304.59,0.03,9.2029,306.76333333
1420683600,316.99,316.99,300.51,300.51,0.02,6.175,308.75
1420683660,292.22,331.57,292.22,331.57,0.02,6.2379,311.895
1420683720,322.87,333.05,322.87,333.05,0.02,6.5592,327.96
1420683780,345.28,345.28,310.41,326.37,0.03,9.8206,327.35333333
1420683840,284.05,329.88,284.05,329.88,0.02,6.1393,306.965
1420683900,288.77,288.77,273.01,273.01,0.02,5.6178,280.89
1420683960,331.62,331.62,331.62,331.62,0.01,3.3162,331.62
1420684020,301.81,301.81,285.21,285.21,0.03,8.8726,295.75333333
1420684080,277.89,346.02,277.89,306.39,0.03,9.303,310.1
1420684140,282.13,282.13,282.13,282.13,0.01,2.8213,282.13
1420684200,346.71,346.71,283.53,283.53,0.03,9.4709,315.69666667
1420684260,285.62,333.07,285.62,333.07,0.03,9.0972,303.24
1420684320,314.24,322.66,304.91,304.91,0.03,9.4181,313.93666667
1420684380,309.11,325.87,273.7,325.87,0.03,9.0868,302.89333333
1420684440,331.67,331.67,324.71,324.71,0.02,6.5638,328.19
1420684500,323.19,323.19,323.19,323.19,0.01,3.2319,323.19
1420684560,341.49,341.49,269.06,269.06,0.02,6.1055,305.275
1420684620,321.54,321.54,273.29,315.09,0.03,9.0992,303.30666667
1420684680,280.25,284.57,279.08,279.08,0.03,8.439,281.3
1420684740,325.59,325.59,316.44,316.44,0.02,6.4203,321.015
1420684800,296.35,317.23,272.87,272.87,0.03,8.8645,295.48333333
1420684860,326.34,348.43,326.34,348.43,0.02,6.7477,337.385
1420684920,291.96,305.78,291.96,305.78,0.02,5.9774,298.87
1420684980,346.2,346.2,306.42,330.98,0.04,12.9223,323.0575
1420685040,320.94,320.94,301.01,301.01,0.02,6.2195,310.975
1420685100,328.21,328.21,294.47,294.47,0.02,6.2268,311.34
1420685160,297.48,311.56,275.67,275.67,0.03,8.8471,294.90333333
1420685220,273.7,344.06,273.7,323.76,0.04,12.4413,311.0325
1420685280,342.13,342.13,271.28,271.28,0.03,9.3566,311.88666667
1420685340,271.24,316.3,271.24,316.3,0.03,8.7937,293.12333333
1420685400,326.6,326.6,326.6,326.6,0.01,3.266,326.6
1420685460,296.44,326.9,292,292,0.03,9.1534,305.11333333
1420685520,297.31,297.31,297.31,297.31,0.01,2.9731,297.31
1420685580,284.81,303.81,284.81,303.81,0.03,8.8765,295.88333333
1420685640,340.58,344.76,328.24,344.76,0.03,10.1358,337.86
1420685700,320,320,281.57,306.93,0.04,12.2344,305.86
1420685760,326.94,326.94,300.51,300.51,0.02,6.2745,313.725
1420685820,285.74,285.74,285.74,285.74,0.01,2.8574,285.74
1420685880,298.45,298.45,273.55,273.55,0.02,5.72,286
1420685940,271.84,271.84,271.84,271.84,0.01,2.7184,271.84
1420686000,284.11,284.11,274.73,274.73,0.02,5.5884,279.42
1420686060,281.69,283.63,281.69,283.63,0.02,5.6532,282.66
1420686120,298.43,298.43,271.17,271.17,0.02,5.696,284.8
1420686180,298.52,298.52,271.04,271.04,0.02,5.6956,284.78
1420686240,300,320,268.26,297.19,0.14,42.408,302.91428571
1420686300,284.96,284.96,284.96,284.96,0.01,2.8496,284.96
1420686360,285.87,294.98,268.79,274.27,0.04,11.2391,280.9775
1420686420,310.91,310.91,303.01,303.01,0.02,6.1392,306.96
1420686480,305.52,305.52,298.18,298.18,0.02,6.037,301.85
1420686540,297.65,303.03,297.65,303.03,0.02,6.0068,300.34
1420686600,287.79,308.6,287.79,307.03,0.03,9.0342,301.14
1420686660,293.75,293.75,286.13,286.13,0.02,5.7988,289.94
1420686720,294.38,311.96,294.38,298.3,0.03,9.0464,301.54666667
1420686780,309.04,309.04,305.11,305.11,0.02,6.1415,307.075
1420686840,284.43,285.72,284.43,285.72,0.02,5.7015,285.075
1420686900,298.43,298.43,298.43,298.43,0.01,2.9843,298.43
1420686960,307.72,314.74,307.72,309.05,0.03,9.3151,310.50333333
1420687020,293.73,293.73,289.38,289.38,0.02,5.8311,291.555
1420687080,298.81,298.81,298.81,298.81,0.01,2.9881,298.81
1420687140,306.23,311.31,284.98,311.31,0.03,9.0252,300.84
1420687200,295.11,307.89,295.11,307.89,0.02,6.03,301.5
1420687260,305.77,305.77,301.08,301.08,0.02,6.0685,303.425
1420687320,285.31,298.72,285.31,298.72,0.02,5.8403,292.015
1420687380,305.62,305.62,289.17,289.17,0.02,5.9479,297.395
1420687440,310.48,310.48,296.36,296.36,0.02,6.0684,303.42
1420687500,286.57,286.57,286.57,286.57,0.01,2.8657,286.57
1420687560,286.15,286.56,286.15,286.56,0.02,5.7271,286.355
1420687620,311.61,311.61,298.43,306.33,0.03,9.1637,305.45666667
1420687680,311.82,311.82,290.65,290.65,0.02,6.0247,301.235
1420687740,312.73,312.73,289.65,289.65,0.02,6.0238,301.19
1420687800,313.17,313.17,287.19,298.6,0.05,14.9854,299.708
1420687860,311.54,311.54,288.19,288.19,0.03,8.9739,299.13
1420687920,310.86,310.86,308.7,308.7,0.02,6.1956,309.78
1420687980,299.67,299.67,287.75,287.75,0.02,5.8742,293.71
1420688040,309.83,312.18,309.83,312.18,0.02,6.2201,311.005
1420688100,284.61,304.44,284.61,304.44,0.02,5.8905,294.525
1420688160,292.73,292.73,289.28,289.28,0.02,5.8201,291.005
1420688220,286.48,309.03,286.48,309.03,0.02,5.9551,297.755
1420688280,291.27,308.98,291.27,308.98,0.03,8.9215,297.38333333
1420688340,283.92,283.92,283.92,283.92,0.01,2.8392,283.92
1420688400,294.03,294.2,294.03,294.2,0.02,5.8823,294.115
1420688460,286.83,286.83,286.81,286.81,0.02,5.7364,286.82
1420688520,300.19,300.19,300.19,300.19,0.01,3.0019,300.19
1420688580,308.06,309.63,286.62,309.63,0.04,12.0184,300.46
1420688640,307.63,307.63,300.09,300.09,0.02,6.0772,303.86
1420688700,289.65,289.65,286.36,286.36,0.02,5.7601,288.005
1420688760,290.78,293.67,290.78,293.67,0.02,5.8445,292.225
1420688820,314.32,314.32,285.78,285.78,0.02,6.001,300.05
1420688880,283.89,305.8,283.89,305.8,0.02,5.8969,294.845
1420688940,295.43,305.49,295.43,305.49,0.02,6.0092,300.46
1420689000,283.99,310.81,283.99,310.81,0.03,9.0169,300.56333333
1420689060,284.86,284.86,284.86,284.86,0.01,2.8486,284.86
1420689120,289.28,290.7,289.28,290.7,0.02,5.7998,289.99
1420689180,311.26,311.26,305.25,305.25,0.02,6.1651,308.255
1420689240,312.82,312.82,296.74,296.74,0.03,9.1288,304.29333333
1420689300,295.91,303.46,295.91,303.46,0.02,5.9937,299.685
1420689360,301.6,301.6,295.76,295.76,0.02,5.9736,298.68
1420689420,289.48,293.58,289.48,293.58,0.04,11.6304,290.76
1420689480,311.26,311.26,300.18,311.19,0.03,9.2263,307.54333333
1420689540,285.63,294.01,285.63,285.88,0.04,11.5327,288.3175
1420689600,288.06,309.58,284.42,284.42,0.03,8.8206,294.02
1420689660,293.19,293.19,293.19,293.19,0.01,2.9319,293.19
1420689720,304.46,304.46,304.46,304.46,0.01,3.0446,304.46
1420689780,290.14,314.85,290.14,314.85,0.02,6.0499,302.495
1420689840,307.94,309.05,307.94,309.05,0.02,6.1699,308.495
1420689900,309.89,309.89,307.54,307.54,0.03,9.2511,308.37
1420689960,294.86,294.86,294.86,294.86,0.01,2.9486,294.86
1420690020,283.53,305.61,283.53,305.61,0.02,5.8914,294.57
1420690080,290.81,299.04,290.81,299.04,0.02,5.8985,294.925
1420690140,283.7,285.32,283.7,285.32,0.02,5.6902,284.51
1420690200,290.16,290.16,288.55,288.55,0.02,5.7871,289.355
1420690260,291.29,291.29,284.25,284.25,0.02,5.7554,287.77
1420690320,294.17,294.17,272.78,272.78,0.02,5.6695,283.475
1420690380,264.81,288.69,264.81,288.69,0.03,8.2421,274.73666667
1420690440,289.22,299.31,289.22,299.31,0.02,5.8853,294.265
1420690500,291.48,291.48,291.48,291.48,0.01,2.9148,291.48
1420690560,283.06,293.97,283.06,293.97,0.02,5.7703,288.515
1420690620,290.78,294,290.78,294,0.02,5.8478,292.39
1420690680,296.74,299.43,296.74,299.43,0.02,5.9617,298.085
1420690740,290.43,290.43,282.64,282.64,0.02,5.7307,286.535
1420690800,287.92,290.52,287.92,290.52,0.02,5.7844,289.22
1420690860,286.34,296.61,286.34,296.61,0.03,8.7249,290.83
1420690920,296.13,296.13,288.99,288.99,0.02,5.8512,292.56
1420690980,283.52,297.8,283.52,297.8,0.02,5.8132,290.66
1420691040,299.07,299.07,291.08,291.08,0.02,5.9015,295.075
1420691100,288.2,288.2,287.52,287.52,0.02,5.7572,287.86
1420691160,297.2,297.2,291.45,291.45,0.03,8.8219,294.06333333
1420691220,299.91,299.91,295.14,297.32,0.03,8.9237,297.45666667
1420691280,289.2,299.73,289.2,299.73,0.02,5.8893,294.465
1420691340,295.06,295.06,283.24,283.24,0.03,8.7082,290.27333333
1420691400,295.45,296.75,292.88,292.88,0.03,8.8508,295.02666667
1420691460,287.46,298.72,287.46,298.72,0.02,5.8618,293.09
1420691520,284.15,293.39,284.15,293.39,0.02,5.7754,288.77
1420691580,287.67,287.67,283.67,283.67,0.03,8.5888,286.29333333
1420691640,291.82,297.28,291.82,297.28,0.02,5.891,294.55
1420691700,299.38,299.38,299.38,299.38,0.01,2.9938,299.38
1420691760,288.41,288.41,283.17,283.17,0.02,5.7158,285.79
1420691820,293.54,293.63,285.93,285.93,0.03,8.731,291.03333333
1420691880,292.7,292.7,282.47,282.47,0.02,5.7517,287.585
1420691940,298.62,298.62,295.99,295.99,0.02,5.9461,297.305
1420692000,299.38,299.38,290.61,290.61,0.03,8.85,295
1420692060,298,299.16,291.66,291.66,0.03,8.8882,296.27333333
1420692120,288.32,288.32,288.32,288.32,0.01,2.8832,288.32
1420692180,291.04,297.68,291.04,297.68,0.02,5.8872,294.36
1420692240,290.08,298.49,290.08,298.49,0.02,5.8857,294.285
1420692300,288.31,299.39,288.31,299.39,0.02,5.877,293.85
1420692360,294.02,299.61,294.02,299.61,0.03,8.888,296.26666667
1420692420,293.41,293.41,288.65,289.43,0.03,8.7149,290.49666667
1420692480,293.08,295.59,284.27,295.59,0.03,8.7294,290.98
1420692540,296.08,296.08,296.08,296.08,0.01,2.9608,296.08
1420692600,272.66,309.36,272.66,309.36,0.02,5.8202,291.01
1420692660,281.56,281.56,269,269,0.02,5.5056,275.28
1420692720,305.22,305.22,305.22,305.22,0.01,3.0522,305.22
1420692780,276.66,300.74,276.66,300.74,0.03,8.746,291.53333333
1420692840,267.96,288.63,267.96,288.63,0.02,5.5659,278.295
1420692900,294.87,294.87,294.87,294.87,0.01,2.9487,294.87
1420692960,272.74,314.53,265.68,265.68,0.04,11.5884,289.71
1420693020,278.4,278.4,278.4,278.4,0.01,2.784,278.4
1420693080,272.2,298.14,272.2,298.14,0.02,5.7034,285.17
1420693140,307.57,307.57,307.57,307.57,0.01,3.0757,307.57
1420693200,314.96,314.96,268.98,279.4,0.03,8.6334,287.78
1420693260,314.04,314.04,277.22,278.06,0.03,8.6932,289.77333333
1420693320,276.12,292.81,276.12,292.81,0.02,5.6893,284.465
1420693380,309.19,309.19,282.87,282.87,0.02,5.9206,296.03
1420693440,284.43,294.51,284.43,294.51,0.02,5.7894,289.47
1420693500,285.15,300.91,272.97,272.97,0.03,8.5903,286.34333333
1420693560,284.39,311.8,284.39,311.8,0.02,5.9619,298.095
1420693620,267.34,267.34,267.34,267.34,0.01,2.6734,267.34
1420693680,290.95,314.09,274.9,314.09,0.03,8.7994,293.31333333
1420693740,291.48,305.75,291.48,305.75,0.02,5.9723,298.615
1420693800,285.33,295.15,285.33,295.15,0.02,5.8048,290.24
1420693860,278.28,278.28,268.93,268.93,0.03,8.2149,273.83
1420693920,312.13,312.13,312.13,312.13,0.01,3.1213,312.13
1420693980,270,307.15,270,307.15,0.02,5.7715,288.575
1420694040,293.71,293.71,285.97,285.97,0.02,5.7968,289.84
1420694100,272.89,312.25,265.64,312.25,0.04,11.4758,286.895
1420694160,290.04,290.04,267.69,267.69,0.03,8.2923,276.41
1420694220,311.39,311.39,268.92,268.92,0.02,5.8031,290.155
1420694280,286.8,286.8,286.8,286.8,0.01,2.868,286.8
1420694340,270.62,272.66,270.62,270.7,0.03,8.1398,271.32666667
1420694400,299.49,299.49,272.54,272.54,0.03,8.5322,284.40666667
1420694460,313.21,313.21,270.72,290.87,0.04,11.6794,291.985
1420694520,295.48,304.49,270.34,304.49,0.03,8.7031,290.10333333
1420694580,277.54,277.54,277.54,277.54,0.01,2.7754,277.54
1420694640,276.96,276.96,265.58,265.58,0.02,5.4254,271.27
1420694700,289.87,290.33,279.78,290.33,0.03,8.5998,286.66
1420694760,280.38,280.38,280.38,280.38,0.01,2.8038,280.38
1420694820,273.99,287.43,273.99,287.43,0.02,5.6142,280.71
1420694880,279.5,295.54,269.1,295.54,0.03,8.4414,281.38
1420694940,303.67,308.13,303.67,308.13,0.02,6.118,305.9
1420695000,290.1,290.1,273.24,273.24,0.02,5.6334,281.67
1420695060,279.42,311.19,266.82,311.19,0.03,8.5743,285.81
1420695120,290.2,294.68,290.2,294.68,0.02,5.8488,292.44
1420695180,301.4,306.51,275.13,275.13,0.03,8.8304,294.34666667
1420695240,288.47,307.84,288.47,307.84,0.02,5.9631,298.155
1420695300,286.82,306.42,265.51,265.51,0.03,8.5875,286.25
1420695360,298.15,312.09,269.62,269.62,0.03,8.7986,293.28666667
1420695420,309.79,309.79,309.79,309.79,0.01,3.0979,309.79
1420695480,266.43,301.62,266.43,271.74,0.03,8.3979,279.93
1420695540,290.29,290.29,290.29,290.29,0.01,2.9029,290.29
1420695600,286.6,286.6,271.26,271.26,0.02,5.5786,278.93
1420695660,305.95,305.95,288.11,288.11,0.04,11.9231,298.0775
1420695720,292.5,292.5,283.98,283.98,0.02,5.7648,288.24
1420695780,297.92,297.92,281.51,281.51,0.02,5.7943,289.715
1420695840,296.6,296.6,267.3,292.52,0.03,8.5642,285.47333333
1420695900,285.76,290.14,285.76,290.14,0.02,5.759,287.95
1420695960,290.71,290.71,282.85,282.85,0.02,5.7356,286.78
1420696020,277.27,297.13,272.02,272.02,0.03,8.4642,282.14
1420696080,294.07,308.74,294.07,308.74,0.02,6.0281,301.405
1420696140,267.17,292.64,267.17,292.64,0.03,8.2759,275.86333333
1420696200,294.47,294.47,288.99,288.99,0.02,5.8346,291.73
1420696260,314.62,314.62,278.77,278.77,0.02,5.9339,296.695
1420696320,314.25,314.25,284.34,307.38,0.03,9.0597,301.99
1420696380,265.91,292.21,265.91,292.21,0.03,8.4216,280.72
1420696440,289.58,289.58,274.47,274.47,0.02,5.6405,282.025
1420696500,302.75,302.75,278.24,278.24,0.03,8.6144,287.14666667
1420696560,267.49,295.12,267.49,272.67,0.03,8.3528,278.42666667
1420696620,297.64,297.64,278.84,278.84,0.02,5.7648,288.24
1420696680,304.19,308.05,277.71,308.05,0.03,8.8995,296.65
1420696740,274.32,285.17,274.32,275.44,0.03,8.3493,278.31
1420696800,297.08,297.08,284.23,284.23,0.02,5.8131,290.655
1420696860,271.04,271.04,268.82,268.82,0.02,5.3986,269.93
1420696920,285.45,285.45,271.39,271.39,0.02,5.5684,278.42
1420696980,287.38,308.16,287.38,308.16,0.02,5.9554,297.77
1420697040,302.03,302.03,265.76,265.76,0.02,5.6779,283.895
1420697100,273.58,281.29,271.36,281.29,0.04,11.0424,276.06
1420697160,294.31,294.31,277.74,277.74,0.02,5.7205,286.025
1420697220,287.82,307.7,287.82,307.7,0.04,11.9341,298.3525
1420697280,310.19,313.47,310.19,313.47,0.02,6.2366,311.83
1420697340,306.73,309.15,281.91,281.91,0.03,8.9779,299.26333333
1420697400,302.43,302.43,302.26,302.26,0.02,6.0469,302.345
1420697460,286.09,286.09,286.08,286.08,0.02,5.7217,286.085
1420697520,288.84,301.06,288.84,301.06,0.02,5.899,294.95
1420697580,310.79,310.79,290.48,290.48,0.02,6.0127,300.635
1420697640,299.86,299.86,295.62,295.62,0.02,5.9548,297.74
1420697700,266.5,297.49,266.5,297.49,0.03,8.4621,282.07
1420697760,285.75,285.75,265.5,265.5,0.02,5.5125,275.625
1420697820,289.43,307.33,268.54,307.33,0.04,11.7066,292.665
1420697880,265.52,305.34,265.52,305.34,0.02,5.7086,285.43
1420697940,287.65,287.65,265.68,265.68,0.02,5.5333,276.665
1420698000,290.19,298.84,290.19,298.84,0.02,5.8903,294.515
1420698060,280.59,306.48,267.41,267.41,0.03,8.5448,284.82666667
1420698120,297.37,298.37,297.37,298.37,0.02,5.9574,297.87
1420698180,301.89,308.62,281,285.86,0.04,11.7737,294.3425
1420698240,303.25,303.25,294.66,294.66,0.02,5.9791,298.955
1420698300,306.98,306.98,306.98,306.98,0.01,3.0698,306.98
1420698360,296.07,296.07,268.56,268.56,0.02,5.6463,282.315
1420698420,295.14,295.14,268.58,268.58,0.02,5.6372,281.86
1420698480,290.55,290.55,286.94,286.94,0.02,5.7749,288.745
1420698540,266.88,288.08,266.88,270.13,0.03,8.2509,275.03
1420698600,300.37,300.37,276.25,276.25,0.02,5.7662,288.31
1420698660,273.59,290.35,273.59,290.35,0.02,5.6394,281.97
1420698720,300.34,300.34,300.34,300.34,0.01,3.0034,300.34
1420698780,311.59,311.59,307.57,307.57,0.02,6.1916,309.58
1420698840,281.17,300.81,281.17,300.81,0.02,5.8198,290.99
1420698900,314.26,314.26,300.4,300.4,0.02,6.1466,307.33
1420698960,293.7,293.7,293.7,293.7,0.01,2.937,293.7
1420699020,299.78,308.65,282.41,282.41,0.03,8.9084,296.94666667
1420699080,306.19,306.19,289.03,289.03,0.02,5.9522,297.61
1420699140,296.91,310.68,296.91,310.68,0.02,6.0759,303.795
1420699200,308.01,308.01,285.99,285.99,0.03,8.9666,298.88666667
1420699260,293.36,302.49,293.36,302.49,0.03,8.9789,299.29666667
1420699320,274.08,274.08,274.08,274.08,0.01,2.7408,274.08
1420699380,302.47,302.47,267.37,267.37,0.02,5.6984,284.92
1420699440,308.04,308.04,271.03,279.48,0.03,8.5855,286.18333333
1420699500,277.5,293.82,277.5,293.82,0.03,8.6152,287.17333333
1420699560,293.9,310.31,293.9,310.31,0.02,6.0421,302.105
1420699620,309.66,309.66,294.31,294.31,0.02,6.0397,301.985
1420699680,282.7,307.25,275.82,299.98,0.04,11.6575,291.4375
1420699740,312.93,312.93,266.4,266.4,0.03,8.6485,288.28333333
1420699800,307.48,307.48,277.17,277.17,0.02,5.8465,292.325
1420699860,278.17,278.17,278.17,278.17,0.01,2.7817,278.17
1420699920,304.28,304.28,274.66,274.66,0.03,8.6879,289.59666667
1420699980,305.93,305.93,294.49,294.49,0.02,6.0042,300.21
1420700040,295,295,267.01,267.01,0.02,5.6201,281.005
1420700100,307.53,307.53,291.03,291.03,0.02,5.9856,299.28
1420700160,265.99,308.54,265.99,308.54,0.02,5.7453,287.265
1420700220,286.28,308.86,286.28,308.86,0.03,8.9173,297.24333333
1420700280,278.98,278.98,267.75,267.75,0.03,8.1621,272.07
1420700340,292.48,314.91,292.48,314.91,0.03,9.1926,306.42
1420700400,289.39,312.99,289.39,312.99,0.03,9.0887,302.95666667
1420700460,300.58,300.58,275.49,275.49,0.02,5.7607,288.035
1420700520,310.21,310.21,310.21,310.21,0.01,3.1021,310.21
1420700580,277.06,311.51,277.06,293.18,0.03,8.8175,293.91666667
1420700640,270.18,284.93,270.18,284.93,0.02,5.5511,277.555
1420700700,267.18,276.03,267.18,276.03,0.02,5.4321,271.605
1420700760,280.17,280.17,280.17,280.17,0.01,2.8017,280.17
1420700820,292.52,292.52,280.12,280.12,0.03,8.6293,287.64333333
1420700880,296.29,296.29,281.97,281.97,0.02,5.7826,289.13
1420700940,293.64,298.24,293.64,298.24,0.02,5.9188,295.94
1420701000,283.69,303.97,265.68,265.68,0.04,11.5285,288.2125
1420701060,305.97,305.97,269.4,269.4,0.03,8.6911,289.70333333
1420701120,297.55,306.77,296.9,296.9,0.03,9.0122,300.40666667
1420701180,266.83,303.8,266.83,303.8,0.02,5.7063,285.315
1420701240,296.69,296.69,284.85,284.85,0.02,5.8154,290.77
1420701300,290.01,290.01,284.5,284.5,0.02,5.7451,287.255
1420701360,269.37,282.36,269.37,282.36,0.02,5.5173,275.865
1420701420,280.6,300.95,280.6,300.95,0.02,5.8155,290.775
1420701480,284.35,309.14,284.35,309.14,0.02,5.9349,296.745
1420701540,277.41,277.41,277.41,277.41,0.01,2.7741,277.41
1420701600,292.6,311.26,291.53,291.53,0.03,8.9539,298.46333333
1420701660,267.33,292.38,267.33,269.47,0.03,8.2918,276.39333333
1420701720,301.28,313.03,299.69,299.69,0.03,9.14,304.66666667
1420701780,270.87,299.93,270.87,273.23,0.03,8.4403,281.34333333
1420701840,310.91,310.91,290.53,290.53,0.02,6.0144,300.72
1420701900,293.75,295.7,293.75,295.7,0.02,5.8945,294.725
1420701960,301.51,310.91,285.62,310.91,0.03,8.9804,299.34666667
1420702020,290.63,290.63,288.79,288.79,0.02,5.7942,289.71
1420702080,297.44,297.44,297.44,297.44,0.01,2.9744,297.44
1420702140,309.08,314.11,309.08,314.11,0.02,6.2319,311.595
1420702200,281.47,281.47,267.49,267.49,0.03,8.173,272.43333333
1420702260,294.94,294.94,265.81,289.01,0.03,8.4976,283.25333333
1420702320,292.89,292.89,267.6,267.6,0.02,5.6049,280.245
1420702380,275.07,275.07,266.44,266.44,0.02,5.4151,270.755
1420702440,270.64,270.64,270.64,270.64,0.01,2.7064,270.64
1420702500,272.43,299.41,272.43,297.61,0.03,8.6945,289.81666667
1420702560,297.75,297.75,271.58,286.78,0.04,11.5136,287.84
1420702620,281.58,281.58,273.55,273.55,0.02,5.5513,277.565
1420702680,298.04,298.04,272.24,272.63,0.03,8.4291,280.97
1420702740,271.45,284.8,266.94,284.8,0.04,10.9083,272.7075
1420702800,283.46,313.86,283.46,313.86,0.02,5.9732,298.66
1420702860,307.4,307.4,272.96,304.06,0.03,8.8442,294.80666667
1420702920,297,297,297,297,0.01,2.97,297
1420702980,281.43,293.02,281.43,293.02,0.02,5.7445,287.225
1420703040,296.7,301.5,296.7,301.5,0.02,5.982,299.1
1420703100,276.81,276.81,271.26,271.26,0.02,5.4807,274.035
1420703160,269.81,309.99,269.81,309.99,0.04,11.4891,287.2275
1420703220,282.24,288.98,282.24,288.98,0.02,5.7122,285.61
1420703280,304.03,304.03,276.71,276.71,0.02,5.8074,290.37
1420703340,272.38,287.41,272.38,287.41,0.02,5.5979,279.895
1420703400,268.24,293.8,268.24,293.8,0.02,5.6204,281.02
1420703460,314.03,314.03,287.19,287.19,0.02,6.0122,300.61
1420703520,279.68,294.82,268.71,268.71,0.03,8.4321,281.07
1420703580,280.09,281.3,279.52,279.52,0.03,8.4091,280.30333333
1420703640,285.57,285.57,272.77,273.04,0.03,8.3138,277.12666667
1420703700,266.65,304.71,266.65,304.71,0.02,5.7136,285.68
1420703760,265.54,296.35,265.54,296.35,0.02,5.6189,280.945
1420703820,298.71,311.66,298.71,311.66,0.02,6.1037,305.185
1420703880,282.73,294.54,282.73,294.54,0.02,5.7727,288.635
1420703940,266.57,266.57,266.57,266.57,0.01,2.6657,266.57
1420704000,271.13,295.5,271.13,295.5,0.02,5.6663,283.315
1420704060,285.1,285.1,282.53,283.17,0.03,8.508,283.6
1420704120,270.24,270.44,270.24,270.44,0.02,5.4068,270.34
1420704180,284.08,287.12,284.08,287.12,0.02,5.712,285.6
1420704240,271.43,296.98,271.43,289.58,0.03,8.5799,285.99666667
1420704300,269.45,269.45,269.45,269.45,0.01,2.6945,269.45
1420704360,285.78,285.78,271.48,284.9,0.03,8.4216,280.72
1420704420,302.54,311.18,283.87,311.18,0.04,11.8588,296.47
1420704480,308.6,311.25,308.6,311.25,0.02,6.1985,309.925
1420704540,284.37,311.36,272.09,272.09,0.03,8.6782,289.27333333
1420704600,310.91,310.91,297.47,297.47,0.02,6.0838,304.19
1420704660,278.74,292.46,278.74,292.46,0.02,5.712,285.6
1420704720,296.49,296.49,274.87,274.87,0.04,11.3855,284.6375
1420704780,288.76,288.76,288.76,288.76,0.01,2.8876,288.76
1420704840,309.71,309.71,272,272,0.02,5.8171,290.855
1420704900,310.81,314.6,299.12,314.6,0.03,9.2453,308.17666667
1420704960,272.26,303.81,272.26,303.81,0.02,5.7607,288.035
1420705020,284.85,284.85,270.18,282.02,0.03,8.3705,279.01666667
1420705080,279.92,303.18,279.92,303.18,0.02,5.831,291.55
1420705140,285.89,285.89,285.89,285.89,0.01,2.8589,285.89
1420705200,285.64,295.82,285.64,292.88,0.03,8.7434,291.44666667
1420705260,298.62,298.75,287.87,287.87,0.03,8.8524,295.08
1420705320,282.15,282.15,282.15,282.15,0.01,2.8215,282.15
1420705380,278.27,313.89,278.27,281.14,0.03,8.733,291.1
1420705440,303.21,303.21,301.85,301.85,0.02,6.0506,302.53
1420705500,275.95,275.95,275.95,275.95,0.01,2.7595,275.95
1420705560,271.65,278.32,271.65,278.32,0.02,5.4997,274.985
1420705620,273.51,283.39,273.51,283.39,0.03,8.3478,278.26
1420705680,281.24,281.24,281.24,281.24,0.01,2.8124,281.24
1420705740,310.48,310.48,268.93,268.93,0.03,8.6434,288.11333333
1420705800,284.47,287.64,284.47,287.64,0.02,5.7211,286.055
1420705860,290.95,290.95,270.83,270.83,0.02,5.6178,280.89
1420705920,268.55,268.55,267.6,267.6,0.02,5.3615,268.075
1420705980,312.43,312.43,297.54,297.54,0.03,9.0825,302.75
1420706040,289.25,289.25,289.25,289.25,0.01,2.8925,289.25
1420706100,NaN,NaN,NaN,NaN,NaN,NaN,NaN
1420706160,NaN,NaN,NaN,NaN,NaN,NaN,NaN
1420706220,NaN,NaN,NaN,NaN,NaN,NaN,NaN
1420706280,NaN,NaN,NaN,NaN,NaN,NaN,NaN
1420706340,NaN,NaN,NaN,NaN,NaN,NaN,NaN
1420706400,NaN,NaN,NaN,NaN,NaN,NaN,NaN
1420706460,NaN,NaN,NaN,NaN,NaN,NaN,NaN
1420706520,NaN,NaN,NaN,NaN,NaN,NaN,NaN
1420706580,NaN,NaN,NaN,NaN,NaN,NaN,NaN
1420706640,NaN,NaN,NaN,NaN,NaN,NaN,NaN
1420706700,NaN,NaN,NaN,NaN,NaN,NaN,NaN
1420706760,NaN,NaN,NaN,NaN,NaN,NaN,NaN
1420706820,NaN,NaN,NaN,NaN,NaN,NaN,NaN
1420706880,NaN,NaN,NaN,NaN,NaN,NaN,NaN
1420706940,NaN,NaN,NaN,NaN,NaN,NaN,NaN
1420707000,NaN,NaN,NaN,NaN,NaN,NaN,NaN
1420707060,NaN,NaN,NaN,NaN,NaN,NaN,NaN
1420707120,NaN,NaN,NaN,NaN,NaN,NaN,NaN
1420707180,NaN,NaN,NaN,NaN,NaN,NaN,NaN
1420707240,NaN,NaN,NaN,NaN,NaN,NaN,NaN
1420707300,NaN,NaN,NaN,NaN,NaN,NaN,NaN
1420707360,NaN,NaN,NaN,NaN,NaN,NaN,NaN
1420707420,NaN,NaN,NaN,NaN,NaN,NaN,NaN
1420707480,NaN,NaN,NaN,NaN,NaN,NaN,NaN
1420707540,NaN,NaN,NaN,NaN,NaN,NaN,NaN
1420707600,NaN,NaN,NaN,NaN,NaN,NaN,NaN
1420707660,NaN,NaN,NaN,NaN,NaN,NaN,NaN
1420707720,NaN,NaN,NaN,NaN,NaN,NaN,NaN
1420707780,NaN,NaN,NaN,NaN,NaN,NaN,NaN
1420707840,NaN,NaN,NaN,NaN,NaN,NaN,NaN
1420707900,NaN,NaN,NaN,NaN,NaN,NaN,NaN
1420707960,NaN,NaN,NaN,NaN,NaN,NaN,NaN
1420708020,NaN,NaN,NaN,NaN,NaN,NaN,NaN
1420708080,NaN,NaN,NaN,NaN,NaN,NaN,NaN
1420708140,NaN,NaN,NaN,NaN,NaN,NaN,NaN
1420708200,NaN,NaN,NaN,NaN,NaN,NaN,NaN
1420708260,NaN,NaN,NaN,NaN,NaN,NaN,NaN
1420708320,NaN,NaN,NaN,NaN,NaN,NaN,NaN
1420708380,NaN,NaN,NaN,NaN,NaN,NaN,NaN
1420708440,NaN,NaN,NaN,NaN,NaN,NaN,NaN
1420708500,NaN,NaN,NaN,NaN,NaN,NaN,NaN
1420708560,NaN,NaN,NaN,NaN,NaN,NaN,NaN
1420708620,NaN,NaN,NaN,NaN,NaN,NaN,NaN
1420708680,NaN,NaN,NaN,NaN,NaN,NaN,NaN
1420708740,NaN,NaN,NaN,NaN,NaN,NaN,NaN
1420708800,NaN,NaN,NaN,NaN,NaN,NaN,NaN
1420708860,NaN,NaN,NaN,NaN,NaN,NaN,NaN
1420708920,NaN,NaN,NaN,NaN,NaN,NaN,NaN
1420708980,NaN,NaN,NaN,NaN,NaN,NaN,NaN
1420709040,NaN,NaN,NaN,NaN,NaN,NaN,NaN
1420709100,NaN,NaN,NaN,NaN,NaN,NaN,NaN
1420709160,NaN,NaN,NaN,NaN,NaN,NaN,NaN
1420709220,NaN,NaN,NaN,NaN,NaN,NaN,NaN
1420709280,NaN,NaN,NaN,NaN,NaN,NaN,NaN
1420709340,NaN,NaN,NaN,NaN,NaN,NaN,NaN
1420709400,NaN,NaN,NaN,NaN,NaN,NaN,NaN
1420709460,NaN,NaN,NaN,NaN,NaN,NaN,NaN
1420709520,NaN,NaN,NaN,NaN,NaN,NaN,NaN
1420709580,NaN,NaN,NaN,NaN,NaN,NaN,NaN
1420709640,NaN,NaN,NaN,NaN,NaN,NaN,NaN
1420709700,NaN,NaN,NaN,NaN,NaN,NaN,NaN
1420709760,NaN,NaN,NaN,NaN,NaN,NaN,NaN
1420709820,NaN,NaN,NaN,NaN,NaN,NaN,NaN
1420709880,NaN,NaN,NaN,NaN,NaN,NaN,NaN
1420709940,NaN,NaN,NaN,NaN,NaN,NaN,NaN
1420710000,NaN,NaN,NaN,NaN,NaN,NaN,NaN
1420710060,NaN,NaN,NaN,NaN,NaN,NaN,NaN
1420710120,NaN,NaN,NaN,NaN,NaN,NaN,NaN
1420710180,NaN,NaN,NaN,NaN,NaN,NaN,NaN
1420710240,NaN,NaN,NaN,NaN,NaN,NaN,NaN
1420710300,NaN,NaN,NaN,NaN,NaN,NaN,NaN
1420710360,NaN,NaN,NaN,NaN,NaN,NaN,NaN
1420710420,NaN,NaN,NaN,NaN,NaN,NaN,NaN
1420710480,NaN,NaN,NaN,NaN,NaN,NaN,NaN
1420710540,NaN,NaN,NaN,NaN,NaN,NaN,NaN
1420710600,NaN,NaN,NaN,NaN,NaN,NaN,NaN
1420710660,NaN,NaN,NaN,NaN,NaN,NaN,NaN
1420710720,NaN,NaN,NaN,NaN,NaN,NaN,NaN
1420710780,NaN,NaN,NaN,NaN,NaN,NaN,NaN
1420710840,NaN,NaN,NaN,NaN,NaN,NaN,NaN
1420710900,NaN,NaN,NaN,NaN,NaN,NaN,NaN
1420710960,NaN,NaN,NaN,NaN,NaN,NaN,NaN
1420711020,NaN,NaN,NaN,NaN,NaN,NaN,NaN
1420711080,NaN,NaN,NaN,NaN,NaN,NaN,NaN
1420711140,NaN,NaN,NaN,NaN,NaN,NaN,NaN
1420711200,NaN,NaN,NaN,NaN,NaN,NaN,NaN
1420711260,NaN,NaN,NaN,NaN,NaN,NaN,NaN
1420711320,NaN,NaN,NaN,NaN,NaN,NaN,NaN
1420711380,NaN,NaN,NaN,NaN,NaN,NaN,NaN
1420711440,NaN,NaN,NaN,NaN,NaN,NaN,NaN
1420711500,NaN,NaN,NaN,NaN,NaN,NaN,NaN
1420711560,NaN,NaN,NaN,NaN,NaN,NaN,NaN
1420711620,NaN,NaN,NaN,NaN,NaN,NaN,NaN
1420711680,NaN,NaN,NaN,NaN,NaN,NaN,NaN
1420711740,NaN,NaN,NaN,NaN,NaN,NaN,NaN
1420711800,NaN,NaN,NaN,NaN,NaN,NaN,NaN
1420711860,NaN,NaN,NaN,NaN,NaN,NaN,NaN
1420711920,NaN,NaN,NaN,NaN,NaN,NaN,NaN
1420711980,NaN,NaN,NaN,NaN,NaN,NaN,NaN
1420712040,NaN,NaN,NaN,NaN,NaN,NaN,NaN
1420712100,NaN,NaN,NaN,NaN,NaN,NaN,NaN
1420712160,NaN,NaN,NaN,NaN,NaN,NaN,NaN
1420712220,NaN,NaN,NaN,NaN,NaN,NaN,NaN
1420712280,NaN,NaN,NaN,NaN,NaN,NaN,NaN
1420712340,NaN,NaN,NaN,NaN,NaN,NaN,NaN
1420712400,NaN,NaN,NaN,NaN,NaN,NaN,NaN
1420712460,NaN,NaN,NaN,NaN,NaN,NaN,NaN
1420712520,NaN,NaN,NaN,NaN,NaN,NaN,NaN
1420712580,NaN,NaN,NaN,NaN,NaN,NaN,NaN
1420712640,NaN,NaN,NaN,NaN,NaN,NaN,NaN
1420712700,NaN,NaN,NaN,NaN,NaN,NaN,NaN
1420712760,NaN,NaN,NaN,NaN,NaN,NaN,NaN
1420712820,NaN,NaN,NaN,NaN,NaN,NaN,NaN
1420712880,NaN,NaN,NaN,NaN,NaN,NaN,NaN
1420712940,NaN,NaN,NaN,NaN,NaN,NaN,NaN
1420713000,NaN,NaN,NaN,NaN,NaN,NaN,NaN
1420713060,NaN,NaN,NaN,NaN,NaN,NaN,NaN
1420713120,NaN,NaN,NaN,NaN,NaN,NaN,NaN
1420713180,NaN,NaN,NaN,NaN,NaN,NaN,NaN
1420713240,NaN,NaN,NaN,NaN,NaN,NaN,NaN
1420713300,NaN,NaN,NaN,NaN,NaN,NaN,NaN
1420713360,NaN,NaN,NaN,NaN,NaN,NaN,NaN
1420713420,NaN,NaN,NaN,NaN,NaN,NaN,NaN
1420713480,NaN,NaN,NaN,NaN,NaN,NaN,NaN
1420713540,NaN,NaN,NaN,NaN,NaN,NaN,NaN
1420713600,NaN,NaN,NaN,NaN,NaN,NaN,NaN
1420713660,NaN,NaN,NaN,NaN,NaN,NaN,NaN
1420713720,NaN,NaN,NaN,NaN,NaN,NaN,NaN
1420713780,NaN,NaN,NaN,NaN,NaN,NaN,NaN
1420713840,NaN,NaN,NaN,NaN,NaN,NaN,NaN
1420713900,NaN,NaN,NaN,NaN,NaN,NaN,NaN
1420713960,NaN,NaN,NaN,NaN,NaN,NaN,NaN
1420714020,NaN,NaN,NaN,NaN,NaN,NaN,NaN
1420714080,NaN,NaN,NaN,NaN,NaN,NaN,NaN
1420714140,NaN,NaN,NaN,NaN,NaN,NaN,NaN
1420714200,NaN,NaN,NaN,NaN,NaN,NaN,NaN
1420714260,NaN,NaN,NaN,NaN,NaN,NaN,NaN
1420714320,NaN,NaN,NaN,NaN,NaN,NaN,NaN
1420714380,NaN,NaN,NaN,NaN,NaN,NaN,NaN
1420714440,NaN,NaN,NaN,NaN,NaN,NaN,NaN
1420714500,NaN,NaN,NaN,NaN,NaN,NaN,NaN
1420714560,NaN,NaN,NaN,NaN,NaN,NaN,NaN
1420714620,NaN,NaN,NaN,NaN,NaN,NaN,NaN
1420714680,NaN,NaN,NaN,NaN,NaN,NaN,NaN
1420714740,NaN,NaN,NaN,NaN,NaN,NaN,NaN
1420714800,NaN,NaN,NaN,NaN,NaN,NaN,NaN
1420714860,NaN,NaN,NaN,NaN,NaN,NaN,NaN
1420714920,NaN,NaN,NaN,NaN,NaN,NaN,NaN
1420714980,NaN,NaN,NaN,NaN,NaN,NaN,NaN
1420715040,NaN,NaN,NaN,NaN,NaN,NaN,NaN
1420715100,NaN,NaN,NaN,NaN,NaN,NaN,NaN
1420715160,NaN,NaN,NaN,NaN,NaN,NaN,NaN
1420715220,NaN,NaN,NaN,NaN,NaN,NaN,NaN
1420715280,NaN,NaN,NaN,NaN,NaN,NaN,NaN
1420715340,NaN,NaN,NaN,NaN,NaN,NaN,NaN
1420715400,NaN,NaN,NaN,NaN,NaN,NaN,NaN
1420715460,NaN,NaN,NaN,NaN,NaN,NaN,NaN
1420715520,NaN,NaN,NaN,NaN,NaN,NaN,NaN
1420715580,NaN,NaN,NaN,NaN,NaN,NaN,NaN
1420715640,NaN,NaN,NaN,NaN,NaN,NaN,NaN
1420715700,NaN,NaN,NaN,NaN,NaN,NaN,NaN
1420715760,NaN,NaN,NaN,NaN,NaN,NaN,NaN
1420715820,NaN,NaN,NaN,NaN,NaN,NaN,NaN
1420715880,NaN,NaN,NaN,NaN,NaN,NaN,NaN
1420715940,NaN,NaN,NaN,NaN,NaN,NaN,NaN
1420716000,NaN,NaN,NaN,NaN,NaN,NaN,NaN
1420716060,NaN,NaN,NaN,NaN,NaN,NaN,NaN
1420716120,NaN,NaN,NaN,NaN,NaN,NaN,NaN
1420716180,NaN,NaN,NaN,NaN,NaN,NaN,NaN
1420716240,NaN,NaN,NaN,NaN,NaN,NaN,NaN
1420716300,NaN,NaN,NaN,NaN,NaN,NaN,NaN
1420716360,NaN,NaN,NaN,NaN,NaN,NaN,NaN
1420716420,NaN,NaN,NaN,NaN,NaN,NaN,NaN
1420716480,NaN,NaN,NaN,NaN,NaN,NaN,NaN
1420716540,NaN,NaN,NaN,NaN,NaN,NaN,NaN
1420716600,NaN,NaN,NaN,NaN,NaN,NaN,NaN
1420716660,NaN,NaN,NaN,NaN,NaN,NaN,NaN
1420716720,NaN,NaN,NaN,NaN,NaN,NaN,NaN
1420716780,NaN,NaN,NaN,NaN,NaN,NaN,NaN
1420716840,NaN,NaN,NaN,NaN,NaN,NaN,NaN
1420716900,NaN,NaN,NaN,NaN,NaN,NaN,NaN
1420716960,NaN,NaN,NaN,NaN,NaN,NaN,NaN
1420717020,NaN,NaN,NaN,NaN,NaN,NaN,NaN
1420717080,NaN,NaN,NaN,NaN,NaN,NaN,NaN
1420717140,NaN,NaN,NaN,NaN,NaN,NaN,NaN
1420717200,NaN,NaN,NaN,NaN,NaN,NaN,NaN
1420717260,NaN,NaN,NaN,NaN,NaN,NaN,NaN
1420717320,NaN,NaN,NaN,NaN,NaN,NaN,NaN
1420717380,NaN,NaN,NaN,NaN,NaN,NaN,NaN
1420717440,NaN,NaN,NaN,NaN,NaN,NaN,NaN
1420717500,NaN,NaN,NaN,NaN,NaN,NaN,NaN
1420717560,NaN,NaN,NaN,NaN,NaN,NaN,NaN
1420717620,NaN,NaN,NaN,NaN,NaN,NaN,NaN
1420717680,NaN,NaN,NaN,NaN,NaN,NaN,NaN
1420717740,NaN,NaN,NaN,NaN,NaN,NaN,NaN
1420717800,NaN,NaN,NaN,NaN,NaN,NaN,NaN
1420717860,NaN,NaN,NaN,NaN,NaN,NaN,NaN
1420717920,NaN,NaN,NaN,NaN,NaN,NaN,NaN
1420717980,NaN,NaN,NaN,NaN,NaN,NaN,NaN
1420718040,NaN,NaN,NaN,NaN,NaN,NaN,NaN
1420718100,NaN,NaN,NaN,NaN,NaN,NaN,NaN
1420718160,NaN,NaN,NaN,NaN,NaN,NaN,NaN
1420718220,NaN,NaN,NaN,NaN,NaN,NaN,NaN
1420718280,NaN,NaN,NaN,NaN,NaN,NaN,NaN
1420718340,NaN,NaN,NaN,NaN,NaN,NaN,NaN
1420718400,NaN,NaN,NaN,NaN,NaN,NaN,NaN
1420718460,NaN,NaN,NaN,NaN,NaN,NaN,NaN
1420718520,NaN,NaN,NaN,NaN,NaN,NaN,NaN
1420718580,NaN,NaN,NaN,NaN,NaN,NaN,NaN
1420718640,NaN,NaN,NaN,NaN,NaN,NaN,NaN
1420718700,NaN,NaN,NaN,NaN,NaN,NaN,NaN
1420718760,NaN,NaN,NaN,NaN,NaN,NaN,NaN
1420718820,NaN,NaN,NaN,NaN,NaN,NaN,NaN
1420718880,NaN,NaN,NaN,NaN,NaN,NaN,NaN
1420718940,NaN,NaN,NaN,NaN,NaN,NaN,NaN
1420719000,NaN,NaN,NaN,NaN,NaN,NaN,NaN
1420719060,NaN,NaN,NaN,NaN,NaN,NaN,NaN
1420719120,NaN,NaN,NaN,NaN,NaN,NaN,NaN
1420719180,NaN,NaN,NaN,NaN,NaN,NaN,NaN
1420719240,NaN,NaN,NaN,NaN,NaN,NaN,NaN
1420719300,NaN,NaN,NaN,NaN,NaN,NaN,NaN
1420719360,NaN,NaN,NaN,NaN,NaN,NaN,NaN
1420719420,NaN,NaN,NaN,NaN,NaN,NaN,NaN
1420719480,NaN,NaN,NaN,NaN,NaN,NaN,NaN
1420719540,NaN,NaN,NaN,NaN,NaN,NaN,NaN
1420719600,NaN,NaN,NaN,NaN,NaN,NaN,NaN
1420719660,NaN,NaN,NaN,NaN,NaN,NaN,NaN
1420719720,NaN,NaN,NaN,NaN,NaN,NaN,NaN
1420719780,NaN,NaN,NaN,NaN,NaN,NaN,NaN
1420719840,NaN,NaN,NaN,NaN,NaN,NaN,NaN
1420719900,NaN,NaN,NaN,NaN,NaN,NaN,NaN
1420719960,NaN,NaN,NaN,NaN,NaN,NaN,NaN
1420720020,NaN,NaN,NaN,NaN,NaN,NaN,NaN
1420720080,NaN,NaN,NaN,NaN,NaN,NaN,NaN
1420720140,NaN,NaN,NaN,NaN,NaN,NaN,NaN
1420720200,NaN,NaN,NaN,NaN,NaN,NaN,NaN
1420720260,NaN,NaN,NaN,NaN,NaN,NaN,NaN
1420720320,NaN,NaN,NaN,NaN,NaN,NaN,NaN
1420720380,NaN,NaN,NaN,NaN,NaN,NaN,NaN
1420720440,NaN,NaN,NaN,NaN,NaN,NaN,NaN
1420720500,NaN,NaN,NaN,NaN,NaN,NaN,NaN
1420720560,NaN,NaN,NaN,NaN,NaN,NaN,NaN
1420720620,NaN,NaN,NaN,NaN,NaN,NaN,NaN
1420720680,NaN,NaN,NaN,NaN,NaN,NaN,NaN
1420720740,NaN,NaN,NaN,NaN,NaN,NaN,NaN
1420720800,NaN,NaN,NaN,NaN,NaN,NaN,NaN
1420720860,NaN,NaN,NaN,NaN,NaN,NaN,NaN
1420720920,NaN,NaN,NaN,NaN,NaN,NaN,NaN
1420720980,NaN,NaN,NaN,NaN,NaN,NaN,NaN
1420721040,NaN,NaN,NaN,NaN,NaN,NaN,NaN
1420721100,NaN,NaN,NaN,NaN,NaN,NaN,NaN
1420721160,NaN,NaN,NaN,NaN,NaN,NaN,NaN
1420721220,NaN,NaN,NaN,NaN,NaN,NaN,NaN
1420721280,NaN,NaN,NaN,NaN,NaN,NaN,NaN
1420721340,NaN,NaN,NaN,NaN,NaN,NaN,NaN
1420721400,NaN,NaN,NaN,NaN,NaN,NaN,NaN
1420721460,NaN,NaN,NaN,NaN,NaN,NaN,NaN
1420721520,NaN,NaN,NaN,NaN,NaN,NaN,NaN
1420721580,NaN,NaN,NaN,NaN,NaN,NaN,NaN
1420721640,NaN,NaN,NaN,NaN,NaN,NaN,NaN
1420721700,NaN,NaN,NaN,NaN,NaN,NaN,NaN
1420721760,NaN,NaN,NaN,NaN,NaN,NaN,NaN
1420721820,NaN,NaN,NaN,NaN,NaN,NaN,NaN
1420721880,NaN,NaN,NaN,NaN,NaN,NaN,NaN
1420721940,NaN,NaN,NaN,NaN,NaN,NaN,NaN
1420722000,NaN,NaN,NaN,NaN,NaN,NaN,NaN
1420722060,NaN,NaN,NaN,NaN,NaN,NaN,NaN
1420722120,NaN,NaN,NaN,NaN,NaN,NaN,NaN
1420722180,NaN,NaN,NaN,NaN,NaN,NaN,NaN
1420722240,NaN,NaN,NaN,NaN,NaN,NaN,NaN
1420722300,NaN,NaN,NaN,NaN,NaN,NaN,NaN
1420722360,NaN,NaN,NaN,NaN,NaN,NaN,NaN
1420722420,NaN,NaN,NaN,NaN,NaN,NaN,NaN
1420722480,NaN,NaN,NaN,NaN,NaN,NaN,NaN
1420722540,NaN,NaN,NaN,NaN,NaN,NaN,NaN
1420722600,NaN,NaN,NaN,NaN,NaN,NaN,NaN
1420722660,NaN,NaN,NaN,NaN,NaN,NaN,NaN
1420722720,NaN,NaN,NaN,NaN,NaN,NaN,NaN
1420722780,NaN,NaN,NaN,NaN,NaN,NaN,NaN
1420722840,NaN,NaN,NaN,NaN,NaN,NaN,NaN
1420722900,NaN,NaN,NaN,NaN,NaN,NaN,NaN
1420722960,NaN,NaN,NaN,NaN,NaN,NaN,NaN
1420723020,NaN,NaN,NaN,NaN,NaN,NaN,NaN
1420723080,NaN,NaN,NaN,NaN,NaN,NaN,NaN
1420723140,NaN,NaN,NaN,NaN,NaN,NaN,NaN
1420723200,NaN,NaN,NaN,NaN,NaN,NaN,NaN
1420723260,NaN,NaN,NaN,NaN,NaN,NaN,NaN
1420723320,NaN,NaN,NaN,NaN,NaN,NaN,NaN
1420723380,NaN,NaN,NaN,NaN,NaN,NaN,NaN
1420723440,NaN,NaN,NaN,NaN,NaN,NaN,NaN
1420723500,NaN,NaN,NaN,NaN,NaN,NaN,NaN
1420723560,NaN,NaN,NaN,NaN,NaN,NaN,NaN
1420723620,NaN,NaN,NaN,NaN,NaN,NaN,NaN
1420723680,NaN,NaN,NaN,NaN,NaN,NaN,NaN
1420723740,NaN,NaN,NaN,NaN,NaN,NaN,NaN
1420723800,NaN,NaN,NaN,NaN,NaN,NaN,NaN
1420723860,NaN,NaN,NaN,NaN,NaN,NaN,NaN
1420723920,NaN,NaN,NaN,NaN,NaN,NaN,NaN
1420723980,NaN,NaN,NaN,NaN,NaN,NaN,NaN
1420724040,NaN,NaN,NaN,NaN,NaN,NaN,NaN
1420724100,NaN,NaN,NaN,NaN,NaN,NaN,NaN
1420724160,NaN,NaN,NaN,NaN,NaN,NaN,NaN
1420724220,NaN,NaN,NaN,NaN,NaN,NaN,NaN
1420724280,NaN,NaN,NaN,NaN,NaN,NaN,NaN
1420724340,NaN,NaN,NaN,NaN,NaN,NaN,NaN
1420724400,NaN,NaN,NaN,NaN,NaN,NaN,NaN
1420724460,NaN,NaN,NaN,NaN,NaN,NaN,NaN
1420724520,NaN,NaN,NaN,NaN,NaN,NaN,NaN
1420724580,NaN,NaN,NaN,NaN,NaN,NaN,NaN
1420724640,NaN,NaN,NaN,NaN,NaN,NaN,NaN
1420724700,NaN,NaN,NaN,NaN,NaN,NaN,NaN
1420724760,NaN,NaN,NaN,NaN,NaN,NaN,NaN
1420724820,NaN,NaN,NaN,NaN,NaN,NaN,NaN
1420724880,NaN,NaN,NaN,NaN,NaN,NaN,NaN
1420724940,NaN,NaN,NaN,NaN,NaN,NaN,NaN
1420725000,NaN,NaN,NaN,NaN,NaN,NaN,NaN
1420725060,NaN,NaN,NaN,NaN,NaN,NaN,NaN
1420725120,NaN,NaN,NaN,NaN,NaN,NaN,NaN
1420725180,NaN,NaN,NaN,NaN,NaN,NaN,NaN
1420725240,NaN,NaN,NaN,NaN,NaN,NaN,NaN
1420725300,NaN,NaN,NaN,NaN,NaN,NaN,NaN
1420725360,NaN,NaN,NaN,NaN,NaN,NaN,NaN
1420725420,NaN,NaN,NaN,NaN,NaN,NaN,NaN
1420725480,NaN,NaN,NaN,NaN,NaN,NaN,NaN
1420725540,NaN,NaN,NaN,NaN,NaN,NaN,NaN
1420725600,NaN,NaN,NaN,NaN,NaN,NaN,NaN
1420725660,NaN,NaN,NaN,NaN,NaN,NaN,NaN
1420725720,NaN,NaN,NaN,NaN,NaN,NaN,NaN
1420725780,NaN,NaN,NaN,NaN,NaN,NaN,NaN
1420725840,NaN,NaN,NaN,NaN,NaN,NaN,NaN
1420725900,NaN,NaN,NaN,NaN,NaN,NaN,NaN
1420725960,NaN,NaN,NaN,NaN,NaN,NaN,NaN
1420726020,NaN,NaN,NaN,NaN,NaN,NaN,NaN
1420726080,NaN,NaN,NaN,NaN,NaN,NaN,NaN
1420726140,NaN,NaN,NaN,NaN,NaN,NaN,NaN
1420726200,NaN,NaN,NaN,NaN,NaN,NaN,NaN
1420726260,NaN,NaN,NaN,NaN,NaN,NaN,NaN
1420726320,NaN,NaN,NaN,NaN,NaN,NaN,NaN
1420726380,NaN,NaN,NaN,NaN,NaN,NaN,NaN
1420726440,NaN,NaN,NaN,NaN,NaN,NaN,NaN
1420726500,NaN,NaN,NaN,NaN,NaN,NaN,NaN
1420726560,NaN,NaN,NaN,NaN,NaN,NaN,NaN
1420726620,NaN,NaN,NaN,NaN,NaN,NaN,NaN
1420726680,NaN,NaN,NaN,NaN,NaN,NaN,NaN
1420726740,NaN,NaN,NaN,NaN,NaN,NaN,NaN
1420726800,NaN,NaN,NaN,NaN,NaN,NaN,NaN
1420726860,NaN,NaN,NaN,NaN,NaN,NaN,NaN
1420726920,NaN,NaN,NaN,NaN,NaN,NaN,NaN
1420726980,NaN,NaN,NaN,NaN,NaN,NaN,NaN
1420727040,NaN,NaN,NaN,NaN,NaN,NaN,NaN
1420727100,NaN,NaN,NaN,NaN,NaN,NaN,NaN
1420727160,NaN,NaN,NaN,NaN,NaN,NaN,NaN
1420727220,NaN,NaN,NaN,NaN,NaN,NaN,NaN
1420727280,NaN,NaN,NaN,NaN,NaN,NaN,NaN
1420727340,NaN,NaN,NaN,NaN,NaN,NaN,NaN
1420727400,NaN,NaN,NaN,NaN,NaN,NaN,NaN
1420727460,NaN,NaN,NaN,NaN,NaN,NaN,NaN
1420727520,NaN,NaN,NaN,NaN,NaN,NaN,NaN
1420727580,NaN,NaN,NaN,NaN,NaN,NaN,NaN
1420727640,NaN,NaN,NaN,NaN,NaN,NaN,NaN
1420727700,NaN,NaN,NaN,NaN,NaN,NaN,NaN
1420727760,NaN,NaN,NaN,NaN,NaN,NaN,NaN
1420727820,NaN,NaN,NaN,NaN,NaN,NaN,NaN
1420727880,NaN,NaN,NaN,NaN,NaN,NaN,NaN
1420727940,NaN,NaN,NaN,NaN,NaN,NaN,NaN
1420728000,NaN,NaN,NaN,NaN,NaN,NaN,NaN
1420728060,NaN,NaN,NaN,NaN,NaN,NaN,NaN
1420728120,NaN,NaN,NaN,NaN,NaN,NaN,NaN
1420728180,NaN,NaN,NaN,NaN,NaN,NaN,NaN
1420728240,NaN,NaN,NaN,NaN,NaN,NaN,NaN
1420728300,NaN,NaN,NaN,NaN,NaN,NaN,NaN
1420728360,NaN,NaN,NaN,NaN,NaN,NaN,NaN
1420728420,NaN,NaN,NaN,NaN,NaN,NaN,NaN
1420728480,NaN,NaN,NaN,NaN,NaN,NaN,NaN
1420728540,NaN,NaN,NaN,NaN,NaN,NaN,NaN
1420728600,NaN,NaN,NaN,NaN,NaN,NaN,NaN
1420728660,NaN,NaN,NaN,NaN,NaN,NaN,NaN
1420728720,NaN,NaN,NaN,NaN,NaN,NaN,NaN
1420728780,NaN,NaN,NaN,NaN,NaN,NaN,NaN
1420728840,NaN,NaN,NaN,NaN,NaN,NaN,NaN
1420728900,NaN,NaN,NaN,NaN,NaN,NaN,NaN
1420728960,NaN,NaN,NaN,NaN,NaN,NaN,NaN
1420729020,NaN,NaN,NaN,NaN,NaN,NaN,NaN
1420729080,NaN,NaN,NaN,NaN,NaN,NaN,NaN
1420729140,NaN,NaN,NaN,NaN,NaN,NaN,NaN
1420729200,NaN,NaN,NaN,NaN,NaN,NaN,NaN
1420729260,NaN,NaN,NaN,NaN,NaN,NaN,NaN
1420729320,NaN,NaN,NaN,NaN,NaN,NaN,NaN
1420729380,NaN,NaN,NaN,NaN,NaN,NaN,NaN
1420729440,NaN,NaN,NaN,NaN,NaN,NaN,NaN
1420729500,NaN,NaN,NaN,NaN,NaN,NaN,NaN
1420729560,NaN,NaN,NaN,NaN,NaN,NaN,NaN
1420729620,NaN,NaN,NaN,NaN,NaN,NaN,NaN
1420729680,NaN,NaN,NaN,NaN,NaN,NaN,NaN
1420729740,NaN,NaN,NaN,NaN,NaN,NaN,NaN
1420729800,NaN,NaN,NaN,NaN,NaN,NaN,NaN
1420729860,NaN,NaN,NaN,NaN,NaN,NaN,NaN
1420729920,NaN,NaN,NaN,NaN,NaN,NaN,NaN
1420729980,NaN,NaN,NaN,NaN,NaN,NaN,NaN
1420730040,NaN,NaN,NaN,NaN,NaN,NaN,NaN
1420730100,NaN,NaN,NaN,NaN,NaN,NaN,NaN
1420730160,NaN,NaN,NaN,NaN,NaN,NaN,NaN
1420730220,NaN,NaN,NaN,NaN,NaN,NaN,NaN
1420730280,NaN,NaN,NaN,NaN,NaN,NaN,NaN
1420730340,NaN,NaN,NaN,NaN,NaN,NaN,NaN
1420730400,NaN,NaN,NaN,NaN,NaN,NaN,NaN
1420730460,NaN,NaN,NaN,NaN,NaN,NaN,NaN
1420730520,NaN,NaN,NaN,NaN,NaN,NaN,NaN
1420730580,NaN,NaN,NaN,NaN,NaN,NaN,NaN
1420730640,NaN,NaN,NaN,NaN,NaN,NaN,NaN
1420730700,NaN,NaN,NaN,NaN,NaN,NaN,NaN
1420730760,NaN,NaN,NaN,NaN,NaN,NaN,NaN
1420730820,NaN,NaN,NaN,NaN,NaN,NaN,NaN
1420730880,NaN,NaN,NaN,NaN,NaN,NaN,NaN
1420730940,NaN,NaN,NaN,NaN,NaN,NaN,NaN
1420731000,NaN,NaN,NaN,NaN,NaN,NaN,NaN
1420731060,NaN,NaN,NaN,NaN,NaN,NaN,NaN
1420731120,NaN,NaN,NaN,NaN,NaN,NaN,NaN
1420731180,NaN,NaN,NaN,NaN,NaN,NaN,NaN
1420731240,NaN,NaN,NaN,NaN,NaN,NaN,NaN
1420731300,NaN,NaN,NaN,NaN,NaN,NaN,NaN
1420731360,NaN,NaN,NaN,NaN,NaN,NaN,NaN
1420731420,NaN,NaN,NaN,NaN,NaN,NaN,NaN
1420731480,NaN,NaN,NaN,NaN,NaN,NaN,NaN
1420731540,NaN,NaN,NaN,NaN,NaN,NaN,NaN
1420731600,NaN,NaN,NaN,NaN,NaN,NaN,NaN
1420731660,NaN,NaN,NaN,NaN,NaN,NaN,NaN
1420731720,NaN,NaN,NaN,NaN,NaN,NaN,NaN
1420731780,NaN,NaN,NaN,NaN,NaN,NaN,NaN
1420731840,NaN,NaN,NaN,NaN,NaN,NaN,NaN
1420731900,NaN,NaN,NaN,NaN,NaN,NaN,NaN
1420731960,NaN,NaN,NaN,NaN,NaN,NaN,NaN
1420732020,NaN,NaN,NaN,NaN,NaN,NaN,NaN
1420732080,NaN,NaN,NaN,NaN,NaN,NaN,NaN
1420732140,NaN,NaN,NaN,NaN,NaN,NaN,NaN
1420732200,NaN,NaN,NaN,NaN,NaN,NaN,NaN
1420732260,NaN,NaN,NaN,NaN,NaN,NaN,NaN
1420732320,NaN,NaN,NaN,NaN,NaN,NaN,NaN
1420732380,NaN,NaN,NaN,NaN,NaN,NaN,NaN
1420732440,NaN,NaN,NaN,NaN,NaN,NaN,NaN
1420732500,NaN,NaN,NaN,NaN,NaN,NaN,NaN
1420732560,NaN,NaN,NaN,NaN,NaN,NaN,NaN
1420732620,NaN,NaN,NaN,NaN,NaN,NaN,NaN
1420732680,NaN,NaN,NaN,NaN,NaN,NaN,NaN
1420732740,NaN,NaN,NaN,NaN,NaN,NaN,NaN
1420732800,NaN,NaN,NaN,NaN,NaN,NaN,NaN
1420732860,NaN,NaN,NaN,NaN,NaN,NaN,NaN
1420732920,NaN,NaN,NaN,NaN,NaN,NaN,NaN
1420732980,NaN,NaN,NaN,NaN,NaN,NaN,NaN
1420733040,NaN,NaN,NaN,NaN,NaN,NaN,NaN
1420733100,NaN,NaN,NaN,NaN,NaN,NaN,NaN
1420733160,NaN,NaN,NaN,NaN,NaN,NaN,NaN
1420733220,NaN,NaN,NaN,NaN,NaN,NaN,NaN
1420733280,NaN,NaN,NaN,NaN,NaN,NaN,NaN
1420733340,NaN,NaN,NaN,NaN,NaN,NaN,NaN
1420733400,NaN,NaN,NaN,NaN,NaN,NaN,NaN
1420733460,NaN,NaN,NaN,NaN,NaN,NaN,NaN
1420733520,NaN,NaN,NaN,NaN,NaN,NaN,NaN
1420733580,NaN,NaN,NaN,NaN,NaN,NaN,NaN
1420733640,NaN,NaN,NaN,NaN,NaN,NaN,NaN
1420733700,NaN,NaN,NaN,NaN,NaN,NaN,NaN
1420733760,NaN,NaN,NaN,NaN,NaN,NaN,NaN
1420733820,NaN,NaN,NaN,NaN,NaN,NaN,NaN
1420733880,NaN,NaN,NaN,NaN,NaN,NaN,NaN
1420733940,NaN,NaN,NaN,NaN,NaN,NaN,NaN
1420734000,NaN,NaN,NaN,NaN,NaN,NaN,NaN
1420734060,NaN,NaN,NaN,NaN,NaN,NaN,NaN
1420734120,NaN,NaN,NaN,NaN,NaN,NaN,NaN
1420734180,NaN,NaN,NaN,NaN,NaN,NaN,NaN
1420734240,NaN,NaN,NaN,NaN,NaN,NaN,NaN
1420734300,NaN,NaN,NaN,NaN,NaN,NaN,NaN
1420734360,NaN,NaN,NaN,NaN,NaN,NaN,NaN
1420734420,NaN,NaN,NaN,NaN,NaN,NaN,NaN
1420734480,NaN,NaN,NaN,NaN,NaN,NaN,NaN
1420734540,NaN,NaN,NaN,NaN,NaN,NaN,NaN
1420734600,NaN,NaN,NaN,NaN,NaN,NaN,NaN
1420734660,NaN,NaN,NaN,NaN,NaN,NaN,NaN
1420734720,NaN,NaN,NaN,NaN,NaN,NaN,NaN
1420734780,NaN,NaN,NaN,NaN,NaN,NaN,NaN
1420734840,NaN,NaN,NaN,NaN,NaN,NaN,NaN
1420734900,NaN,NaN,NaN,NaN,NaN,NaN,NaN
1420734960,NaN,NaN,NaN,NaN,NaN,NaN,NaN
1420735020,NaN,NaN,NaN,NaN,NaN,NaN,NaN
1420735080,NaN,NaN,NaN,NaN,NaN,NaN,NaN
1420735140,NaN,NaN,NaN,NaN,NaN,NaN,NaN
1420735200,NaN,NaN,NaN,NaN,NaN,NaN,NaN
1420735260,NaN,NaN,NaN,NaN,NaN,NaN,NaN
1420735320,NaN,NaN,NaN,NaN,NaN,NaN,NaN
1420735380,NaN,NaN,NaN,NaN,NaN,NaN,NaN
1420735440,NaN,NaN,NaN,NaN,NaN,NaN,NaN
1420735500,NaN,NaN,NaN,NaN,NaN,NaN,NaN
1420735560,NaN,NaN,NaN,NaN,NaN,NaN,NaN
1420735620,NaN,NaN,NaN,NaN,NaN,NaN,NaN
1420735680,NaN,NaN,NaN,NaN,NaN,NaN,NaN
1420735740,NaN,NaN,NaN,NaN,NaN,NaN,NaN
1420735800,NaN,NaN,NaN,NaN,NaN,NaN,NaN
1420735860,NaN,NaN,NaN,NaN,NaN,NaN,NaN
1420735920,NaN,NaN,NaN,NaN,NaN,NaN,NaN
1420735980,NaN,NaN,NaN,NaN,NaN,NaN,NaN
1420736040,NaN,NaN,NaN,NaN,NaN,NaN,NaN
1420736100,NaN,NaN,NaN,NaN,NaN,NaN,NaN
1420736160,NaN,NaN,NaN,NaN,NaN,NaN,NaN
1420736220,NaN,NaN,NaN,NaN,NaN,NaN,NaN
1420736280,NaN,NaN,NaN,NaN,NaN,NaN,NaN
1420736340,NaN,NaN,NaN,NaN,NaN,NaN,NaN
1420736400,NaN,NaN,NaN,NaN,NaN,NaN,NaN
1420736460,NaN,NaN,NaN,NaN,NaN,NaN,NaN
1420736520,NaN,NaN,NaN,NaN,NaN,NaN,NaN
1420736580,NaN,NaN,NaN,NaN,NaN,NaN,NaN
1420736640,NaN,NaN,NaN,NaN,NaN,NaN,NaN
1420736700,NaN,NaN,NaN,NaN,NaN,NaN,NaN
1420736760,NaN,NaN,NaN,NaN,NaN,NaN,NaN
1420736820,NaN,NaN,NaN,NaN,NaN,NaN,NaN
1420736880,NaN,NaN,NaN,NaN,NaN,NaN,NaN
1420736940,NaN,NaN,NaN,NaN,NaN,NaN,NaN
1420737000,NaN,NaN,NaN,NaN,NaN,NaN,NaN
1420737060,NaN,NaN,NaN,NaN,NaN,NaN,NaN
1420737120,NaN,NaN,NaN,NaN,NaN,NaN,NaN
1420737180,NaN,NaN,NaN,NaN,NaN,NaN,NaN
1420737240,NaN,NaN,NaN,NaN,NaN,NaN,NaN
1420737300,NaN,NaN,NaN,NaN,NaN,NaN,NaN
1420737360,NaN,NaN,NaN,NaN,NaN,NaN,NaN
1420737420,NaN,NaN,NaN,NaN,NaN,NaN,NaN
1420737480,NaN,NaN,NaN,NaN,NaN,NaN,NaN
1420737540,NaN,NaN,NaN,NaN,NaN,NaN,NaN
1420737600,NaN,NaN,NaN,NaN,NaN,NaN,NaN
1420737660,NaN,NaN,NaN,NaN,NaN,NaN,NaN
1420737720,NaN,NaN,NaN,NaN,NaN,NaN,NaN
1420737780,NaN,NaN,NaN,NaN,NaN,NaN,NaN
1420737840,NaN,NaN,NaN,NaN,NaN,NaN,NaN
1420737900,NaN,NaN,NaN,NaN,NaN,NaN,NaN
1420737960,NaN,NaN,NaN,NaN,NaN,NaN,NaN
1420738020,NaN,NaN,NaN,NaN,NaN,NaN,NaN
1420738080,NaN,NaN,NaN,NaN,NaN,NaN,NaN
1420738140,NaN,NaN,NaN,NaN,NaN,NaN,NaN
1420738200,NaN,NaN,NaN,NaN,NaN,NaN,NaN
1420738260,NaN,NaN,NaN,NaN,NaN,NaN,NaN
1420738320,NaN,NaN,NaN,NaN,NaN,NaN,NaN
1420738380,NaN,NaN,NaN,NaN,NaN,NaN,NaN
1420738440,NaN,NaN,NaN,NaN,NaN,NaN,NaN
1420738500,NaN,NaN,NaN,NaN,NaN,NaN,NaN
1420738560,NaN,NaN,NaN,NaN,NaN,NaN,NaN
1420738620,NaN,NaN,NaN,NaN,NaN,NaN,NaN
1420738680,NaN,NaN,NaN,NaN,NaN,NaN,NaN
1420738740,NaN,NaN,NaN,NaN,NaN,NaN,NaN
1420738800,NaN,NaN,NaN,NaN,NaN,NaN,NaN
1420738860,NaN,NaN,NaN,NaN,NaN,NaN,NaN
1420738920,NaN,NaN,NaN,NaN,NaN,NaN,NaN
1420738980,NaN,NaN,NaN,NaN,NaN,NaN,NaN
1420739040,NaN,NaN,NaN,NaN,NaN,NaN,NaN
1420739100,NaN,NaN,NaN,NaN,NaN,NaN,NaN
1420739160,NaN,NaN,NaN,NaN,NaN,NaN,NaN
1420739220,NaN,NaN,NaN,NaN,NaN,NaN,NaN
1420739280,NaN,NaN,NaN,NaN,NaN,NaN,NaN
1420739340,NaN,NaN,NaN,NaN,NaN,NaN,NaN
1420739400,NaN,NaN,NaN,NaN,NaN,NaN,NaN
1420739460,NaN,NaN,NaN,NaN,NaN,NaN,NaN
1420739520,NaN,NaN,NaN,NaN,NaN,NaN,NaN
1420739580,NaN,NaN,NaN,NaN,NaN,NaN,NaN
1420739640,NaN,NaN,NaN,NaN,NaN,NaN,NaN
1420739700,NaN,NaN,NaN,NaN,NaN,NaN,NaN
1420739760,NaN,NaN,NaN,NaN,NaN,NaN,NaN
1420739820,NaN,NaN,NaN,NaN,NaN,NaN,NaN
1420739880,NaN,NaN,NaN,NaN,NaN,NaN,NaN
1420739940,NaN,NaN,NaN,NaN,NaN,NaN,NaN
1420740000,NaN,NaN,NaN,NaN,NaN,NaN,NaN
1420740060,NaN,NaN,NaN,NaN,NaN,NaN,NaN
1420740120,NaN,NaN,NaN,NaN,NaN,NaN,NaN
1420740180,NaN,NaN,NaN,NaN,NaN,NaN,NaN
1420740240,NaN,NaN,NaN,NaN,NaN,NaN,NaN
1420740300,NaN,NaN,NaN,NaN,NaN,NaN,NaN
1420740360,NaN,NaN,NaN,NaN,NaN,NaN,NaN
1420740420,NaN,NaN,NaN,NaN,NaN,NaN,NaN
1420740480,NaN,NaN,NaN,NaN,NaN,NaN,NaN
1420740540,NaN,NaN,NaN,NaN,NaN,NaN,NaN
1420740600,NaN,NaN,NaN,NaN,NaN,NaN,NaN
1420740660,NaN,NaN,NaN,NaN,NaN,NaN,NaN
1420740720,NaN,NaN,NaN,NaN,NaN,NaN,NaN
1420740780,NaN,NaN,NaN,NaN,NaN,NaN,NaN
1420740840,NaN,NaN,NaN,NaN,NaN,NaN,NaN
1420740900,NaN,NaN,NaN,NaN,NaN,NaN,NaN
1420740960,NaN,NaN,NaN,NaN,NaN,NaN,NaN
1420741020,NaN,NaN,NaN,NaN,NaN,NaN,NaN
1420741080,NaN,NaN,NaN,NaN,NaN,NaN,NaN
1420741140,NaN,NaN,NaN,NaN,NaN,NaN,NaN
1420741200,NaN,NaN,NaN,NaN,NaN,NaN,NaN
1420741260,NaN,NaN,NaN,NaN,NaN,NaN,NaN
1420741320,NaN,NaN,NaN,NaN,NaN,NaN,NaN
1420741380,NaN,NaN,NaN,NaN,NaN,NaN,NaN
1420741440,NaN,NaN,NaN,NaN,NaN,NaN,NaN
1420741500,NaN,NaN,NaN,NaN,NaN,NaN,NaN
1420741560,NaN,NaN,NaN,NaN,NaN,NaN,NaN
1420741620,NaN,NaN,NaN,NaN,NaN,NaN,NaN
1420741680,NaN,NaN,NaN,NaN,NaN,NaN,NaN
1420741740,NaN,NaN,NaN,NaN,NaN,NaN,NaN
1420741800,NaN,NaN,NaN,NaN,NaN,NaN,NaN
1420741860,NaN,NaN,NaN,NaN,NaN,NaN,NaN
1420741920,NaN,NaN,NaN,NaN,NaN,NaN,NaN
1420741980,NaN,NaN,NaN,NaN,NaN,NaN,NaN
1420742040,NaN,NaN,NaN,NaN,NaN,NaN,NaN
1420742100,NaN,NaN,NaN,NaN,NaN,NaN,NaN
1420742160,NaN,NaN,NaN,NaN,NaN,NaN,NaN
1420742220,NaN,NaN,NaN,NaN,NaN,NaN,NaN
1420742280,NaN,NaN,NaN,NaN,NaN,NaN,NaN
1420742340,NaN,NaN,NaN,NaN,NaN,NaN,NaN
1420742400,NaN,NaN,NaN,NaN,NaN,NaN,NaN
1420742460,NaN,NaN,NaN,NaN,NaN,NaN,NaN
1420742520,NaN,NaN,NaN,NaN,NaN,NaN,NaN
1420742580,NaN,NaN,NaN,NaN,NaN,NaN,NaN
1420742640,NaN,NaN,NaN,NaN,NaN,NaN,NaN
1420742700,NaN,NaN,NaN,NaN,NaN,NaN,NaN
1420742760,NaN,NaN,NaN,NaN,NaN,NaN,NaN
1420742820,NaN,NaN,NaN,NaN,NaN,NaN,NaN
1420742880,NaN,NaN,NaN,NaN,NaN,NaN,NaN
1420742940,NaN,NaN,NaN,NaN,NaN,NaN,NaN
1420743000,NaN,NaN,NaN,NaN,NaN,NaN,NaN
1420743060,NaN,NaN,NaN,NaN,NaN,NaN,NaN
1420743120,NaN,NaN,NaN,NaN,NaN,NaN,NaN
1420743180,NaN,NaN,NaN,NaN,NaN,NaN,NaN
1420743240,NaN,NaN,NaN,NaN,NaN,NaN,NaN
1420743300,NaN,NaN,NaN,NaN,NaN,NaN,NaN
1420743360,NaN,NaN,NaN,NaN,NaN,NaN,NaN
1420743420,NaN,NaN,NaN,NaN,NaN,NaN,NaN
1420743480,NaN,NaN,NaN,NaN,NaN,NaN,NaN
1420743540,NaN,NaN,NaN,NaN,NaN,NaN,NaN
1420743600,NaN,NaN,NaN,NaN,NaN,NaN,NaN
1420743660,NaN,NaN,NaN,NaN,NaN,NaN,NaN
1420743720,NaN,NaN,NaN,NaN,NaN,NaN,NaN
1420743780,NaN,NaN,NaN,NaN,NaN,NaN,NaN
1420743840,NaN,NaN,NaN,NaN,NaN,NaN,NaN
1420743900,NaN,NaN,NaN,NaN,NaN,NaN,NaN
1420743960,NaN,NaN,NaN,NaN,NaN,NaN,NaN
1420744020,NaN,NaN,NaN,NaN,NaN,NaN,NaN
1420744080,NaN,NaN,NaN,NaN,NaN,NaN,NaN
1420744140,NaN,NaN,NaN,NaN,NaN,NaN,NaN
1420744200,NaN,NaN,NaN,NaN,NaN,NaN,NaN
1420744260,NaN,NaN,NaN,NaN,NaN,NaN,NaN
1420744320,NaN,NaN,NaN,NaN,NaN,NaN,NaN
1420744380,NaN,NaN,NaN,NaN,NaN,NaN,NaN
1420744440,NaN,NaN,NaN,NaN,NaN,NaN,NaN
1420744500,NaN,NaN,NaN,NaN,NaN,NaN,NaN
1420744560,NaN,NaN,NaN,NaN,NaN,NaN,NaN
1420744620,NaN,NaN,NaN,NaN,NaN,NaN,NaN
1420744680,NaN,NaN,NaN,NaN,NaN,NaN,NaN
1420744740,NaN,NaN,NaN,NaN,NaN,NaN,NaN
1420744800,NaN,NaN,NaN,NaN,NaN,NaN,NaN
1420744860,NaN,NaN,NaN,NaN,NaN,NaN,NaN
1420744920,NaN,NaN,NaN,NaN,NaN,NaN,NaN
1420744980,NaN,NaN,NaN,NaN,NaN,NaN,NaN
1420745040,NaN,NaN,NaN,NaN,NaN,NaN,NaN
1420745100,NaN,NaN,NaN,NaN,NaN,NaN,NaN
1420745160,NaN,NaN,NaN,NaN,NaN,NaN,NaN
1420745220,NaN,NaN,NaN,NaN,NaN,NaN,NaN
1420745280,NaN,NaN,NaN,NaN,NaN,NaN,NaN
1420745340,NaN,NaN,NaN,NaN,NaN,NaN,NaN
1420745400,NaN,NaN,NaN,NaN,NaN,NaN,NaN
1420745460,NaN,NaN,NaN,NaN,NaN,NaN,NaN
1420745520,NaN,NaN,NaN,NaN,NaN,NaN,NaN
1420745580,NaN,NaN,NaN,NaN,NaN,NaN,NaN
1420745640,NaN,NaN,NaN,NaN,NaN,NaN,NaN
1420745700,NaN,NaN,NaN,NaN,NaN,NaN,NaN
1420745760,NaN,NaN,NaN,NaN,NaN,NaN,NaN
1420745820,NaN,NaN,NaN,NaN,NaN,NaN,NaN
1420745880,NaN,NaN,NaN,NaN,NaN,NaN,NaN
1420745940,NaN,NaN,NaN,NaN,NaN,NaN,NaN
1420746000,NaN,NaN,NaN,NaN,NaN,NaN,NaN
1420746060,NaN,NaN,NaN,NaN,NaN,NaN,NaN
1420746120,NaN,NaN,NaN,NaN,NaN,NaN,NaN
1420746180,NaN,NaN,NaN,NaN,NaN,NaN,NaN
1420746240,NaN,NaN,NaN,NaN,NaN,NaN,NaN
1420746300,NaN,NaN,NaN,NaN,NaN,NaN,NaN
1420746360,NaN,NaN,NaN,NaN,NaN,NaN,NaN
1420746420,NaN,NaN,NaN,NaN,NaN,NaN,NaN
1420746480,NaN,NaN,NaN,NaN,NaN,NaN,NaN
1420746540,NaN,NaN,NaN,NaN,NaN,NaN,NaN
1420746600,NaN,NaN,NaN,NaN,NaN,NaN,NaN
1420746660,NaN,NaN,NaN,NaN,NaN,NaN,NaN
1420746720,NaN,NaN,NaN,NaN,NaN,NaN,NaN
1420746780,NaN,NaN,NaN,NaN,NaN,NaN,NaN
1420746840,NaN,NaN,NaN,NaN,NaN,NaN,NaN
1420746900,NaN,NaN,NaN,NaN,NaN,NaN,NaN
1420746960,NaN,NaN,NaN,NaN,NaN,NaN,NaN
1420747020,NaN,NaN,NaN,NaN,NaN,NaN,NaN
1420747080,NaN,NaN,NaN,NaN,NaN,NaN,NaN
1420747140,NaN,NaN,NaN,NaN,NaN,NaN,NaN
1420747200,NaN,NaN,NaN,NaN,NaN,NaN,NaN
1420747260,NaN,NaN,NaN,NaN,NaN,NaN,NaN
1420747320,302.64,302.64,302.64,302.64,0.01,3.0264,302.64
1420747380,309.12,309.12,266.5,266.5,0.03,8.6103,287.01
1420747440,298.63,298.63,287.64,287.64,0.02,5.8627,293.135
1420747500,288.25,288.25,288.25,288.25,0.01,2.8825,288.25
1420747560,277.07,277.07,277.07,277.07,0.01,2.7707,277.07
1420747620,293.59,310.39,293.59,310.39,0.02,6.0398,301.99
1420747680,286.4,311.23,286.4,311.23,0.02,5.9763,298.815
1420747740,266.59,288.51,266.59,288.51,0.02,5.551,277.55
1420747800,314.72,314.72,313.35,313.35,0.02,6.2807,314.035
1420747860,279.06,288.78,279.06,288.78,0.02,5.6784,283.92
1420747920,286.95,286.95,266.94,266.94,0.02,5.5389,276.945
1420747980,309.41,309.41,309.41,309.41,0.01,3.0941,309.41
1420748040,287.7,287.7,276.44,276.44,0.02,5.6414,282.07
1420748100,313.24,313.24,269.84,269.84,0.02,5.8308,291.54
1420748160,287.55,310.37,275.58,275.58,0.04,11.7984,294.96
1420748220,269.6,302.75,269.6,302.75,0.02,5.7235,286.175
1420748280,280.39,280.39,280.39,280.39,0.01,2.8039,280.39
1420748340,276.62,293.86,276.62,288.99,0.04,11.3711,284.2775
1421120280,260,260,260,260,1,260,260
1421120340,NaN,NaN,NaN,NaN,NaN,NaN,NaN
1421120400,NaN,NaN,NaN,NaN,NaN,NaN,NaN
1421120460,NaN,NaN,NaN,NaN,NaN,NaN,NaN
1421120520,NaN,NaN,NaN,NaN,NaN,NaN,NaN
1421120580,NaN,NaN,NaN,NaN,NaN,NaN,NaN
1421120640,NaN,NaN,NaN,NaN,NaN,NaN,NaN
1421120700,NaN,NaN,NaN,NaN,NaN,NaN,NaN
1421120760,NaN,NaN,NaN,NaN,NaN,NaN,NaN
1421120820,NaN,NaN,NaN,NaN,NaN,NaN,NaN
1421120880,NaN,NaN,NaN,NaN,NaN,NaN,NaN
1421120940,NaN,NaN,NaN,NaN,NaN,NaN,NaN
1421121000,NaN,NaN,NaN,NaN,NaN,NaN,NaN
1421121060,NaN,NaN,NaN,NaN,NaN,NaN,NaN
1421121120,NaN,NaN,NaN,NaN,NaN,NaN,NaN
1421121180,NaN,NaN,NaN,NaN,NaN,NaN,NaN
1421121240,NaN,NaN,NaN,NaN,NaN,NaN,NaN
1421121300,NaN,NaN,NaN,NaN,NaN,NaN,NaN
1421121360,NaN,NaN,NaN,NaN,NaN,NaN,NaN
1421121420,NaN,NaN,NaN,NaN,NaN,NaN,NaN
1421121480,NaN,NaN,NaN,NaN,NaN,NaN,NaN
1421121540,NaN,NaN,NaN,NaN,NaN,NaN,NaN
1421121600,NaN,NaN,NaN,NaN,NaN,NaN,NaN
1421121660,NaN,NaN,NaN,NaN,NaN,NaN,NaN
1421121720,NaN,NaN,NaN,NaN,NaN,NaN,NaN
1421121780,NaN,NaN,NaN,NaN,NaN,NaN,NaN
1421121840,NaN,NaN,NaN,NaN,NaN,NaN,NaN
1421121900,NaN,NaN,NaN,NaN,NaN,NaN,NaN
1421121960,NaN,NaN,NaN,NaN,NaN,NaN,NaN
1421122020,NaN,NaN,NaN,NaN,NaN,NaN,NaN
1421122080,NaN,NaN,NaN,NaN,NaN,NaN,NaN
1421122140,NaN,NaN,NaN,NaN,NaN,NaN,NaN
1421122200,NaN,NaN,NaN,NaN,NaN,NaN,NaN
1421122260,NaN,NaN,NaN,NaN,NaN,NaN,NaN
1421122320,NaN,NaN,NaN,NaN,NaN,NaN,NaN
1421122380,NaN,NaN,NaN,NaN,NaN,NaN,NaN
1421122440,NaN,NaN,NaN,NaN,NaN,NaN,NaN
1421122500,NaN,NaN,NaN,NaN,NaN,NaN,NaN
1421122560,NaN,NaN,NaN,NaN,NaN,NaN,NaN
1421122620,NaN,NaN,NaN,NaN,NaN,NaN,NaN
1421122680,NaN,NaN,NaN,NaN,NaN,NaN,NaN
1421122740,NaN,NaN,NaN,NaN,NaN,NaN,NaN
1421122800,NaN,NaN,NaN,NaN,NaN,NaN,NaN
1421122860,NaN,NaN,NaN,NaN,NaN,NaN,NaN
1421122920,NaN,NaN,NaN,NaN,NaN,NaN,NaN
1421122980,NaN,NaN,NaN,NaN,NaN,NaN,NaN
1421123040,NaN,NaN,NaN,NaN,NaN,NaN,NaN
1421123100,NaN,NaN,NaN,NaN,NaN,NaN,NaN
1421123160,NaN,NaN,NaN,NaN,NaN,NaN,NaN
1421123220,NaN,NaN,NaN,NaN,NaN,NaN,NaN
1421123280,NaN,NaN,NaN,NaN,NaN,NaN,NaN
1421123340,NaN,NaN,NaN,NaN,NaN,NaN,NaN
1421123400,NaN,NaN,NaN,NaN,NaN,NaN,NaN
1421123460,NaN,NaN,NaN,NaN,NaN,NaN,NaN
1421123520,NaN,NaN,NaN,NaN,NaN,NaN,NaN
1421123580,NaN,NaN,NaN,NaN,NaN,NaN,NaN
1421123640,NaN,NaN,NaN,NaN,NaN,NaN,NaN
1421123700,NaN,NaN,NaN,NaN,NaN,NaN,NaN
1421123760,NaN,NaN,NaN,NaN,NaN,NaN,NaN
1421123820,NaN,NaN,NaN,NaN,NaN,NaN,NaN
1421123880,NaN,NaN,NaN,NaN,NaN,NaN,NaN
1421123940,NaN,NaN,NaN,NaN,NaN,NaN,NaN
1421124000,NaN,NaN,NaN,NaN,NaN,NaN,NaN
1421124060,NaN,NaN,NaN,NaN,NaN,NaN,NaN
1421124120,NaN,NaN,NaN,NaN,NaN,NaN,NaN
1421124180,NaN,NaN,NaN,NaN,NaN,NaN,NaN
1421124240,NaN,NaN,NaN,NaN,NaN,NaN,NaN
1421124300,NaN,NaN,NaN,NaN,NaN,NaN,NaN
1421124360,NaN,NaN,NaN,NaN,NaN,NaN,NaN
1421124420,NaN,NaN,NaN,NaN,NaN,NaN,NaN
1421124480,NaN,NaN,NaN,NaN,NaN,NaN,NaN
1421124540,NaN,NaN,NaN,NaN,NaN,NaN,NaN
1421124600,NaN,NaN,NaN,NaN,NaN,NaN,NaN
1421124660,NaN,NaN,NaN,NaN,NaN,NaN,NaN
1421124720,NaN,NaN,NaN,NaN,NaN,NaN,NaN
1421124780,NaN,NaN,NaN,NaN,NaN,NaN,NaN
1421124840,NaN,NaN,NaN,NaN,NaN,NaN,NaN
1421124900,NaN,NaN,NaN,NaN,NaN,NaN,NaN
1421124960,NaN,NaN,NaN,NaN,NaN,NaN,NaN
1421125020,NaN,NaN,NaN,NaN,NaN,NaN,NaN
1421125080,NaN,NaN,NaN,NaN,NaN,NaN,NaN
1421125140,NaN,NaN,NaN,NaN,NaN,NaN,NaN
1421125200,NaN,NaN,NaN,NaN,NaN,NaN,NaN
1421125260,NaN,NaN,NaN,NaN,NaN,NaN,NaN
1421125320,NaN,NaN,NaN,NaN,NaN,NaN,NaN
1421125380,NaN,NaN,NaN,NaN,NaN,NaN,NaN
1421125440,NaN,NaN,NaN,NaN,NaN,NaN,NaN
1421125500,NaN,NaN,NaN,NaN,NaN,NaN,NaN
1421125560,NaN,NaN,NaN,NaN,NaN,NaN,NaN
1421125620,NaN,NaN,NaN,NaN,NaN,NaN,NaN
1421125680,NaN,NaN,NaN,NaN,NaN,NaN,NaN
1421125740,NaN,NaN,NaN,NaN,NaN,NaN,NaN
1421125800,NaN,NaN,NaN,NaN,NaN,NaN,NaN
1421125860,NaN,NaN,NaN,NaN,NaN,NaN,NaN
1421125920,NaN,NaN,NaN,NaN,NaN,NaN,NaN
1421125980,NaN,NaN,NaN,NaN,NaN,NaN,NaN
1421126040,NaN,NaN,NaN,NaN,NaN,NaN,NaN
1421126100,NaN,NaN,NaN,NaN,NaN,NaN,NaN
1421126160,NaN,NaN,NaN,NaN,NaN,NaN,NaN
1421126220,NaN,NaN,NaN,NaN,NaN,NaN,NaN
1421126280,NaN,NaN,NaN,NaN,NaN,NaN,NaN
1421126340,NaN,NaN,NaN,NaN,NaN,NaN,NaN
1421126400,NaN,NaN,NaN,NaN,NaN,NaN,NaN
1421126460,NaN,NaN,NaN,NaN,NaN,NaN,NaN
1421126520,NaN,NaN,NaN,NaN,NaN,NaN,NaN
1421126580,NaN,NaN,NaN,NaN,NaN,NaN,NaN
1421126640,NaN,NaN,NaN,NaN,NaN,NaN,NaN
1421126700,NaN,NaN,NaN,NaN,NaN,NaN,NaN
1421126760,NaN,NaN,NaN,NaN,NaN,NaN,NaN
1421126820,NaN,NaN,NaN,NaN,NaN,NaN,NaN
1421126880,NaN,NaN,NaN,NaN,NaN,NaN,NaN
1421126940,NaN,NaN,NaN,NaN,NaN,NaN,NaN
1421127000,NaN,NaN,NaN,NaN,NaN,NaN,NaN
1421127060,NaN,NaN,NaN,NaN,NaN,NaN,NaN
1421127120,NaN,NaN,NaN,NaN,NaN,NaN,NaN
1421127180,NaN,NaN,NaN,NaN,NaN,NaN,NaN
1421127240,NaN,NaN,NaN,NaN,NaN,NaN,NaN
1421127300,NaN,NaN,NaN,NaN,NaN,NaN,NaN
1421127360,NaN,NaN,NaN,NaN,NaN,NaN,NaN
1421127420,NaN,NaN,NaN,NaN,NaN,NaN,NaN
1421127480,NaN,NaN,NaN,NaN,NaN,NaN,NaN
1421127540,NaN,NaN,NaN,NaN,NaN,NaN,NaN
1421127600,NaN,NaN,NaN,NaN,NaN,NaN,NaN
1421127660,NaN,NaN,NaN,NaN,NaN,NaN,NaN
1421127720,NaN,NaN,NaN,NaN,NaN,NaN,NaN
1421127780,NaN,NaN,NaN,NaN,NaN,NaN,NaN
1421127840,NaN,NaN,NaN,NaN,NaN,NaN,NaN
1421127900,NaN,NaN,NaN,NaN,NaN,NaN,NaN
1421127960,NaN,NaN,NaN,NaN,NaN,NaN,NaN
1421128020,NaN,NaN,NaN,NaN,NaN,NaN,NaN
1421128080,NaN,NaN,NaN,NaN,NaN,NaN,NaN
1421128140,NaN,NaN,NaN,NaN,NaN,NaN,NaN
1421128200,NaN,NaN,NaN,NaN,NaN,NaN,NaN
1421128260,NaN,NaN,NaN,NaN,NaN,NaN,NaN
1421128320,NaN,NaN,NaN,NaN,NaN,NaN,NaN
1421128380,NaN,NaN,NaN,NaN,NaN,NaN,NaN
1421128440,NaN,NaN,NaN,NaN,NaN,NaN,NaN
1421128500,NaN,NaN,NaN,NaN,NaN,NaN,NaN
1421128560,NaN,NaN,NaN,NaN,NaN,NaN,NaN
1421128620,NaN,NaN,NaN,NaN,NaN,NaN,NaN
1421128680,NaN,NaN,NaN,NaN,NaN,NaN,NaN
1421128740,NaN,NaN,NaN,NaN,NaN,NaN,NaN
1421128800,NaN,NaN,NaN,NaN,NaN,NaN,NaN
1421128860,NaN,NaN,NaN,NaN,NaN,NaN,NaN
1421128920,NaN,NaN,NaN,NaN,NaN,NaN,NaN
1421128980,NaN,NaN,NaN,NaN,NaN,NaN,NaN
1421129040,NaN,NaN,NaN,NaN,NaN,NaN,NaN
1421129100,NaN,NaN,NaN,NaN,NaN,NaN,NaN
1421129160,NaN,NaN,NaN,NaN,NaN,NaN,NaN
1421129220,NaN,NaN,NaN,NaN,NaN,NaN,NaN
1421129280,NaN,NaN,NaN,NaN,NaN,NaN,NaN
1421129340,NaN,NaN,NaN,NaN,NaN,NaN,NaN
1421129400,NaN,NaN,NaN,NaN,NaN,NaN,NaN
1421129460,NaN,NaN,NaN,NaN,NaN,NaN,NaN
1421129520,NaN,NaN,NaN,NaN,NaN,NaN,NaN
1421129580,NaN,NaN,NaN,NaN,NaN,NaN,NaN
1421129640,NaN,NaN,NaN,NaN,NaN,NaN,NaN
1421129700,NaN,NaN,NaN,NaN,NaN,NaN,NaN
1421129760,NaN,NaN,NaN,NaN,NaN,NaN,NaN
1421129820,NaN,NaN,NaN,NaN,NaN,NaN,NaN
1421129880,NaN,NaN,NaN,NaN,NaN,NaN,NaN
1421129940,NaN,NaN,NaN,NaN,NaN,NaN,NaN
1421130000,NaN,NaN,NaN,NaN,NaN,NaN,NaN
1421130060,NaN,NaN,NaN,NaN,NaN,NaN,NaN
1421130120,NaN,NaN,NaN,NaN,NaN,NaN,NaN
1421130180,NaN,NaN,NaN,NaN,NaN,NaN,NaN
1421130240,NaN,NaN,NaN,NaN,NaN,NaN,NaN
1421130300,NaN,NaN,NaN,NaN,NaN,NaN,NaN
1421130360,NaN,NaN,NaN,NaN,NaN,NaN,NaN
1421130420,NaN,NaN,NaN,NaN,NaN,NaN,NaN
1421130480,NaN,NaN,NaN,NaN,NaN,NaN,NaN
1421130540,NaN,NaN,NaN,NaN,NaN,NaN,NaN
1421130600,NaN,NaN,NaN,NaN,NaN,NaN,NaN
1421130660,NaN,NaN,NaN,NaN,NaN,NaN,NaN
1421130720,NaN,NaN,NaN,NaN,NaN,NaN,NaN
1421130780,NaN,NaN,NaN,NaN,NaN,NaN,NaN
1421130840,NaN,NaN,NaN,NaN,NaN,NaN,NaN
1421130900,NaN,NaN,NaN,NaN,NaN,NaN,NaN
1421130960,NaN,NaN,NaN,NaN,NaN,NaN,NaN
1421131020,NaN,NaN,NaN,NaN,NaN,NaN,NaN
1421131080,NaN,NaN,NaN,NaN,NaN,NaN,NaN
1421131140,NaN,NaN,NaN,NaN,NaN,NaN,NaN
1421131200,NaN,NaN,NaN,NaN,NaN,NaN,NaN
1421131260,NaN,NaN,NaN,NaN,NaN,NaN,NaN
1421131320,NaN,NaN,NaN,NaN,NaN,NaN,NaN
1421131380,NaN,NaN,NaN,NaN,NaN,NaN,NaN
1421131440,NaN,NaN,NaN,NaN,NaN,NaN,NaN
1421131500,NaN,NaN,NaN,NaN,NaN,NaN,NaN
1421131560,NaN,NaN,NaN,NaN,NaN,NaN,NaN
1421131620,NaN,NaN,NaN,NaN,NaN,NaN,NaN
1421131680,NaN,NaN,NaN,NaN,NaN,NaN,NaN
1421131740,NaN,NaN,NaN,NaN,NaN,NaN,NaN
1421131800,NaN,NaN,NaN,NaN,NaN,NaN,NaN
1421131860,NaN,NaN,NaN,NaN,NaN,NaN,NaN
1421131920,NaN,NaN,NaN,NaN,NaN,NaN,NaN
1421131980,NaN,NaN,NaN,NaN,NaN,NaN,NaN
1421132040,NaN,NaN,NaN,NaN,NaN,NaN,NaN
1421132100,NaN,NaN,NaN,NaN,NaN,NaN,NaN
1421132160,NaN,NaN,NaN,NaN,NaN,NaN,NaN
1421132220,NaN,NaN,NaN,NaN,NaN,NaN,NaN
1421132280,NaN,NaN,NaN,NaN,NaN,NaN,NaN
1421132340,NaN,NaN,NaN,NaN,NaN,NaN,NaN
1421132400,NaN,NaN,NaN,NaN,NaN,NaN,NaN
1421132460,NaN,NaN,NaN,NaN,NaN,NaN,NaN
1421132520,NaN,NaN,NaN,NaN,NaN,NaN,NaN
1421132580,NaN,NaN,NaN,NaN,NaN,NaN,NaN
1421132640,NaN,NaN,NaN,NaN,NaN,NaN,NaN
1421132700,NaN,NaN,NaN,NaN,NaN,NaN,NaN
1421132760,NaN,NaN,NaN,NaN,NaN,NaN,NaN
1421132820,NaN,NaN,NaN,NaN,NaN,NaN,NaN
1421132880,NaN,NaN,NaN,NaN,NaN,NaN,NaN
1421132940,NaN,NaN,NaN,NaN,NaN,NaN,NaN
1421133000,NaN,NaN,NaN,NaN,NaN,NaN,NaN
1421133060,NaN,NaN,NaN,NaN,NaN,NaN,NaN
1421133120,NaN,NaN,NaN,NaN,NaN,NaN,NaN
1421133180,NaN,NaN,NaN,NaN,NaN,NaN,NaN
1421133240,NaN,NaN,NaN,NaN,NaN,NaN,NaN
1421133300,NaN,NaN,NaN,NaN,NaN,NaN,NaN
1421133360,NaN,NaN,NaN,NaN,NaN,NaN,NaN
1421133420,NaN,NaN,NaN,NaN,NaN,NaN,NaN
1421133480,NaN,NaN,NaN,NaN,NaN,NaN,NaN
1421133540,NaN,NaN,NaN,NaN,NaN,NaN,NaN
1421133600,NaN,NaN,NaN,NaN,NaN,NaN,NaN
1421133660,NaN,NaN,NaN,NaN,NaN,NaN,NaN
1421133720,NaN,NaN,NaN,NaN,NaN,NaN,NaN
1421133780,NaN,NaN,NaN,NaN,NaN,NaN,NaN
1421133840,NaN,NaN,NaN,NaN,NaN,NaN,NaN
1421133900,NaN,NaN,NaN,NaN,NaN,NaN,NaN
1421133960,NaN,NaN,NaN,NaN,NaN,NaN,NaN
1421134020,NaN,NaN,NaN,NaN,NaN,NaN,NaN
1421134080,NaN,NaN,NaN,NaN,NaN,NaN,NaN
1421134140,NaN,NaN,NaN,NaN,NaN,NaN,NaN
1421134200,NaN,NaN,NaN,NaN,NaN,NaN,NaN
1421134260,NaN,NaN,NaN,NaN,NaN,NaN,NaN
1421134320,NaN,NaN,NaN,NaN,NaN,NaN,NaN
1421134380,NaN,NaN,NaN,NaN,NaN,NaN,NaN
1421134440,NaN,NaN,NaN,NaN,NaN,NaN,NaN
1421134500,NaN,NaN,NaN,NaN,NaN,NaN,NaN
1421134560,NaN,NaN,NaN,NaN,NaN,NaN,NaN
1421134620,NaN,NaN,NaN,NaN,NaN,NaN,NaN
1421134680,NaN,NaN,NaN,NaN,NaN,NaN,NaN
1421134740,NaN,NaN,NaN,NaN,NaN,NaN,NaN
1421134800,NaN,NaN,NaN,NaN,NaN,NaN,NaN
1421134860,NaN,NaN,NaN,NaN,NaN,NaN,NaN
1421134920,NaN,NaN,NaN,NaN,NaN,NaN,NaN
1421134980,NaN,NaN,NaN,NaN,NaN,NaN,NaN
1421135040,NaN,NaN,NaN,NaN,NaN,NaN,NaN
1421135100,NaN,NaN,NaN,NaN,NaN,NaN,NaN
1421135160,NaN,NaN,NaN,NaN,NaN,NaN,NaN
1421135220,NaN,NaN,NaN,NaN,NaN,NaN,NaN
1421135280,NaN,NaN,NaN,NaN,NaN,NaN,NaN
1421135340,NaN,NaN,NaN,NaN,NaN,NaN,NaN
1421135400,NaN,NaN,NaN,NaN,NaN,NaN,NaN
1421135460,NaN,NaN,NaN,NaN,NaN,NaN,NaN
1421135520,NaN,NaN,NaN,NaN,NaN,NaN,NaN
1421135580,NaN,NaN,NaN,NaN,NaN,NaN,NaN
1421135640,NaN,NaN,NaN,NaN,NaN,NaN,NaN
1421135700,NaN,NaN,NaN,NaN,NaN,NaN,NaN
1421135760,NaN,NaN,NaN,NaN,NaN,NaN,NaN
1421135820,NaN,NaN,NaN,NaN,NaN,NaN,NaN
1421135880,NaN,NaN,NaN,NaN,NaN,NaN,NaN
1421135940,NaN,NaN,NaN,NaN,NaN,NaN,NaN
1421136000,NaN,NaN,NaN,NaN,NaN,NaN,NaN
1421136060,NaN,NaN,NaN,NaN,NaN,NaN,NaN
1421136120,NaN,NaN,NaN,NaN,NaN,NaN,NaN
1421136180,NaN,NaN,NaN,NaN,NaN,NaN,NaN
1421136240,NaN,NaN,NaN,NaN,NaN,NaN,NaN
1421136300,NaN,NaN,NaN,NaN,NaN,NaN,NaN
1421136360,NaN,NaN,NaN,NaN,NaN,NaN,NaN
1421136420,NaN,NaN,NaN,NaN,NaN,NaN,NaN
1421136480,NaN,NaN,NaN,NaN,NaN,NaN,NaN
1421136540,NaN,NaN,NaN,NaN,NaN,NaN,NaN
1421136600,NaN,NaN,NaN,NaN,NaN,NaN,NaN
1421136660,NaN,NaN,NaN,NaN,NaN,NaN,NaN
1421136720,NaN,NaN,NaN,NaN,NaN,NaN,NaN
1421136780,NaN,NaN,NaN,NaN,NaN,NaN,NaN
1421136840,NaN,NaN,NaN,NaN,NaN,NaN,NaN
1421136900,NaN,NaN,NaN,NaN,NaN,NaN,NaN
1421136960,NaN,NaN,NaN,NaN,NaN,NaN,NaN
1421137020,NaN,NaN,NaN,NaN,NaN,NaN,NaN
1421137080,NaN,NaN,NaN,NaN,NaN,NaN,NaN
1421137140,NaN,NaN,NaN,NaN,NaN,NaN,NaN
1421137200,NaN,NaN,NaN,NaN,NaN,NaN,NaN
1421137260,NaN,NaN,NaN,NaN,NaN,NaN,NaN
1421137320,NaN,NaN,NaN,NaN,NaN,NaN,NaN
1421137380,NaN,NaN,NaN,NaN,NaN,NaN,NaN
1421137440,NaN,NaN,NaN,NaN,NaN,NaN,NaN
1421137500,NaN,NaN,NaN,NaN,NaN,NaN,NaN
1421137560,NaN,NaN,NaN,NaN,NaN,NaN,NaN
1421137620,NaN,NaN,NaN,NaN,NaN,NaN,NaN
1421137680,NaN,NaN,NaN,NaN,NaN,NaN,NaN
1421137740,NaN,NaN,NaN,NaN,NaN,NaN,NaN
1421137800,NaN,NaN,NaN,NaN,NaN,NaN,NaN
1421137860,NaN,NaN,NaN,NaN,NaN,NaN,NaN
1421137920,NaN,NaN,NaN,NaN,NaN,NaN,NaN
1421137980,NaN,NaN,NaN,NaN,NaN,NaN,NaN
1421138040,NaN,NaN,NaN,NaN,NaN,NaN,NaN
1421138100,NaN,NaN,NaN,NaN,NaN,NaN,NaN
1421138160,NaN,NaN,NaN,NaN,NaN,NaN,NaN
1421138220,NaN,NaN,NaN,NaN,NaN,NaN,NaN
1421138280,NaN,NaN,NaN,NaN,NaN,NaN,NaN
1421138340,NaN,NaN,NaN,NaN,NaN,NaN,NaN
1421138400,NaN,NaN,NaN,NaN,NaN,NaN,NaN
1421138460,NaN,NaN,NaN,NaN,NaN,NaN,NaN
1421138520,NaN,NaN,NaN,NaN,NaN,NaN,NaN
1421138580,NaN,NaN,NaN,NaN,NaN,NaN,NaN
1421138640,NaN,NaN,NaN,NaN,NaN,NaN,NaN
1421138700,NaN,NaN,NaN,NaN,NaN,NaN,NaN
1421138760,NaN,NaN,NaN,NaN,NaN,NaN,NaN
1421138820,NaN,NaN,NaN,NaN,NaN,NaN,NaN
1421138880,NaN,NaN,NaN,NaN,NaN,NaN,NaN
1421138940,NaN,NaN,NaN,NaN,NaN,NaN,NaN
1421139000,NaN,NaN,NaN,NaN,NaN,NaN,NaN
1421139060,NaN,NaN,NaN,NaN,NaN,NaN,NaN
1421139120,NaN,NaN,NaN,NaN,NaN,NaN,NaN
1421139180,NaN,NaN,NaN,NaN,NaN,NaN,NaN
1421139240,NaN,NaN,NaN,NaN,NaN,NaN,NaN
1421139300,NaN,NaN,NaN,NaN,NaN,NaN,NaN
1421139360,NaN,NaN,NaN,NaN,NaN,NaN,NaN
1421139420,NaN,NaN,NaN,NaN,NaN,NaN,NaN
1421139480,NaN,NaN,NaN,NaN,NaN,NaN,NaN
1421139540,NaN,NaN,NaN,NaN,NaN,NaN,NaN
1421139600,NaN,NaN,NaN,NaN,NaN,NaN,NaN
1421139660,NaN,NaN,NaN,NaN,NaN,NaN,NaN
1421139720,NaN,NaN,NaN,NaN,NaN,NaN,NaN
1421139780,NaN,NaN,NaN,NaN,NaN,NaN,NaN
1421139840,NaN,NaN,NaN,NaN,NaN,NaN,NaN
1421139900,NaN,NaN,NaN,NaN,NaN,NaN,NaN
1421139960,NaN,NaN,NaN,NaN,NaN,NaN,NaN
1421140020,NaN,NaN,NaN,NaN,NaN,NaN,NaN
1421140080,NaN,NaN,NaN,NaN,NaN,NaN,NaN
1421140140,NaN,NaN,NaN,NaN,NaN,NaN,NaN
1421140200,NaN,NaN,NaN,NaN,NaN,NaN,NaN
1421140260,NaN,NaN,NaN,NaN,NaN,NaN,NaN
1421140320,NaN,NaN,NaN,NaN,NaN,NaN,NaN
1421140380,NaN,NaN,NaN,NaN,NaN,NaN,NaN
1421140440,NaN,NaN,NaN,NaN,NaN,NaN,NaN
1421140500,NaN,NaN,NaN,NaN,NaN,NaN,NaN
1421140560,NaN,NaN,NaN,NaN,NaN,NaN,NaN
1421140620,NaN,NaN,NaN,NaN,NaN,NaN,NaN
1421140680,NaN,NaN,NaN,NaN,NaN,NaN,NaN
1421140740,NaN,NaN,NaN,NaN,NaN,NaN,NaN
1421140800,NaN,NaN,NaN,NaN,NaN,NaN,NaN
1421140860,NaN,NaN,NaN,NaN,NaN,NaN,NaN
1421140920,NaN,NaN,NaN,NaN,NaN,NaN,NaN
1421140980,NaN,NaN,NaN,NaN,NaN,NaN,NaN
1421141040,NaN,NaN,NaN,NaN,NaN,NaN,NaN
1421141100,NaN,NaN,NaN,NaN,NaN,NaN,NaN
1421141160,NaN,NaN,NaN,NaN,NaN,NaN,NaN
1421141220,NaN,NaN,NaN,NaN,NaN,NaN,NaN
1421141280,NaN,NaN,NaN,NaN,NaN,NaN,NaN
1421141340,NaN,NaN,NaN,NaN,NaN,NaN,NaN
1421141400,NaN,NaN,NaN,NaN,NaN,NaN,NaN
1421141460,NaN,NaN,NaN,NaN,NaN,NaN,NaN
1421141520,NaN,NaN,NaN,NaN,NaN,NaN,NaN
1421141580,NaN,NaN,NaN,NaN,NaN,NaN,NaN
1421141640,NaN,NaN,NaN,NaN,NaN,NaN,NaN
1421141700,NaN,NaN,NaN,NaN,NaN,NaN,NaN
1421141760,NaN,NaN,NaN,NaN,NaN,NaN,NaN
1421141820,NaN,NaN,NaN,NaN,NaN,NaN,NaN
1421141880,NaN,NaN,NaN,NaN,NaN,NaN,NaN
1421141940,NaN,NaN,NaN,NaN,NaN,NaN,NaN
1421142000,NaN,NaN,NaN,NaN,NaN,NaN,NaN
1421142060,NaN,NaN,NaN,NaN,NaN,NaN,NaN
1421142120,NaN,NaN,NaN,NaN,NaN,NaN,NaN
1421142180,NaN,NaN,NaN,NaN,NaN,NaN,NaN
1421142240,NaN,NaN,NaN,NaN,NaN,NaN,NaN
1421142300,NaN,NaN,NaN,NaN,NaN,NaN,NaN
1421142360,NaN,NaN,NaN,NaN,NaN,NaN,NaN
1421142420,NaN,NaN,NaN,NaN,NaN,NaN,NaN
1421142480,NaN,NaN,NaN,NaN,NaN,NaN,NaN
1421142540,NaN,NaN,NaN,NaN,NaN,NaN,NaN
1421142600,NaN,NaN,NaN,NaN,NaN,NaN,NaN
1421142660,NaN,NaN,NaN,NaN,NaN,NaN,NaN
1421142720,NaN,NaN,NaN,NaN,NaN,NaN,NaN
1421142780,NaN,NaN,NaN,NaN,NaN,NaN,NaN
1421142840,NaN,NaN,NaN,NaN,NaN,NaN,NaN
1421142900,NaN,NaN,NaN,NaN,NaN,NaN,NaN
1421142960,NaN,NaN,NaN,NaN,NaN,NaN,NaN
1421143020,NaN,NaN,NaN,NaN,NaN,NaN,NaN
1421143080,NaN,NaN,NaN,NaN,NaN,NaN,NaN
1421143140,NaN,NaN,NaN,NaN,NaN,NaN,NaN
1421143200,NaN,NaN,NaN,NaN,NaN,NaN,NaN
1421143260,NaN,NaN,NaN,NaN,NaN,NaN,NaN
1421143320,NaN,NaN,NaN,NaN,NaN,NaN,NaN
1421143380,NaN,NaN,NaN,NaN,NaN,NaN,NaN
1421143440,NaN,NaN,NaN,NaN,NaN,NaN,NaN
1421143500,NaN,NaN,NaN,NaN,NaN,NaN,NaN
1421143560,NaN,NaN,NaN,NaN,NaN,NaN,NaN
1421143620,NaN,NaN,NaN,NaN,NaN,NaN,NaN
1421143680,NaN,NaN,NaN,NaN,NaN,NaN,NaN
1421143740,NaN,NaN,NaN,NaN,NaN,NaN,NaN
1421143800,NaN,NaN,NaN,NaN,NaN,NaN,NaN
1421143860,NaN,NaN,NaN,NaN,NaN,NaN,NaN
1421143920,NaN,NaN,NaN,NaN,NaN,NaN,NaN
1421143980,NaN,NaN,NaN,NaN,NaN,NaN,NaN
1421144040,NaN,NaN,NaN,NaN,NaN,NaN,NaN
1421144100,NaN,NaN,NaN,NaN,NaN,NaN,NaN
1421144160,NaN,NaN,NaN,NaN,NaN,NaN,NaN
1421144220,NaN,NaN,NaN,NaN,NaN,NaN,NaN
1421144280,NaN,NaN,NaN,NaN,NaN,NaN,NaN
1421144340,NaN,NaN,NaN,NaN,NaN,NaN,NaN
1421144400,NaN,NaN,NaN,NaN,NaN,NaN,NaN
1421144460,NaN,NaN,NaN,NaN,NaN,NaN,NaN
1421144520,NaN,NaN,NaN,NaN,NaN,NaN,NaN
1421144580,NaN,NaN,NaN,NaN,NaN,NaN,NaN
1421144640,NaN,NaN,NaN,NaN,NaN,NaN,NaN
1421144700,NaN,NaN,NaN,NaN,NaN,NaN,NaN
1421144760,NaN,NaN,NaN,NaN,NaN,NaN,NaN
1421144820,NaN,NaN,NaN,NaN,NaN,NaN,NaN
1421144880,NaN,NaN,NaN,NaN,NaN,NaN,NaN
1421144940,NaN,NaN,NaN,NaN,NaN,NaN,NaN
1421145000,NaN,NaN,NaN,NaN,NaN,NaN,NaN
1421145060,NaN,NaN,NaN,NaN,NaN,NaN,NaN
1421145120,NaN,NaN,NaN,NaN,NaN,NaN,NaN
1421145180,NaN,NaN,NaN,NaN,NaN,NaN,NaN
1421145240,NaN,NaN,NaN,NaN,NaN,NaN,NaN
1421145300,NaN,NaN,NaN,NaN,NaN,NaN,NaN
1421145360,NaN,NaN,NaN,NaN,NaN,NaN,NaN
1421145420,NaN,NaN,NaN,NaN,NaN,NaN,NaN
1421145480,NaN,NaN,NaN,NaN,NaN,NaN,NaN
1421145540,NaN,NaN,NaN,NaN,NaN,NaN,NaN
1421145600,NaN,NaN,NaN,NaN,NaN,NaN,NaN
1421145660,NaN,NaN,NaN,NaN,NaN,NaN,NaN
1421145720,NaN,NaN,NaN,NaN,NaN,NaN,NaN
1421145780,NaN,NaN,NaN,NaN,NaN,NaN,NaN
1421145840,NaN,NaN,NaN,NaN,NaN,NaN,NaN
1421145900,NaN,NaN,NaN,NaN,NaN,NaN,NaN
1421145960,NaN,NaN,NaN,NaN,NaN,NaN,NaN
1421146020,NaN,NaN,NaN,NaN,NaN,NaN,NaN
1421146080,NaN,NaN,NaN,NaN,NaN,NaN,NaN
1421146140,NaN,NaN,NaN,NaN,NaN,NaN,NaN
1421146200,NaN,NaN,NaN,NaN,NaN,NaN,NaN
1421146260,NaN,NaN,NaN,NaN,NaN,NaN,NaN
1421146320,NaN,NaN,NaN,NaN,NaN,NaN,NaN
1421146380,NaN,NaN,NaN,NaN,NaN,NaN,NaN
1421146440,NaN,NaN,NaN,NaN,NaN,NaN,NaN
1421146500,NaN,NaN,NaN,NaN,NaN,NaN,NaN
1421146560,NaN,NaN,NaN,NaN,NaN,NaN,NaN
1421146620,NaN,NaN,NaN,NaN,NaN,NaN,NaN
1421146680,NaN,NaN,NaN,NaN,NaN,NaN,NaN
1421146740,NaN,NaN,NaN,NaN,NaN,NaN,NaN
1421146800,NaN,NaN,NaN,NaN,NaN,NaN,NaN
1421146860,NaN,NaN,NaN,NaN,NaN,NaN,NaN
1421146920,NaN,NaN,NaN,NaN,NaN,NaN,NaN
1421146980,NaN,NaN,NaN,NaN,NaN,NaN,NaN
1421147040,NaN,NaN,NaN,NaN,NaN,NaN,NaN
1421147100,NaN,NaN,NaN,NaN,NaN,NaN,NaN
1421147160,NaN,NaN,NaN,NaN,NaN,NaN,NaN
1421147220,NaN,NaN,NaN,NaN,NaN,NaN,NaN
1421147280,NaN,NaN,NaN,NaN,NaN,NaN,NaN
1421147340,NaN,NaN,NaN,NaN,NaN,NaN,NaN
1421147400,NaN,NaN,NaN,NaN,NaN,NaN,NaN
1421147460,NaN,NaN,NaN,NaN,NaN,NaN,NaN
1421147520,NaN,NaN,NaN,NaN,NaN,NaN,NaN
1421147580,NaN,NaN,NaN,NaN,NaN,NaN,NaN
1421147640,NaN,NaN,NaN,NaN,NaN,NaN,NaN
1421147700,NaN,NaN,NaN,NaN,NaN,NaN,NaN
1421147760,NaN,NaN,NaN,NaN,NaN,NaN,NaN
1421147820,NaN,NaN,NaN,NaN,NaN,NaN,NaN
1421147880,NaN,NaN,NaN,NaN,NaN,NaN,NaN
1421147940,NaN,NaN,NaN,NaN,NaN,NaN,NaN
1421148000,NaN,NaN,NaN,NaN,NaN,NaN,NaN
1421148060,NaN,NaN,NaN,NaN,NaN,NaN,NaN
1421148120,NaN,NaN,NaN,NaN,NaN,NaN,NaN
1421148180,NaN,NaN,NaN,NaN,NaN,NaN,NaN
1421148240,NaN,NaN,NaN,NaN,NaN,NaN,NaN
1421148300,NaN,NaN,NaN,NaN,NaN,NaN,NaN
1421148360,NaN,NaN,NaN,NaN,NaN,NaN,NaN
1421148420,NaN,NaN,NaN,NaN,NaN,NaN,NaN
1421148480,NaN,NaN,NaN,NaN,NaN,NaN,NaN
1421148540,NaN,NaN,NaN,NaN,NaN,NaN,NaN
1421148600,NaN,NaN,NaN,NaN,NaN,NaN,NaN
1421148660,NaN,NaN,NaN,NaN,NaN,NaN,NaN
1421148720,NaN,NaN,NaN,NaN,NaN,NaN,NaN
1421148780,NaN,NaN,NaN,NaN,NaN,NaN,NaN
1421148840,NaN,NaN,NaN,NaN,NaN,NaN,NaN
1421148900,NaN,NaN,NaN,NaN,NaN,NaN,NaN
1421148960,NaN,NaN,NaN,NaN,NaN,NaN,NaN
1421149020,NaN,NaN,NaN,NaN,NaN,NaN,NaN
1421149080,NaN,NaN,NaN,NaN,NaN,NaN,NaN
1421149140,NaN,NaN,NaN,NaN,NaN,NaN,NaN
1421149200,NaN,NaN,NaN,NaN,NaN,NaN,NaN
1421149260,NaN,NaN,NaN,NaN,NaN,NaN,NaN
1421149320,NaN,NaN,NaN,NaN,NaN,NaN,NaN
1421149380,NaN,NaN,NaN,NaN,NaN,NaN,NaN
1421149440,NaN,NaN,NaN,NaN,NaN,NaN,NaN
1421149500,NaN,NaN,NaN,NaN,NaN,NaN,NaN
1421149560,NaN,NaN,NaN,NaN,NaN,NaN,NaN
1421149620,NaN,NaN,NaN,NaN,NaN,NaN,NaN
1421149680,NaN,NaN,NaN,NaN,NaN,NaN,NaN
1421149740,NaN,NaN,NaN,NaN,NaN,NaN,NaN
1421149800,NaN,NaN,NaN,NaN,NaN,NaN,NaN
1421149860,NaN,NaN,NaN,NaN,NaN,NaN,NaN
1421149920,NaN,NaN,NaN,NaN,NaN,NaN,NaN
1421149980,NaN,NaN,NaN,NaN,NaN,NaN,NaN
1421150040,NaN,NaN,NaN,NaN,NaN,NaN,NaN
1421150100,NaN,NaN,NaN,NaN,NaN,NaN,NaN
1421150160,NaN,NaN,NaN,NaN,NaN,NaN,NaN
1421150220,NaN,NaN,NaN,NaN,NaN,NaN,NaN
1421150280,NaN,NaN,NaN,NaN,NaN,NaN,NaN
1421150340,NaN,NaN,NaN,NaN,NaN,NaN,NaN
1421150400,NaN,NaN,NaN,NaN,NaN,NaN,NaN
1421150460,NaN,NaN,NaN,NaN,NaN,NaN,NaN
1421150520,NaN,NaN,NaN,NaN,NaN,NaN,NaN
1421150580,NaN,NaN,NaN,NaN,NaN,NaN,NaN
1421150640,NaN,NaN,NaN,NaN,NaN,NaN,NaN
1421150700,NaN,NaN,NaN,NaN,NaN,NaN,NaN
1421150760,NaN,NaN,NaN,NaN,NaN,NaN,NaN
1421150820,NaN,NaN,NaN,NaN,NaN,NaN,NaN
1421150880,NaN,NaN,NaN,NaN,NaN,NaN,NaN
1421150940,NaN,NaN,NaN,NaN,NaN,NaN,NaN
1421151000,NaN,NaN,NaN,NaN,NaN,NaN,NaN
1421151060,NaN,NaN,NaN,NaN,NaN,NaN,NaN
1421151120,NaN,NaN,NaN,NaN,NaN,NaN,NaN
1421151180,NaN,NaN,NaN,NaN,NaN,NaN,NaN
1421151240,NaN,NaN,NaN,NaN,NaN,NaN,NaN
1421151300,NaN,NaN,NaN,NaN,NaN,NaN,NaN
1421151360,NaN,NaN,NaN,NaN,NaN,NaN,NaN
1421151420,NaN,NaN,NaN,NaN,NaN,NaN,NaN
1421151480,NaN,NaN,NaN,NaN,NaN,NaN,NaN
1421151540,NaN,NaN,NaN,NaN,NaN,NaN,NaN
1421151600,NaN,NaN,NaN,NaN,NaN,NaN,NaN
1421151660,NaN,NaN,NaN,NaN,NaN,NaN,NaN
1421151720,NaN,NaN,NaN,NaN,NaN,NaN,NaN
1421151780,NaN,NaN,NaN,NaN,NaN,NaN,NaN
1421151840,NaN,NaN,NaN,NaN,NaN,NaN,NaN
1421151900,NaN,NaN,NaN,NaN,NaN,NaN,NaN
1421151960,NaN,NaN,NaN,NaN,NaN,NaN,NaN
1421152020,NaN,NaN,NaN,NaN,NaN,NaN,NaN
1421152080,NaN,NaN,NaN,NaN,NaN,NaN,NaN
1421152140,NaN,NaN,NaN,NaN,NaN,NaN,NaN
1421152200,NaN,NaN,NaN,NaN,NaN,NaN,NaN
1421152260,NaN,NaN,NaN,NaN,NaN,NaN,NaN
1421152320,NaN,NaN,NaN,NaN,NaN,NaN,NaN
1421152380,NaN,NaN,NaN,NaN,NaN,NaN,NaN
1421152440,NaN,NaN,NaN,NaN,NaN,NaN,NaN
1421152500,NaN,NaN,NaN,NaN,NaN,NaN,NaN
1421152560,NaN,NaN,NaN,NaN,NaN,NaN,NaN
1421152620,NaN,NaN,NaN,NaN,NaN,NaN,NaN
1421152680,NaN,NaN,NaN,NaN,NaN,NaN,NaN
1421152740,NaN,NaN,NaN,NaN,NaN,NaN,NaN
1421152800,NaN,NaN,NaN,NaN,NaN,NaN,NaN
1421152860,NaN,NaN,NaN,NaN,NaN,NaN,NaN
1421152920,NaN,NaN,NaN,NaN,NaN,NaN,NaN
1421152980,NaN,NaN,NaN,NaN,NaN,NaN,NaN
1421153040,NaN,NaN,NaN,NaN,NaN,NaN,NaN
1421153100,NaN,NaN,NaN,NaN,NaN,NaN,NaN
1421153160,NaN,NaN,NaN,NaN,NaN,NaN,NaN
1421153220,NaN,NaN,NaN,NaN,NaN,NaN,NaN
1421153280,NaN,NaN,NaN,NaN,NaN,NaN,NaN
1421153340,NaN,NaN,NaN,NaN,NaN,NaN,NaN
1421153400,NaN,NaN,NaN,NaN,NaN,NaN,NaN
1421153460,NaN,NaN,NaN,NaN,NaN,NaN,NaN
1421153520,NaN,NaN,NaN,NaN,NaN,NaN,NaN
1421153580,NaN,NaN,NaN,NaN,NaN,NaN,NaN
1421153640,NaN,NaN,NaN,NaN,NaN,NaN,NaN
1421153700,NaN,NaN,NaN,NaN,NaN,NaN,NaN
1421153760,NaN,NaN,NaN,NaN,NaN,NaN,NaN
1421153820,NaN,NaN,NaN,NaN,NaN,NaN,NaN
1421153880,NaN,NaN,NaN,NaN,NaN,NaN,NaN
1421153940,NaN,NaN,NaN,NaN,NaN,NaN,NaN
1421154000,NaN,NaN,NaN,NaN,NaN,NaN,NaN
1421154060,NaN,NaN,NaN,NaN,NaN,NaN,NaN
1421154120,NaN,NaN,NaN,NaN,NaN,NaN,NaN
1421154180,NaN,NaN,NaN,NaN,NaN,NaN,NaN
1421154240,NaN,NaN,NaN,NaN,NaN,NaN,NaN
1421154300,NaN,NaN,NaN,NaN,NaN,NaN,NaN
1421154360,NaN,NaN,NaN,NaN,NaN,NaN,NaN
1421154420,NaN,NaN,NaN,NaN,NaN,NaN,NaN
1421154480,NaN,NaN,NaN,NaN,NaN,NaN,NaN
1421154540,NaN,NaN,NaN,NaN,NaN,NaN,NaN
1421154600,NaN,NaN,NaN,NaN,NaN,NaN,NaN
1421154660,NaN,NaN,NaN,NaN,NaN,NaN,NaN
1421154720,NaN,NaN,NaN,NaN,NaN,NaN,NaN
1421154780,NaN,NaN,NaN,NaN,NaN,NaN,NaN
1421154840,NaN,NaN,NaN,NaN,NaN,NaN,NaN
1421154900,NaN,NaN,NaN,NaN,NaN,NaN,NaN
1421154960,NaN,NaN,NaN,NaN,NaN,NaN,NaN
1421155020,NaN,NaN,NaN,NaN,NaN,NaN,NaN
1421155080,NaN,NaN,NaN,NaN,NaN,NaN,NaN
1421155140,NaN,NaN,NaN,NaN,NaN,NaN,NaN
1421155200,NaN,NaN,NaN,NaN,NaN,NaN,NaN
1421155260,NaN,NaN,NaN,NaN,NaN,NaN,NaN
1421155320,NaN,NaN,NaN,NaN,NaN,NaN,NaN
1421155380,NaN,NaN,NaN,NaN,NaN,NaN,NaN
1421155440,NaN,NaN,NaN,NaN,NaN,NaN,NaN
1421155500,NaN,NaN,NaN,NaN,NaN,NaN,NaN
1421155560,NaN,NaN,NaN,NaN,NaN,NaN,NaN
1421155620,NaN,NaN,NaN,NaN,NaN,NaN,NaN
1421155680,NaN,NaN,NaN,NaN,NaN,NaN,NaN
1421155740,NaN,NaN,NaN,NaN,NaN,NaN,NaN
1421155800,NaN,NaN,NaN,NaN,NaN,NaN,NaN
1421155860,NaN,NaN,NaN,NaN,NaN,NaN,NaN
1421155920,NaN,NaN,NaN,NaN,NaN,NaN,NaN
1421155980,NaN,NaN,NaN,NaN,NaN,NaN,NaN
1421156040,NaN,NaN,NaN,NaN,NaN,NaN,NaN
1421156100,NaN,NaN,NaN,NaN,NaN,NaN,NaN
1421156160,NaN,NaN,NaN,NaN,NaN,NaN,NaN
1421156220,NaN,NaN,NaN,NaN,NaN,NaN,NaN
1421156280,NaN,NaN,NaN,NaN,NaN,NaN,NaN
1421156340,NaN,NaN,NaN,NaN,NaN,NaN,NaN
1421156400,NaN,NaN,NaN,NaN,NaN,NaN,NaN
1421156460,NaN,NaN,NaN,NaN,NaN,NaN,NaN
1421156520,NaN,NaN,NaN,NaN,NaN,NaN,NaN
1421156580,NaN,NaN,NaN,NaN,NaN,NaN,NaN
1421156640,NaN,NaN,NaN,NaN,NaN,NaN,NaN
1421156700,NaN,NaN,NaN,NaN,NaN,NaN,NaN
1421156760,NaN,NaN,NaN,NaN,NaN,NaN,NaN
1421156820,NaN,NaN,NaN,NaN,NaN,NaN,NaN
1421156880,NaN,NaN,NaN,NaN,NaN,NaN,NaN
1421156940,NaN,NaN,NaN,NaN,NaN,NaN,NaN
1421157000,NaN,NaN,NaN,NaN,NaN,NaN,NaN
1421157060,NaN,NaN,NaN,NaN,NaN,NaN,NaN
1421157120,NaN,NaN,NaN,NaN,NaN,NaN,NaN
1421157180,NaN,NaN,NaN,NaN,NaN,NaN,NaN
1421157240,NaN,NaN,NaN,NaN,NaN,NaN,NaN
1421157300,NaN,NaN,NaN,NaN,NaN,NaN,NaN
1421157360,NaN,NaN,NaN,NaN,NaN,NaN,NaN
1421157420,NaN,NaN,NaN,NaN,NaN,NaN,NaN
1421157480,NaN,NaN,NaN,NaN,NaN,NaN,NaN
1421157540,NaN,NaN,NaN,NaN,NaN,NaN,NaN
1421157600,NaN,NaN,NaN,NaN,NaN,NaN,NaN
1421157660,NaN,NaN,NaN,NaN,NaN,NaN,NaN
1421157720,NaN,NaN,NaN,NaN,NaN,NaN,NaN
1421157780,NaN,NaN,NaN,NaN,NaN,NaN,NaN
1421157840,NaN,NaN,NaN,NaN,NaN,NaN,NaN
1421157900,NaN,NaN,NaN,NaN,NaN,NaN,NaN
1421157960,NaN,NaN,NaN,NaN,NaN,NaN,NaN
1421158020,NaN,NaN,NaN,NaN,NaN,NaN,NaN
1421158080,NaN,NaN,NaN,NaN,NaN,NaN,NaN
1421158140,NaN,NaN,NaN,NaN,NaN,NaN,NaN
1421158200,NaN,NaN,NaN,NaN,NaN,NaN,NaN
1421158260,NaN,NaN,NaN,NaN,NaN,NaN,NaN
1421158320,NaN,NaN,NaN,NaN,NaN,NaN,NaN
1421158380,NaN,NaN,NaN,NaN,NaN,NaN,NaN
1421158440,NaN,NaN,NaN,NaN,NaN,NaN,NaN
1421158500,NaN,NaN,NaN,NaN,NaN,NaN,NaN
1421158560,NaN,NaN,NaN,NaN,NaN,NaN,NaN
1421158620,NaN,NaN,NaN,NaN,NaN,NaN,NaN
1421158680,NaN,NaN,NaN,NaN,NaN,NaN,NaN
1421158740,NaN,NaN,NaN,NaN,NaN,NaN,NaN
1421158800,NaN,NaN,NaN,NaN,NaN,NaN,NaN
1421158860,NaN,NaN,NaN,NaN,NaN,NaN,NaN
1421158920,NaN,NaN,NaN,NaN,NaN,NaN,NaN
1421158980,NaN,NaN,NaN,NaN,NaN,NaN,NaN
1421159040,NaN,NaN,NaN,NaN,NaN,NaN,NaN
1421159100,NaN,NaN,NaN,NaN,NaN,NaN,NaN
1421159160,NaN,NaN,NaN,NaN,NaN,NaN,NaN
1421159220,NaN,NaN,NaN,NaN,NaN,NaN,NaN
1421159280,NaN,NaN,NaN,NaN,NaN,NaN,NaN
1421159340,NaN,NaN,NaN,NaN,NaN,NaN,NaN
1421159400,NaN,NaN,NaN,NaN,NaN,NaN,NaN
1421159460,NaN,NaN,NaN,NaN,NaN,NaN,NaN
1421159520,NaN,NaN,NaN,NaN,NaN,NaN,NaN
1421159580,NaN,NaN,NaN,NaN,NaN,NaN,NaN
1421159640,NaN,NaN,NaN,NaN,NaN,NaN,NaN
1421159700,NaN,NaN,NaN,NaN,NaN,NaN,NaN
1421159760,NaN,NaN,NaN,NaN,NaN,NaN,NaN
1421159820,NaN,NaN,NaN,NaN,NaN,NaN,NaN
1421159880,NaN,NaN,NaN,NaN,NaN,NaN,NaN
1421159940,NaN,NaN,NaN,NaN,NaN,NaN,NaN
1421160000,NaN,NaN,NaN,NaN,NaN,NaN,NaN
1421160060,NaN,NaN,NaN,NaN,NaN,NaN,NaN
1421160120,NaN,NaN,NaN,NaN,NaN,NaN,NaN
1421160180,NaN,NaN,NaN,NaN,NaN,NaN,NaN
1421160240,NaN,NaN,NaN,NaN,NaN,NaN,NaN
1421160300,NaN,NaN,NaN,NaN,NaN,NaN,NaN
1421160360,NaN,NaN,NaN,NaN,NaN,NaN,NaN
1421160420,NaN,NaN,NaN,NaN,NaN,NaN,NaN
1421160480,NaN,NaN,NaN,NaN,NaN,NaN,NaN
1421160540,NaN,NaN,NaN,NaN,NaN,NaN,NaN
1421160600,NaN,NaN,NaN,NaN,NaN,NaN,NaN
1421160660,NaN,NaN,NaN,NaN,NaN,NaN,NaN
1421160720,NaN,NaN,NaN,NaN,NaN,NaN,NaN
1421160780,NaN,NaN,NaN,NaN,NaN,NaN,NaN
1421160840,NaN,NaN,NaN,NaN,NaN,NaN,NaN
1421160900,NaN,NaN,NaN,NaN,NaN,NaN,NaN
1421160960,NaN,NaN,NaN,NaN,NaN,NaN,NaN
1421161020,NaN,NaN,NaN,NaN,NaN,NaN,NaN
1421161080,NaN,NaN,NaN,NaN,NaN,NaN,NaN
1421161140,NaN,NaN,NaN,NaN,NaN,NaN,NaN
1421161200,NaN,NaN,NaN,NaN,NaN,NaN,NaN
1421161260,NaN,NaN,NaN,NaN,NaN,NaN,NaN
1421161320,NaN,NaN,NaN,NaN,NaN,NaN,NaN
1421161380,NaN,NaN,NaN,NaN,NaN,NaN,NaN
1421161440,NaN,NaN,NaN,NaN,NaN,NaN,NaN
1421161500,NaN,NaN,NaN,NaN,NaN,NaN,NaN
1421161560,NaN,NaN,NaN,NaN,NaN,NaN,NaN
1421161620,NaN,NaN,NaN,NaN,NaN,NaN,NaN
1421161680,NaN,NaN,NaN,NaN,NaN,NaN,NaN
1421161740,NaN,NaN,NaN,NaN,NaN,NaN,NaN
1421161800,NaN,NaN,NaN,NaN,NaN,NaN,NaN
1421161860,NaN,NaN,NaN,NaN,NaN,NaN,NaN
1421161920,NaN,NaN,NaN,NaN,NaN,NaN,NaN
1421161980,NaN,NaN,NaN,NaN,NaN,NaN,NaN
1421162040,NaN,NaN,NaN,NaN,NaN,NaN,NaN
1421162100,NaN,NaN,NaN,NaN,NaN,NaN,NaN
1421162160,NaN,NaN,NaN,NaN,NaN,NaN,NaN
1421162220,NaN,NaN,NaN,NaN,NaN,NaN,NaN
1421162280,NaN,NaN,NaN,NaN,NaN,NaN,NaN
1421162340,NaN,NaN,NaN,NaN,NaN,NaN,NaN
1421162400,NaN,NaN,NaN,NaN,NaN,NaN,NaN
1421162460,NaN,NaN,NaN,NaN,NaN,NaN,NaN
1421162520,NaN,NaN,NaN,NaN,NaN,NaN,NaN
1421162580,NaN,NaN,NaN,NaN,NaN,NaN,NaN
1421162640,NaN,NaN,NaN,NaN,NaN,NaN,NaN
1421162700,NaN,NaN,NaN,NaN,NaN,NaN,NaN
1421162760,NaN,NaN,NaN,NaN,NaN,NaN,NaN
1421162820,NaN,NaN,NaN,NaN,NaN,NaN,NaN
1421162880,NaN,NaN,NaN,NaN,NaN,NaN,NaN
1421162940,NaN,NaN,NaN,NaN,NaN,NaN,NaN
1421163000,NaN,NaN,NaN,NaN,NaN,NaN,NaN
1421163060,NaN,NaN,NaN,NaN,NaN,NaN,NaN
1421163120,NaN,NaN,NaN,NaN,NaN,NaN,NaN
1421163180,NaN,NaN,NaN,NaN,NaN,NaN,NaN
1421163240,NaN,NaN,NaN,NaN,NaN,NaN,NaN
1421163300,NaN,NaN,NaN,NaN,NaN,NaN,NaN
1421163360,NaN,NaN,NaN,NaN,NaN,NaN,NaN
1421163420,NaN,NaN,NaN,NaN,NaN,NaN,NaN
1421163480,NaN,NaN,NaN,NaN,NaN,NaN,NaN
1421163540,NaN,NaN,NaN,NaN,NaN,NaN,NaN
1421163600,NaN,NaN,NaN,NaN,NaN,NaN,NaN
1421163660,NaN,NaN,NaN,NaN,NaN,NaN,NaN
1421163720,NaN,NaN,NaN,NaN,NaN,NaN,NaN
1421163780,NaN,NaN,NaN,NaN,NaN,NaN,NaN
1421163840,NaN,NaN,NaN,NaN,NaN,NaN,NaN
1421163900,NaN,NaN,NaN,NaN,NaN,NaN,NaN
1421163960,NaN,NaN,NaN,NaN,NaN,NaN,NaN
1421164020,NaN,NaN,NaN,NaN,NaN,NaN,NaN
1421164080,NaN,NaN,NaN,NaN,NaN,NaN,NaN
1421164140,NaN,NaN,NaN,NaN,NaN,NaN,NaN
1421164200,NaN,NaN,NaN,NaN,NaN,NaN,NaN
1421164260,NaN,NaN,NaN,NaN,NaN,NaN,NaN
1421164320,NaN,NaN,NaN,NaN,NaN,NaN,NaN
1421164380,NaN,NaN,NaN,NaN,NaN,NaN,NaN
1421164440,NaN,NaN,NaN,NaN,NaN,NaN,NaN
1421164500,NaN,NaN,NaN,NaN,NaN,NaN,NaN
1421164560,NaN,NaN,NaN,NaN,NaN,NaN,NaN
1421164620,NaN,NaN,NaN,NaN,NaN,NaN,NaN
1421164680,NaN,NaN,NaN,NaN,NaN,NaN,NaN
1421164740,NaN,NaN,NaN,NaN,NaN,NaN,NaN
1421164800,NaN,NaN,NaN,NaN,NaN,NaN,NaN
1421164860,NaN,NaN,NaN,NaN,NaN,NaN,NaN
1421164920,NaN,NaN,NaN,NaN,NaN,NaN,NaN
1421164980,NaN,NaN,NaN,NaN,NaN,NaN,NaN
1421165040,NaN,NaN,NaN,NaN,NaN,NaN,NaN
1421165100,NaN,NaN,NaN,NaN,NaN,NaN,NaN
1421165160,NaN,NaN,NaN,NaN,NaN,NaN,NaN
1421165220,NaN,NaN,NaN,NaN,NaN,NaN,NaN
1421165280,NaN,NaN,NaN,NaN,NaN,NaN,NaN
1421165340,NaN,NaN,NaN,NaN,NaN,NaN,NaN
1421165400,NaN,NaN,NaN,NaN,NaN,NaN,NaN
1421165460,NaN,NaN,NaN,NaN,NaN,NaN,NaN
1421165520,NaN,NaN,NaN,NaN,NaN,NaN,NaN
1421165580,NaN,NaN,NaN,NaN,NaN,NaN,NaN
1421165640,NaN,NaN,NaN,NaN,NaN,NaN,NaN
1421165700,NaN,NaN,NaN,NaN,NaN,NaN,NaN
1421165760,NaN,NaN,NaN,NaN,NaN,NaN,NaN
1421165820,NaN,NaN,NaN,NaN,NaN,NaN,NaN
1421165880,NaN,NaN,NaN,NaN,NaN,NaN,NaN
1421165940,NaN,NaN,NaN,NaN,NaN,NaN,NaN
1421166000,NaN,NaN,NaN,NaN,NaN,NaN,NaN
1421166060,NaN,NaN,NaN,NaN,NaN,NaN,NaN
1421166120,NaN,NaN,NaN,NaN,NaN,NaN,NaN
1421166180,NaN,NaN,NaN,NaN,NaN,NaN,NaN
1421166240,NaN,NaN,NaN,NaN,NaN,NaN,NaN
1421166300,NaN,NaN,NaN,NaN,NaN,NaN,NaN
1421166360,NaN,NaN,NaN,NaN,NaN,NaN,NaN
1421166420,NaN,NaN,NaN,NaN,NaN,NaN,NaN
1421166480,NaN,NaN,NaN,NaN,NaN,NaN,NaN
1421166540,NaN,NaN,NaN,NaN,NaN,NaN,NaN
1421166600,NaN,NaN,NaN,NaN,NaN,NaN,NaN
1421166660,NaN,NaN,NaN,NaN,NaN,NaN,NaN
1421166720,NaN,NaN,NaN,NaN,NaN,NaN,NaN
1421166780,NaN,NaN,NaN,NaN,NaN,NaN,NaN
1421166840,NaN,NaN,NaN,NaN,NaN,NaN,NaN
1421166900,NaN,NaN,NaN,NaN,NaN,NaN,NaN
1421166960,NaN,NaN,NaN,NaN,NaN,NaN,NaN
1421167020,NaN,NaN,NaN,NaN,NaN,NaN,NaN
1421167080,NaN,NaN,NaN,NaN,NaN,NaN,NaN
1421167140,NaN,NaN,NaN,NaN,NaN,NaN,NaN
1421167200,NaN,NaN,NaN,NaN,NaN,NaN,NaN
1421167260,NaN,NaN,NaN,NaN,NaN,NaN,NaN
1421167320,NaN,NaN,NaN,NaN,NaN,NaN,NaN
1421167380,NaN,NaN,NaN,NaN,NaN,NaN,NaN
1421167440,NaN,NaN,NaN,NaN,NaN,NaN,NaN
1421167500,NaN,NaN,NaN,NaN,NaN,NaN,NaN
1421167560,NaN,NaN,NaN,NaN,NaN,NaN,NaN
1421167620,NaN,NaN,NaN,NaN,NaN,NaN,NaN
1421167680,NaN,NaN,NaN,NaN,NaN,NaN,NaN
1421167740,NaN,NaN,NaN,NaN,NaN,NaN,NaN
1421167800,NaN,NaN,NaN,NaN,NaN,NaN,NaN
1421167860,NaN,NaN,NaN,NaN,NaN,NaN,NaN
1421167920,NaN,NaN,NaN,NaN,NaN,NaN,NaN
1421167980,NaN,NaN,NaN,NaN,NaN,NaN,NaN
1421168040,NaN,NaN,NaN,NaN,NaN,NaN,NaN
1421168100,NaN,NaN,NaN,NaN,NaN,NaN,NaN
1421168160,NaN,NaN,NaN,NaN,NaN,NaN,NaN
1421168220,NaN,NaN,NaN,NaN,NaN,NaN,NaN
1421168280,NaN,NaN,NaN,NaN,NaN,NaN,NaN
1421168340,NaN,NaN,NaN,NaN,NaN,NaN,NaN
1421168400,NaN,NaN,NaN,NaN,NaN,NaN,NaN
1421168460,NaN,NaN,NaN,NaN,NaN,NaN,NaN
1421168520,NaN,NaN,NaN,NaN,NaN,NaN,NaN
1421168580,NaN,NaN,NaN,NaN,NaN,NaN,NaN
1421168640,NaN,NaN,NaN,NaN,NaN,NaN,NaN
1421168700,NaN,NaN,NaN,NaN,NaN,NaN,NaN
1421168760,NaN,NaN,NaN,NaN,NaN,NaN,NaN
1421168820,NaN,NaN,NaN,NaN,NaN,NaN,NaN
1421168880,NaN,NaN,NaN,NaN,NaN,NaN,NaN
1421168940,NaN,NaN,NaN,NaN,NaN,NaN,NaN
1421169000,NaN,NaN,NaN,NaN,NaN,NaN,NaN
1421169060,NaN,NaN,NaN,NaN,NaN,NaN,NaN
1421169120,NaN,NaN,NaN,NaN,NaN,NaN,NaN
1421169180,NaN,NaN,NaN,NaN,NaN,NaN,NaN
1421169240,NaN,NaN,NaN,NaN,NaN,NaN,NaN
1421169300,NaN,NaN,NaN,NaN,NaN,NaN,NaN
1421169360,NaN,NaN,NaN,NaN,NaN,NaN,NaN
1421169420,NaN,NaN,NaN,NaN,NaN,NaN,NaN
1421169480,NaN,NaN,NaN,NaN,NaN,NaN,NaN
1421169540,NaN,NaN,NaN,NaN,NaN,NaN,NaN
1421169600,NaN,NaN,NaN,NaN,NaN,NaN,NaN
1421169660,NaN,NaN,NaN,NaN,NaN,NaN,NaN
1421169720,NaN,NaN,NaN,NaN,NaN,NaN,NaN
1421169780,NaN,NaN,NaN,NaN,NaN,NaN,NaN
1421169840,NaN,NaN,NaN,NaN,NaN,NaN,NaN
1421169900,NaN,NaN,NaN,NaN,NaN,NaN,NaN
1421169960,NaN,NaN,NaN,NaN,NaN,NaN,NaN
1421170020,NaN,NaN,NaN,NaN,NaN,NaN,NaN
1421170080,NaN,NaN,NaN,NaN,NaN,NaN,NaN
1421170140,NaN,NaN,NaN,NaN,NaN,NaN,NaN
1421170200,NaN,NaN,NaN,NaN,NaN,NaN,NaN
1421170260,NaN,NaN,NaN,NaN,NaN,NaN,NaN
1421170320,NaN,NaN,NaN,NaN,NaN,NaN,NaN
1421170380,NaN,NaN,NaN,NaN,NaN,NaN,NaN
1421170440,NaN,NaN,NaN,NaN,NaN,NaN,NaN
1421170500,NaN,NaN,NaN,NaN,NaN,NaN,NaN
1421170560,NaN,NaN,NaN,NaN,NaN,NaN,NaN
1421170620,NaN,NaN,NaN,NaN,NaN,NaN,NaN
1421170680,NaN,NaN,NaN,NaN,NaN,NaN,NaN
1421170740,NaN,NaN,NaN,NaN,NaN,NaN,NaN
1421170800,NaN,NaN,NaN,NaN,NaN,NaN,NaN
1421170860,NaN,NaN,NaN,NaN,NaN,NaN,NaN
1421170920,NaN,NaN,NaN,NaN,NaN,NaN,NaN
1421170980,NaN,NaN,NaN,NaN,NaN,NaN,NaN
1421171040,NaN,NaN,NaN,NaN,NaN,NaN,NaN
1421171100,NaN,NaN,NaN,NaN,NaN,NaN,NaN
1421171160,NaN,NaN,NaN,NaN,NaN,NaN,NaN
1421171220,NaN,NaN,NaN,NaN,NaN,NaN,NaN
1421171280,NaN,NaN,NaN,NaN,NaN,NaN,NaN
1421171340,NaN,NaN,NaN,NaN,NaN,NaN,NaN
1421171400,NaN,NaN,NaN,NaN,NaN,NaN,NaN
1421171460,NaN,NaN,NaN,NaN,NaN,NaN,NaN
1421171520,NaN,NaN,NaN,NaN,NaN,NaN,NaN
1421171580,NaN,NaN,NaN,NaN,NaN,NaN,NaN
1421171640,NaN,NaN,NaN,NaN,NaN,NaN,NaN
1421171700,NaN,NaN,NaN,NaN,NaN,NaN,NaN
1421171760,NaN,NaN,NaN,NaN,NaN,NaN,NaN
1421171820,NaN,NaN,NaN,NaN,NaN,NaN,NaN
1421171880,NaN,NaN,NaN,NaN,NaN,NaN,NaN
1421171940,NaN,NaN,NaN,NaN,NaN,NaN,NaN
1421172000,NaN,NaN,NaN,NaN,NaN,NaN,NaN
1421172060,NaN,NaN,NaN,NaN,NaN,NaN,NaN
1421172120,NaN,NaN,NaN,NaN,NaN,NaN,NaN
1421172180,NaN,NaN,NaN,NaN,NaN,NaN,NaN
1421172240,NaN,NaN,NaN,NaN,NaN,NaN,NaN
1421172300,NaN,NaN,NaN,NaN,NaN,NaN,NaN
1421172360,NaN,NaN,NaN,NaN,NaN,NaN,NaN
1421172420,NaN,NaN,NaN,NaN,NaN,NaN,NaN
1421172480,NaN,NaN,NaN,NaN,NaN,NaN,NaN
1421172540,NaN,NaN,NaN,NaN,NaN,NaN,NaN
1421172600,NaN,NaN,NaN,NaN,NaN,NaN,NaN
1421172660,NaN,NaN,NaN,NaN,NaN,NaN,NaN
1421172720,NaN,NaN,NaN,NaN,NaN,NaN,NaN
1421172780,NaN,NaN,NaN,NaN,NaN,NaN,NaN
1421172840,NaN,NaN,NaN,NaN,NaN,NaN,NaN
1421172900,NaN,NaN,NaN,NaN,NaN,NaN,NaN
1421172960,NaN,NaN,NaN,NaN,NaN,NaN,NaN
1421173020,NaN,NaN,NaN,NaN,NaN,NaN,NaN
1421173080,NaN,NaN,NaN,NaN,NaN,NaN,NaN
1421173140,NaN,NaN,NaN,NaN,NaN,NaN,NaN
1421173200,NaN,NaN,NaN,NaN,NaN,NaN,NaN
1421173260,NaN,NaN,NaN,NaN,NaN,NaN,NaN
1421173320,NaN,NaN,NaN,NaN,NaN,NaN,NaN
1421173380,NaN,NaN,NaN,NaN,NaN,NaN,NaN
1421173440,NaN,NaN,NaN,NaN,NaN,NaN,NaN
1421173500,NaN,NaN,NaN,NaN,NaN,NaN,NaN
1421173560,NaN,NaN,NaN,NaN,NaN,NaN,NaN
1421173620,NaN,NaN,NaN,NaN,NaN,NaN,NaN
1421173680,NaN,NaN,NaN,NaN,NaN,NaN,NaN
1421173740,NaN,NaN,NaN,NaN,NaN,NaN,NaN
1421173800,NaN,NaN,NaN,NaN,NaN,NaN,NaN
1421173860,NaN,NaN,NaN,NaN,NaN,NaN,NaN
1421173920,NaN,NaN,NaN,NaN,NaN,NaN,NaN
1421173980,NaN,NaN,NaN,NaN,NaN,NaN,NaN
1421174040,NaN,NaN,NaN,NaN,NaN,NaN,NaN
1421174100,NaN,NaN,NaN,NaN,NaN,NaN,NaN
1421174160,NaN,NaN,NaN,NaN,NaN,NaN,NaN
1421174220,NaN,NaN,NaN,NaN,NaN,NaN,NaN
1421174280,NaN,NaN,NaN,NaN,NaN,NaN,NaN
1421174340,NaN,NaN,NaN,NaN,NaN,NaN,NaN
1421174400,NaN,NaN,NaN,NaN,NaN,NaN,NaN
1421174460,NaN,NaN,NaN,NaN,NaN,NaN,NaN
1421174520,NaN,NaN,NaN,NaN,NaN,NaN,NaN
1421174580,NaN,NaN,NaN,NaN,NaN,NaN,NaN
1421174640,NaN,NaN,NaN,NaN,NaN,NaN,NaN
1421174700,NaN,NaN,NaN,NaN,NaN,NaN,NaN
1421174760,NaN,NaN,NaN,NaN,NaN,NaN,NaN
1421174820,NaN,NaN,NaN,NaN,NaN,NaN,NaN
1421174880,NaN,NaN,NaN,NaN,NaN,NaN,NaN
1421174940,NaN,NaN,NaN,NaN,NaN,NaN,NaN
1421175000,NaN,NaN,NaN,NaN,NaN,NaN,NaN
1421175060,NaN,NaN,NaN,NaN,NaN,NaN,NaN
1421175120,NaN,NaN,NaN,NaN,NaN,NaN,NaN
1421175180,NaN,NaN,NaN,NaN,NaN,NaN,NaN
1421175240,NaN,NaN,NaN,NaN,NaN,NaN,NaN
1421175300,NaN,NaN,NaN,NaN,NaN,NaN,NaN
1421175360,NaN,NaN,NaN,NaN,NaN,NaN,NaN
1421175420,NaN,NaN,NaN,NaN,NaN,NaN,NaN
1421175480,NaN,NaN,NaN,NaN,NaN,NaN,NaN
1421175540,NaN,NaN,NaN,NaN,NaN,NaN,NaN
1421175600,NaN,NaN,NaN,NaN,NaN,NaN,NaN
1421175660,NaN,NaN,NaN,NaN,NaN,NaN,NaN
1421175720,NaN,NaN,NaN,NaN,NaN,NaN,NaN
1421175780,NaN,NaN,NaN,NaN,NaN,NaN,NaN
1421175840,NaN,NaN,NaN,NaN,NaN,NaN,NaN
1421175900,NaN,NaN,NaN,NaN,NaN,NaN,NaN
1421175960,NaN,NaN,NaN,NaN,NaN,NaN,NaN
1421176020,NaN,NaN,NaN,NaN,NaN,NaN,NaN
1421176080,NaN,NaN,NaN,NaN,NaN,NaN,NaN
1421176140,NaN,NaN,NaN,NaN,NaN,NaN,NaN
1421176200,NaN,NaN,NaN,NaN,NaN,NaN,NaN
1421176260,NaN,NaN,NaN,NaN,NaN,NaN,NaN
1421176320,NaN,NaN,NaN,NaN,NaN,NaN,NaN
1421176380,NaN,NaN,NaN,NaN,NaN,NaN,NaN
1421176440,NaN,NaN,NaN,NaN,NaN,NaN,NaN
1421176500,NaN,NaN,NaN,NaN,NaN,NaN,NaN
1421176560,NaN,NaN,NaN,NaN,NaN,NaN,NaN
1421176620,NaN,NaN,NaN,NaN,NaN,NaN,NaN
1421176680,NaN,NaN,NaN,NaN,NaN,NaN,NaN
1421176740,NaN,NaN,NaN,NaN,NaN,NaN,NaN
1421176800,NaN,NaN,NaN,NaN,NaN,NaN,NaN
1421176860,NaN,NaN,NaN,NaN,NaN,NaN,NaN
1421176920,NaN,NaN,NaN,NaN,NaN,NaN,NaN
1421176980,NaN,NaN,NaN,NaN,NaN,NaN,NaN
1421177040,NaN,NaN,NaN,NaN,NaN,NaN,NaN
1421177100,NaN,NaN,NaN,NaN,NaN,NaN,NaN
1421177160,NaN,NaN,NaN,NaN,NaN,NaN,NaN
1421177220,NaN,NaN,NaN,NaN,NaN,NaN,NaN
1421177280,NaN,NaN,NaN,NaN,NaN,NaN,NaN
1421177340,NaN,NaN,NaN,NaN,NaN,NaN,NaN
1421177400,NaN,NaN,NaN,NaN,NaN,NaN,NaN
1421177460,NaN,NaN,NaN,NaN,NaN,NaN,NaN
1421177520,NaN,NaN,NaN,NaN,NaN,NaN,NaN
1421177580,NaN,NaN,NaN,NaN,NaN,NaN,NaN
1421177640,NaN,NaN,NaN,NaN,NaN,NaN,NaN
1421177700,NaN,NaN,NaN,NaN,NaN,NaN,NaN
1421177760,NaN,NaN,NaN,NaN,NaN,NaN,NaN
1421177820,NaN,NaN,NaN,NaN,NaN,NaN,NaN
1421177880,NaN,NaN,NaN,NaN,NaN,NaN,NaN
1421177940,NaN,NaN,NaN,NaN,NaN,NaN,NaN
1421178000,NaN,NaN,NaN,NaN,NaN,NaN,NaN
1421178060,NaN,NaN,NaN,NaN,NaN,NaN,NaN
1421178120,NaN,NaN,NaN,NaN,NaN,NaN,NaN
1421178180,NaN,NaN,NaN,NaN,NaN,NaN,NaN
1421178240,NaN,NaN,NaN,NaN,NaN,NaN,NaN
1421178300,NaN,NaN,NaN,NaN,NaN,NaN,NaN
1421178360,NaN,NaN,NaN,NaN,NaN,NaN,NaN
1421178420,NaN,NaN,NaN,NaN,NaN,NaN,NaN
1421178480,NaN,NaN,NaN,NaN,NaN,NaN,NaN
1421178540,NaN,NaN,NaN,NaN,NaN,NaN,NaN
1421178600,NaN,NaN,NaN,NaN,NaN,NaN,NaN
1421178660,NaN,NaN,NaN,NaN,NaN,NaN,NaN
1421178720,NaN,NaN,NaN,NaN,NaN,NaN,NaN
1421178780,NaN,NaN,NaN,NaN,NaN,NaN,NaN
1421178840,NaN,NaN,NaN,NaN,NaN,NaN,NaN
1421178900,NaN,NaN,NaN,NaN,NaN,NaN,NaN
1421178960,NaN,NaN,NaN,NaN,NaN,NaN,NaN
1421179020,NaN,NaN,NaN,NaN,NaN,NaN,NaN
1421179080,NaN,NaN,NaN,NaN,NaN,NaN,NaN
1421179140,NaN,NaN,NaN,NaN,NaN,NaN,NaN
1421179200,NaN,NaN,NaN,NaN,NaN,NaN,NaN
1421179260,NaN,NaN,NaN,NaN,NaN,NaN,NaN
1421179320,NaN,NaN,NaN,NaN,NaN,NaN,NaN
1421179380,NaN,NaN,NaN,NaN,NaN,NaN,NaN
1421179440,NaN,NaN,NaN,NaN,NaN,NaN,NaN
1421179500,NaN,NaN,NaN,NaN,NaN,NaN,NaN
1421179560,NaN,NaN,NaN,NaN,NaN,NaN,NaN
1421179620,NaN,NaN,NaN,NaN,NaN,NaN,NaN
1421179680,NaN,NaN,NaN,NaN,NaN,NaN,NaN
1421179740,NaN,NaN,NaN,NaN,NaN,NaN,NaN
1421179800,NaN,NaN,NaN,NaN,NaN,NaN,NaN
1421179860,NaN,NaN,NaN,NaN,NaN,NaN,NaN
1421179920,NaN,NaN,NaN,NaN,NaN,NaN,NaN
1421179980,NaN,NaN,NaN,NaN,NaN,NaN,NaN
1421180040,NaN,NaN,NaN,NaN,NaN,NaN,NaN
1421180100,NaN,NaN,NaN,NaN,NaN,NaN,NaN
1421180160,NaN,NaN,NaN,NaN,NaN,NaN,NaN
1421180220,NaN,NaN,NaN,NaN,NaN,NaN,NaN
1421180280,NaN,NaN,NaN,NaN,NaN,NaN,NaN
1421180340,NaN,NaN,NaN,NaN,NaN,NaN,NaN
1421180400,NaN,NaN,NaN,NaN,NaN,NaN,NaN
1421180460,NaN,NaN,NaN,NaN,NaN,NaN,NaN
1421180520,NaN,NaN,NaN,NaN,NaN,NaN,NaN
1421180580,NaN,NaN,NaN,NaN,NaN,NaN,NaN
1421180640,NaN,NaN,NaN,NaN,NaN,NaN,NaN
1421180700,NaN,NaN,NaN,NaN,NaN,NaN,NaN
1421180760,NaN,NaN,NaN,NaN,NaN,NaN,NaN
1421180820,NaN,NaN,NaN,NaN,NaN,NaN,NaN
1421180880,NaN,NaN,NaN,NaN,NaN,NaN,NaN
1421180940,NaN,NaN,NaN,NaN,NaN,NaN,NaN
1421181000,NaN,NaN,NaN,NaN,NaN,NaN,NaN
1421181060,NaN,NaN,NaN,NaN,NaN,NaN,NaN
1421181120,NaN,NaN,NaN,NaN,NaN,NaN,NaN
1421181180,NaN,NaN,NaN,NaN,NaN,NaN,NaN
1421181240,NaN,NaN,NaN,NaN,NaN,NaN,NaN
1421181300,NaN,NaN,NaN,NaN,NaN,NaN,NaN
1421181360,NaN,NaN,NaN,NaN,NaN,NaN,NaN
1421181420,NaN,NaN,NaN,NaN,NaN,NaN,NaN
1421181480,NaN,NaN,NaN,NaN,NaN,NaN,NaN
1421181540,NaN,NaN,NaN,NaN,NaN,NaN,NaN
1421181600,NaN,NaN,NaN,NaN,NaN,NaN,NaN
1421181660,NaN,NaN,NaN,NaN,NaN,NaN,NaN
1421181720,NaN,NaN,NaN,NaN,NaN,NaN,NaN
1421181780,NaN,NaN,NaN,NaN,NaN,NaN,NaN
1421181840,NaN,NaN,NaN,NaN,NaN,NaN,NaN
1421181900,NaN,NaN,NaN,NaN,NaN,NaN,NaN
1421181960,NaN,NaN,NaN,NaN,NaN,NaN,NaN
1421182020,NaN,NaN,NaN,NaN,NaN,NaN,NaN
1421182080,NaN,NaN,NaN,NaN,NaN,NaN,NaN
1421182140,NaN,NaN,NaN,NaN,NaN,NaN,NaN
1421182200,NaN,NaN,NaN,NaN,NaN,NaN,NaN
1421182260,NaN,NaN,NaN,NaN,NaN,NaN,NaN
1421182320,NaN,NaN,NaN,NaN,NaN,NaN,NaN
1421182380,NaN,NaN,NaN,NaN,NaN,NaN,NaN
1421182440,NaN,NaN,NaN,NaN,NaN,NaN,NaN
1421182500,NaN,NaN,NaN,NaN,NaN,NaN,NaN
1421182560,NaN,NaN,NaN,NaN,NaN,NaN,NaN
1421182620,NaN,NaN,NaN,NaN,NaN,NaN,NaN
1421182680,NaN,NaN,NaN,NaN,NaN,NaN,NaN
1421182740,NaN,NaN,NaN,NaN,NaN,NaN,NaN
1421182800,NaN,NaN,NaN,NaN,NaN,NaN,NaN
1421182860,NaN,NaN,NaN,NaN,NaN,NaN,NaN
1421182920,NaN,NaN,NaN,NaN,NaN,NaN,NaN
1421182980,NaN,NaN,NaN,NaN,NaN,NaN,NaN
1421183040,NaN,NaN,NaN,NaN,NaN,NaN,NaN
1421183100,NaN,NaN,NaN,NaN,NaN,NaN,NaN
1421183160,NaN,NaN,NaN,NaN,NaN,NaN,NaN
1421183220,NaN,NaN,NaN,NaN,NaN,NaN,NaN
1421183280,NaN,NaN,NaN,NaN,NaN,NaN,NaN
1421183340,NaN,NaN,NaN,NaN,NaN,NaN,NaN
1421183400,NaN,NaN,NaN,NaN,NaN,NaN,NaN
1421183460,NaN,NaN,NaN,NaN,NaN,NaN,NaN
1421183520,NaN,NaN,NaN,NaN,NaN,NaN,NaN
1421183580,NaN,NaN,NaN,NaN,NaN,NaN,NaN
1421183640,NaN,NaN,NaN,NaN,NaN,NaN,NaN
1421183700,NaN,NaN,NaN,NaN,NaN,NaN,NaN
1421183760,NaN,NaN,NaN,NaN,NaN,NaN,NaN
1421183820,NaN,NaN,NaN,NaN,NaN,NaN,NaN
1421183880,NaN,NaN,NaN,NaN,NaN,NaN,NaN
1421183940,NaN,NaN,NaN,NaN,NaN,NaN,NaN
1421184000,NaN,NaN,NaN,NaN,NaN,NaN,NaN
1421184060,NaN,NaN,NaN,NaN,NaN,NaN,NaN
1421184120,NaN,NaN,NaN,NaN,NaN,NaN,NaN
1421184180,NaN,NaN,NaN,NaN,NaN,NaN,NaN
1421184240,NaN,NaN,NaN,NaN,NaN,NaN,NaN
1421184300,NaN,NaN,NaN,NaN,NaN,NaN,NaN
1421184360,NaN,NaN,NaN,NaN,NaN,NaN,NaN
1421184420,NaN,NaN,NaN,NaN,NaN,NaN,NaN
1421184480,NaN,NaN,NaN,NaN,NaN,NaN,NaN
1421184540,NaN,NaN,NaN,NaN,NaN,NaN,NaN
1421184600,NaN,NaN,NaN,NaN,NaN,NaN,NaN
1421184660,NaN,NaN,NaN,NaN,NaN,NaN,NaN
1421184720,NaN,NaN,NaN,NaN,NaN,NaN,NaN
1421184780,NaN,NaN,NaN,NaN,NaN,NaN,NaN
1421184840,NaN,NaN,NaN,NaN,NaN,NaN,NaN
1421184900,NaN,NaN,NaN,NaN,NaN,NaN,NaN
1421184960,NaN,NaN,NaN,NaN,NaN,NaN,NaN
1421185020,NaN,NaN,NaN,NaN,NaN,NaN,NaN
1421185080,NaN,NaN,NaN,NaN,NaN,NaN,NaN
1421185140,NaN,NaN,NaN,NaN,NaN,NaN,NaN
1421185200,NaN,NaN,NaN,NaN,NaN,NaN,NaN
1421185260,NaN,NaN,NaN,NaN,NaN,NaN,NaN
1421185320,NaN,NaN,NaN,NaN,NaN,NaN,NaN
1421185380,NaN,NaN,NaN,NaN,NaN,NaN,NaN
1421185440,NaN,NaN,NaN,NaN,NaN,NaN,NaN
1421185500,NaN,NaN,NaN,NaN,NaN,NaN,NaN
1421185560,NaN,NaN,NaN,NaN,NaN,NaN,NaN
1421185620,NaN,NaN,NaN,NaN,NaN,NaN,NaN
1421185680,NaN,NaN,NaN,NaN,NaN,NaN,NaN
1421185740,NaN,NaN,NaN,NaN,NaN,NaN,NaN
1421185800,NaN,NaN,NaN,NaN,NaN,NaN,NaN
1421185860,NaN,NaN,NaN,NaN,NaN,NaN,NaN
1421185920,NaN,NaN,NaN,NaN,NaN,NaN,NaN
1421185980,NaN,NaN,NaN,NaN,NaN,NaN,NaN
1421186040,NaN,NaN,NaN,NaN,NaN,NaN,NaN
1421186100,NaN,NaN,NaN,NaN,NaN,NaN,NaN
1421186160,NaN,NaN,NaN,NaN,NaN,NaN,NaN
1421186220,NaN,NaN,NaN,NaN,NaN,NaN,NaN
1421186280,NaN,NaN,NaN,NaN,NaN,NaN,NaN
1421186340,NaN,NaN,NaN,NaN,NaN,NaN,NaN
1421186400,NaN,NaN,NaN,NaN,NaN,NaN,NaN
1421186460,NaN,NaN,NaN,NaN,NaN,NaN,NaN
1421186520,NaN,NaN,NaN,NaN,NaN,NaN,NaN
1421186580,NaN,NaN,NaN,NaN,NaN,NaN,NaN
1421186640,NaN,NaN,NaN,NaN,NaN,NaN,NaN
1421186700,NaN,NaN,NaN,NaN,NaN,NaN,NaN
1421186760,NaN,NaN,NaN,NaN,NaN,NaN,NaN
1421186820,NaN,NaN,NaN,NaN,NaN,NaN,NaN
1421186880,NaN,NaN,NaN,NaN,NaN,NaN,NaN
1421186940,NaN,NaN,NaN,NaN,NaN,NaN,NaN
1421187000,NaN,NaN,NaN,NaN,NaN,NaN,NaN
1421187060,NaN,NaN,NaN,NaN,NaN,NaN,NaN
1421187120,NaN,NaN,NaN,NaN,NaN,NaN,NaN
1421187180,NaN,NaN,NaN,NaN,NaN,NaN,NaN
1421187240,NaN,NaN,NaN,NaN,NaN,NaN,NaN
1421187300,NaN,NaN,NaN,NaN,NaN,NaN,NaN
1421187360,NaN,NaN,NaN,NaN,NaN,NaN,NaN
1421187420,NaN,NaN,NaN,NaN,NaN,NaN,NaN
1421187480,NaN,NaN,NaN,NaN,NaN,NaN,NaN
1421187540,NaN,NaN,NaN,NaN,NaN,NaN,NaN
1421187600,NaN,NaN,NaN,NaN,NaN,NaN,NaN
1421187660,NaN,NaN,NaN,NaN,NaN,NaN,NaN
1421187720,NaN,NaN,NaN,NaN,NaN,NaN,NaN
1421187780,NaN,NaN,NaN,NaN,NaN,NaN,NaN
1421187840,NaN,NaN,NaN,NaN,NaN,NaN,NaN
1421187900,NaN,NaN,NaN,NaN,NaN,NaN,NaN
1421187960,NaN,NaN,NaN,NaN,NaN,NaN,NaN
1421188020,NaN,NaN,NaN,NaN,NaN,NaN,NaN
1421188080,NaN,NaN,NaN,NaN,NaN,NaN,NaN
1421188140,NaN,NaN,NaN,NaN,NaN,NaN,NaN
1421188200,NaN,NaN,NaN,NaN,NaN,NaN,NaN
1421188260,NaN,NaN,NaN,NaN,NaN,NaN,NaN
1421188320,NaN,NaN,NaN,NaN,NaN,NaN,NaN
1421188380,NaN,NaN,NaN,NaN,NaN,NaN,NaN
1421188440,NaN,NaN,NaN,NaN,NaN,NaN,NaN
1421188500,NaN,NaN,NaN,NaN,NaN,NaN,NaN
1421188560,NaN,NaN,NaN,NaN,NaN,NaN,NaN
1421188620,NaN,NaN,NaN,NaN,NaN,NaN,NaN
1421188680,NaN,NaN,NaN,NaN,NaN,NaN,NaN
1421188740,NaN,NaN,NaN,NaN,NaN,NaN,NaN
1421188800,NaN,NaN,NaN,NaN,NaN,NaN,NaN
1421188860,NaN,NaN,NaN,NaN,NaN,NaN,NaN
1421188920,NaN,NaN,NaN,NaN,NaN,NaN,NaN
1421188980,NaN,NaN,NaN,NaN,NaN,NaN,NaN
1421189040,NaN,NaN,NaN,NaN,NaN,NaN,NaN
1421189100,NaN,NaN,NaN,NaN,NaN,NaN,NaN
1421189160,NaN,NaN,NaN,NaN,NaN,NaN,NaN
1421189220,NaN,NaN,NaN,NaN,NaN,NaN,NaN
1421189280,NaN,NaN,NaN,NaN,NaN,NaN,NaN
1421189340,NaN,NaN,NaN,NaN,NaN,NaN,NaN
1421189400,NaN,NaN,NaN,NaN,NaN,NaN,NaN
1421189460,NaN,NaN,NaN,NaN,NaN,NaN,NaN
1421189520,NaN,NaN,NaN,NaN,NaN,NaN,NaN
1421189580,NaN,NaN,NaN,NaN,NaN,NaN,NaN
1421189640,NaN,NaN,NaN,NaN,NaN,NaN,NaN
1421189700,NaN,NaN,NaN,NaN,NaN,NaN,NaN
1421189760,NaN,NaN,NaN,NaN,NaN,NaN,NaN
1421189820,NaN,NaN,NaN,NaN,NaN,NaN,NaN
1421189880,NaN,NaN,NaN,NaN,NaN,NaN,NaN
1421189940,NaN,NaN,NaN,NaN,NaN,NaN,NaN
1421190000,NaN,NaN,NaN,NaN,NaN,NaN,NaN
1421190060,NaN,NaN,NaN,NaN,NaN,NaN,NaN
1421190120,NaN,NaN,NaN,NaN,NaN,NaN,NaN
1421190180,NaN,NaN,NaN,NaN,NaN,NaN,NaN
1421190240,NaN,NaN,NaN,NaN,NaN,NaN,NaN
1421190300,NaN,NaN,NaN,NaN,NaN,NaN,NaN
1421190360,NaN,NaN,NaN,NaN,NaN,NaN,NaN
1421190420,NaN,NaN,NaN,NaN,NaN,NaN,NaN
1421190480,NaN,NaN,NaN,NaN,NaN,NaN,NaN
1421190540,NaN,NaN,NaN,NaN,NaN,NaN,NaN
1421190600,NaN,NaN,NaN,NaN,NaN,NaN,NaN
1421190660,NaN,NaN,NaN,NaN,NaN,NaN,NaN
1421190720,NaN,NaN,NaN,NaN,NaN,NaN,NaN
1421190780,NaN,NaN,NaN,NaN,NaN,NaN,NaN
1421190840,NaN,NaN,NaN,NaN,NaN,NaN,NaN
1421190900,NaN,NaN,NaN,NaN,NaN,NaN,NaN
1421190960,NaN,NaN,NaN,NaN,NaN,NaN,NaN
1421191020,NaN,NaN,NaN,NaN,NaN,NaN,NaN
1421191080,NaN,NaN,NaN,NaN,NaN,NaN,NaN
1421191140,NaN,NaN,NaN,NaN,NaN,NaN,NaN
1421191200,NaN,NaN,NaN,NaN,NaN,NaN,NaN
1421191260,NaN,NaN,NaN,NaN,NaN,NaN,NaN
1421191320,NaN,NaN,NaN,NaN,NaN,NaN,NaN
1421191380,NaN,NaN,NaN,NaN,NaN,NaN,NaN
1421191440,NaN,NaN,NaN,NaN,NaN,NaN,NaN
1421191500,NaN,NaN,NaN,NaN,NaN,NaN,NaN
1421191560,NaN,NaN,NaN,NaN,NaN,NaN,NaN
1421191620,NaN,NaN,NaN,NaN,NaN,NaN,NaN
1421191680,NaN,NaN,NaN,NaN,NaN,NaN,NaN
1421191740,NaN,NaN,NaN,NaN,NaN,NaN,NaN
1421191800,NaN,NaN,NaN,NaN,NaN,NaN,NaN
1421191860,NaN,NaN,NaN,NaN,NaN,NaN,NaN
1421191920,NaN,NaN,NaN,NaN,NaN,NaN,NaN
1421191980,NaN,NaN,NaN,NaN,NaN,NaN,NaN
1421192040,NaN,NaN,NaN,NaN,NaN,NaN,NaN
1421192100,NaN,NaN,NaN,NaN,NaN,NaN,NaN
1421192160,NaN,NaN,NaN,NaN,NaN,NaN,NaN
1421192220,NaN,NaN,NaN,NaN,NaN,NaN,NaN
1421192280,NaN,NaN,NaN,NaN,NaN,NaN,NaN
1421192340,NaN,NaN,NaN,NaN,NaN,NaN,NaN
1421192400,NaN,NaN,NaN,NaN,NaN,NaN,NaN
1421192460,NaN,NaN,NaN,NaN,NaN,NaN,NaN
1421192520,NaN,NaN,NaN,NaN,NaN,NaN,NaN
1421192580,NaN,NaN,NaN,NaN,NaN,NaN,NaN
1421192640,NaN,NaN,NaN,NaN,NaN,NaN,NaN
1421192700,NaN,NaN,NaN,NaN,NaN,NaN,NaN
1421192760,NaN,NaN,NaN,NaN,NaN,NaN,NaN
1421192820,NaN,NaN,NaN,NaN,NaN,NaN,NaN
1421192880,NaN,NaN,NaN,NaN,NaN,NaN,NaN
1421192940,NaN,NaN,NaN,NaN,NaN,NaN,NaN
1421193000,NaN,NaN,NaN,NaN,NaN,NaN,NaN
1421193060,NaN,NaN,NaN,NaN,NaN,NaN,NaN
1421193120,NaN,NaN,NaN,NaN,NaN,NaN,NaN
1421193180,NaN,NaN,NaN,NaN,NaN,NaN,NaN
1421193240,NaN,NaN,NaN,NaN,NaN,NaN,NaN
1421193300,NaN,NaN,NaN,NaN,NaN,NaN,NaN
1421193360,NaN,NaN,NaN,NaN,NaN,NaN,NaN
1421193420,NaN,NaN,NaN,NaN,NaN,NaN,NaN
1421193480,NaN,NaN,NaN,NaN,NaN,NaN,NaN
1421193540,NaN,NaN,NaN,NaN,NaN,NaN,NaN
1421193600,NaN,NaN,NaN,NaN,NaN,NaN,NaN
1421193660,200,200,200,200,0.01,2,200
1421193720,NaN,NaN,NaN,NaN,NaN,NaN,NaN
1421193780,NaN,NaN,NaN,NaN,NaN,NaN,NaN
1421193840,NaN,NaN,NaN,NaN,NaN,NaN,NaN
1421193900,NaN,NaN,NaN,NaN,NaN,NaN,NaN
1421193960,NaN,NaN,NaN,NaN,NaN,NaN,NaN
1421194020,NaN,NaN,NaN,NaN,NaN,NaN,NaN
1421194080,NaN,NaN,NaN,NaN,NaN,NaN,NaN
1421194140,NaN,NaN,NaN,NaN,NaN,NaN,NaN
1421194200,NaN,NaN,NaN,NaN,NaN,NaN,NaN
1421194260,NaN,NaN,NaN,NaN,NaN,NaN,NaN
1421194320,NaN,NaN,NaN,NaN,NaN,NaN,NaN
1421194380,NaN,NaN,NaN,NaN,NaN,NaN,NaN
1421194440,NaN,NaN,NaN,NaN,NaN,NaN,NaN
1421194500,NaN,NaN,NaN,NaN,NaN,NaN,NaN
1421194560,NaN,NaN,NaN,NaN,NaN,NaN,NaN
1421194620,NaN,NaN,NaN,NaN,NaN,NaN,NaN
1421194680,NaN,NaN,NaN,NaN,NaN,NaN,NaN
1421194740,NaN,NaN,NaN,NaN,NaN,NaN,NaN
1421194800,NaN,NaN,NaN,NaN,NaN,NaN,NaN
1421194860,NaN,NaN,NaN,NaN,NaN,NaN,NaN
1421194920,NaN,NaN,NaN,NaN,NaN,NaN,NaN
1421194980,NaN,NaN,NaN,NaN,NaN,NaN,NaN
1421195040,NaN,NaN,NaN,NaN,NaN,NaN,NaN
1421195100,NaN,NaN,NaN,NaN,NaN,NaN,NaN
1421195160,NaN,NaN,NaN,NaN,NaN,NaN,NaN
1421195220,NaN,NaN,NaN,NaN,NaN,NaN,NaN
1421195280,NaN,NaN,NaN,NaN,NaN,NaN,NaN
1421195340,NaN,NaN,NaN,NaN,NaN,NaN,NaN
1421195400,NaN,NaN,NaN,NaN,NaN,NaN,NaN
1421195460,NaN,NaN,NaN,NaN,NaN,NaN,NaN
1421195520,NaN,NaN,NaN,NaN,NaN,NaN,NaN
1421195580,NaN,NaN,NaN,NaN,NaN,NaN,NaN
1421195640,NaN,NaN,NaN,NaN,NaN,NaN,NaN
1421195700,NaN,NaN,NaN,NaN,NaN,NaN,NaN
1421195760,NaN,NaN,NaN,NaN,NaN,NaN,NaN
1421195820,NaN,NaN,NaN,NaN,NaN,NaN,NaN
1421195880,NaN,NaN,NaN,NaN,NaN,NaN,NaN
1421195940,NaN,NaN,NaN,NaN,NaN,NaN,NaN
1421196000,NaN,NaN,NaN,NaN,NaN,NaN,NaN
1421196060,NaN,NaN,NaN,NaN,NaN,NaN,NaN
1421196120,NaN,NaN,NaN,NaN,NaN,NaN,NaN
1421196180,NaN,NaN,NaN,NaN,NaN,NaN,NaN
1421196240,NaN,NaN,NaN,NaN,NaN,NaN,NaN
1421196300,NaN,NaN,NaN,NaN,NaN,NaN,NaN
1421196360,NaN,NaN,NaN,NaN,NaN,NaN,NaN
1421196420,NaN,NaN,NaN,NaN,NaN,NaN,NaN
1421196480,NaN,NaN,NaN,NaN,NaN,NaN,NaN
1421196540,NaN,NaN,NaN,NaN,NaN,NaN,NaN
1421196600,NaN,NaN,NaN,NaN,NaN,NaN,NaN
1421196660,NaN,NaN,NaN,NaN,NaN,NaN,NaN
1421196720,NaN,NaN,NaN,NaN,NaN,NaN,NaN
1421196780,NaN,NaN,NaN,NaN,NaN,NaN,NaN
1421196840,NaN,NaN,NaN,NaN,NaN,NaN,NaN
1421196900,NaN,NaN,NaN,NaN,NaN,NaN,NaN
1421196960,NaN,NaN,NaN,NaN,NaN,NaN,NaN
1421197020,NaN,NaN,NaN,NaN,NaN,NaN,NaN
1421197080,NaN,NaN,NaN,NaN,NaN,NaN,NaN
1421197140,NaN,NaN,NaN,NaN,NaN,NaN,NaN
1421197200,NaN,NaN,NaN,NaN,NaN,NaN,NaN
1421197260,NaN,NaN,NaN,NaN,NaN,NaN,NaN
1421197320,NaN,NaN,NaN,NaN,NaN,NaN,NaN
1421197380,NaN,NaN,NaN,NaN,NaN,NaN,NaN
1421197440,NaN,NaN,NaN,NaN,NaN,NaN,NaN
1421197500,NaN,NaN,NaN,NaN,NaN,NaN,NaN
1421197560,NaN,NaN,NaN,NaN,NaN,NaN,NaN
1421197620,NaN,NaN,NaN,NaN,NaN,NaN,NaN
1421197680,NaN,NaN,NaN,NaN,NaN,NaN,NaN
1421197740,NaN,NaN,NaN,NaN,NaN,NaN,NaN
1421197800,NaN,NaN,NaN,NaN,NaN,NaN,NaN
1421197860,NaN,NaN,NaN,NaN,NaN,NaN,NaN
1421197920,NaN,NaN,NaN,NaN,NaN,NaN,NaN
1421197980,NaN,NaN,NaN,NaN,NaN,NaN,NaN
1421198040,NaN,NaN,NaN,NaN,NaN,NaN,NaN
1421198100,NaN,NaN,NaN,NaN,NaN,NaN,NaN
1421198160,NaN,NaN,NaN,NaN,NaN,NaN,NaN
1421198220,NaN,NaN,NaN,NaN,NaN,NaN,NaN
1421198280,NaN,NaN,NaN,NaN,NaN,NaN,NaN
1421198340,NaN,NaN,NaN,NaN,NaN,NaN,NaN
1421198400,NaN,NaN,NaN,NaN,NaN,NaN,NaN
1421198460,NaN,NaN,NaN,NaN,NaN,NaN,NaN
1421198520,NaN,NaN,NaN,NaN,NaN,NaN,NaN
1421198580,NaN,NaN,NaN,NaN,NaN,NaN,NaN
1421198640,NaN,NaN,NaN,NaN,NaN,NaN,NaN
1421198700,NaN,NaN,NaN,NaN,NaN,NaN,NaN
1421198760,NaN,NaN,NaN,NaN,NaN,NaN,NaN
1421198820,NaN,NaN,NaN,NaN,NaN,NaN,NaN
1421198880,NaN,NaN,NaN,NaN,NaN,NaN,NaN
1421198940,NaN,NaN,NaN,NaN,NaN,NaN,NaN
1421199000,NaN,NaN,NaN,NaN,NaN,NaN,NaN
1421199060,NaN,NaN,NaN,NaN,NaN,NaN,NaN
1421199120,NaN,NaN,NaN,NaN,NaN,NaN,NaN
1421199180,NaN,NaN,NaN,NaN,NaN,NaN,NaN
1421199240,NaN,NaN,NaN,NaN,NaN,NaN,NaN
1421199300,NaN,NaN,NaN,NaN,NaN,NaN,NaN
1421199360,NaN,NaN,NaN,NaN,NaN,NaN,NaN
1421199420,NaN,NaN,NaN,NaN,NaN,NaN,NaN
1421199480,NaN,NaN,NaN,NaN,NaN,NaN,NaN
1421199540,NaN,NaN,NaN,NaN,NaN,NaN,NaN
1421199600,NaN,NaN,NaN,NaN,NaN,NaN,NaN
1421199660,NaN,NaN,NaN,NaN,NaN,NaN,NaN
1421199720,NaN,NaN,NaN,NaN,NaN,NaN,NaN
1421199780,NaN,NaN,NaN,NaN,NaN,NaN,NaN
1421199840,NaN,NaN,NaN,NaN,NaN,NaN,NaN
1421199900,NaN,NaN,NaN,NaN,NaN,NaN,NaN
1421199960,NaN,NaN,NaN,NaN,NaN,NaN,NaN
1421200020,NaN,NaN,NaN,NaN,NaN,NaN,NaN
1421200080,NaN,NaN,NaN,NaN,NaN,NaN,NaN
1421200140,NaN,NaN,NaN,NaN,NaN,NaN,NaN
1421200200,NaN,NaN,NaN,NaN,NaN,NaN,NaN
1421200260,NaN,NaN,NaN,NaN,NaN,NaN,NaN
1421200320,NaN,NaN,NaN,NaN,NaN,NaN,NaN
1421200380,NaN,NaN,NaN,NaN,NaN,NaN,NaN
1421200440,NaN,NaN,NaN,NaN,NaN,NaN,NaN
1421200500,NaN,NaN,NaN,NaN,NaN,NaN,NaN
1421200560,NaN,NaN,NaN,NaN,NaN,NaN,NaN
1421200620,NaN,NaN,NaN,NaN,NaN,NaN,NaN
1421200680,NaN,NaN,NaN,NaN,NaN,NaN,NaN
1421200740,NaN,NaN,NaN,NaN,NaN,NaN,NaN
1421200800,NaN,NaN,NaN,NaN,NaN,NaN,NaN
1421200860,NaN,NaN,NaN,NaN,NaN,NaN,NaN
1421200920,NaN,NaN,NaN,NaN,NaN,NaN,NaN
1421200980,NaN,NaN,NaN,NaN,NaN,NaN,NaN
1421201040,NaN,NaN,NaN,NaN,NaN,NaN,NaN
1421201100,NaN,NaN,NaN,NaN,NaN,NaN,NaN
1421201160,NaN,NaN,NaN,NaN,NaN,NaN,NaN
1421201220,NaN,NaN,NaN,NaN,NaN,NaN,NaN
1421201280,NaN,NaN,NaN,NaN,NaN,NaN,NaN
1421201340,NaN,NaN,NaN,NaN,NaN,NaN,NaN
1421201400,NaN,NaN,NaN,NaN,NaN,NaN,NaN
1421201460,NaN,NaN,NaN,NaN,NaN,NaN,NaN
1421201520,NaN,NaN,NaN,NaN,NaN,NaN,NaN
1421201580,NaN,NaN,NaN,NaN,NaN,NaN,NaN
1421201640,NaN,NaN,NaN,NaN,NaN,NaN,NaN
1421201700,NaN,NaN,NaN,NaN,NaN,NaN,NaN
1421201760,NaN,NaN,NaN,NaN,NaN,NaN,NaN
1421201820,NaN,NaN,NaN,NaN,NaN,NaN,NaN
1421201880,NaN,NaN,NaN,NaN,NaN,NaN,NaN
1421201940,NaN,NaN,NaN,NaN,NaN,NaN,NaN
1421202000,NaN,NaN,NaN,NaN,NaN,NaN,NaN
1421202060,NaN,NaN,NaN,NaN,NaN,NaN,NaN
1421202120,NaN,NaN,NaN,NaN,NaN,NaN,NaN
1421202180,NaN,NaN,NaN,NaN,NaN,NaN,NaN
1421202240,NaN,NaN,NaN,NaN,NaN,NaN,NaN
1421202300,NaN,NaN,NaN,NaN,NaN,NaN,NaN
1421202360,NaN,NaN,NaN,NaN,NaN,NaN,NaN
1421202420,NaN,NaN,NaN,NaN,NaN,NaN,NaN
1421202480,NaN,NaN,NaN,NaN,NaN,NaN,NaN
1421202540,NaN,NaN,NaN,NaN,NaN,NaN,NaN
1421202600,NaN,NaN,NaN,NaN,NaN,NaN,NaN
1421202660,NaN,NaN,NaN,NaN,NaN,NaN,NaN
1421202720,NaN,NaN,NaN,NaN,NaN,NaN,NaN
1421202780,NaN,NaN,NaN,NaN,NaN,NaN,NaN
1421202840,NaN,NaN,NaN,NaN,NaN,NaN,NaN
1421202900,NaN,NaN,NaN,NaN,NaN,NaN,NaN
1421202960,NaN,NaN,NaN,NaN,NaN,NaN,NaN
1421203020,NaN,NaN,NaN,NaN,NaN,NaN,NaN
1421203080,NaN,NaN,NaN,NaN,NaN,NaN,NaN
1421203140,NaN,NaN,NaN,NaN,NaN,NaN,NaN
1421203200,NaN,NaN,NaN,NaN,NaN,NaN,NaN
1421203260,NaN,NaN,NaN,NaN,NaN,NaN,NaN
1421203320,NaN,NaN,NaN,NaN,NaN,NaN,NaN
1421203380,NaN,NaN,NaN,NaN,NaN,NaN,NaN
1421203440,NaN,NaN,NaN,NaN,NaN,NaN,NaN
1421203500,NaN,NaN,NaN,NaN,NaN,NaN,NaN
1421203560,NaN,NaN,NaN,NaN,NaN,NaN,NaN
1421203620,NaN,NaN,NaN,NaN,NaN,NaN,NaN
1421203680,NaN,NaN,NaN,NaN,NaN,NaN,NaN
1421203740,NaN,NaN,NaN,NaN,NaN,NaN,NaN
1421203800,NaN,NaN,NaN,NaN,NaN,NaN,NaN
1421203860,NaN,NaN,NaN,NaN,NaN,NaN,NaN
1421203920,NaN,NaN,NaN,NaN,NaN,NaN,NaN
1421203980,NaN,NaN,NaN,NaN,NaN,NaN,NaN
1421204040,NaN,NaN,NaN,NaN,NaN,NaN,NaN
1421204100,NaN,NaN,NaN,NaN,NaN,NaN,NaN
1421204160,NaN,NaN,NaN,NaN,NaN,NaN,NaN
1421204220,NaN,NaN,NaN,NaN,NaN,NaN,NaN
1421204280,NaN,NaN,NaN,NaN,NaN,NaN,NaN
1421204340,NaN,NaN,NaN,NaN,NaN,NaN,NaN
1421204400,NaN,NaN,NaN,NaN,NaN,NaN,NaN
1421204460,NaN,NaN,NaN,NaN,NaN,NaN,NaN
1421204520,NaN,NaN,NaN,NaN,NaN,NaN,NaN
1421204580,NaN,NaN,NaN,NaN,NaN,NaN,NaN
1421204640,NaN,NaN,NaN,NaN,NaN,NaN,NaN
1421204700,NaN,NaN,NaN,NaN,NaN,NaN,NaN
1421204760,NaN,NaN,NaN,NaN,NaN,NaN,NaN
1421204820,NaN,NaN,NaN,NaN,NaN,NaN,NaN
1421204880,NaN,NaN,NaN,NaN,NaN,NaN,NaN
1421204940,NaN,NaN,NaN,NaN,NaN,NaN,NaN
1421205000,NaN,NaN,NaN,NaN,NaN,NaN,NaN
1421205060,NaN,NaN,NaN,NaN,NaN,NaN,NaN
1421205120,NaN,NaN,NaN,NaN,NaN,NaN,NaN
1421205180,NaN,NaN,NaN,NaN,NaN,NaN,NaN
1421205240,NaN,NaN,NaN,NaN,NaN,NaN,NaN
1421205300,NaN,NaN,NaN,NaN,NaN,NaN,NaN
1421205360,NaN,NaN,NaN,NaN,NaN,NaN,NaN
1421205420,NaN,NaN,NaN,NaN,NaN,NaN,NaN
1421205480,NaN,NaN,NaN,NaN,NaN,NaN,NaN
1421205540,NaN,NaN,NaN,NaN,NaN,NaN,NaN
1421205600,NaN,NaN,NaN,NaN,NaN,NaN,NaN
1421205660,NaN,NaN,NaN,NaN,NaN,NaN,NaN
1421205720,NaN,NaN,NaN,NaN,NaN,NaN,NaN
1421205780,NaN,NaN,NaN,NaN,NaN,NaN,NaN
1421205840,NaN,NaN,NaN,NaN,NaN,NaN,NaN
1421205900,NaN,NaN,NaN,NaN,NaN,NaN,NaN
1421205960,NaN,NaN,NaN,NaN,NaN,NaN,NaN
1421206020,NaN,NaN,NaN,NaN,NaN,NaN,NaN
1421206080,NaN,NaN,NaN,NaN,NaN,NaN,NaN
1421206140,NaN,NaN,NaN,NaN,NaN,NaN,NaN
1421206200,NaN,NaN,NaN,NaN,NaN,NaN,NaN
1421206260,NaN,NaN,NaN,NaN,NaN,NaN,NaN
1421206320,NaN,NaN,NaN,NaN,NaN,NaN,NaN
1421206380,NaN,NaN,NaN,NaN,NaN,NaN,NaN
1421206440,221,221,221,221,0.01,2.21,221
1421206500,NaN,NaN,NaN,NaN,NaN,NaN,NaN
1421206560,219.63,219.63,219.63,219.63,0.01,2.1963,219.63
1421206620,NaN,NaN,NaN,NaN,NaN,NaN,NaN
1421206680,NaN,NaN,NaN,NaN,NaN,NaN,NaN
1421206740,NaN,NaN,NaN,NaN,NaN,NaN,NaN
1421206800,NaN,NaN,NaN,NaN,NaN,NaN,NaN
1421206860,NaN,NaN,NaN,NaN,NaN,NaN,NaN
1421206920,NaN,NaN,NaN,NaN,NaN,NaN,NaN
1421206980,NaN,NaN,NaN,NaN,NaN,NaN,NaN
1421207040,NaN,NaN,NaN,NaN,NaN,NaN,NaN
1421207100,NaN,NaN,NaN,NaN,NaN,NaN,NaN
1421207160,NaN,NaN,NaN,NaN,NaN,NaN,NaN
1421207220,NaN,NaN,NaN,NaN,NaN,NaN,NaN
1421207280,NaN,NaN,NaN,NaN,NaN,NaN,NaN
1421207340,NaN,NaN,NaN,NaN,NaN,NaN,NaN
1421207400,NaN,NaN,NaN,NaN,NaN,NaN,NaN
1421207460,NaN,NaN,NaN,NaN,NaN,NaN,NaN
1421207520,NaN,NaN,NaN,NaN,NaN,NaN,NaN
1421207580,NaN,NaN,NaN,NaN,NaN,NaN,NaN
1421207640,NaN,NaN,NaN,NaN,NaN,NaN,NaN
1421207700,NaN,NaN,NaN,NaN,NaN,NaN,NaN
1421207760,NaN,NaN,NaN,NaN,NaN,NaN,NaN
1421207820,NaN,NaN,NaN,NaN,NaN,NaN,NaN
1421207880,NaN,NaN,NaN,NaN,NaN,NaN,NaN
1421207940,NaN,NaN,NaN,NaN,NaN,NaN,NaN
1421208000,NaN,NaN,NaN,NaN,NaN,NaN,NaN
1421208060,NaN,NaN,NaN,NaN,NaN,NaN,NaN
1421208120,NaN,NaN,NaN,NaN,NaN,NaN,NaN
1421208180,NaN,NaN,NaN,NaN,NaN,NaN,NaN
1421208240,NaN,NaN,NaN,NaN,NaN,NaN,NaN
1421208300,NaN,NaN,NaN,NaN,NaN,NaN,NaN
1421208360,NaN,NaN,NaN,NaN,NaN,NaN,NaN
1421208420,NaN,NaN,NaN,NaN,NaN,NaN,NaN
1421208480,NaN,NaN,NaN,NaN,NaN,NaN,NaN
1421208540,NaN,NaN,NaN,NaN,NaN,NaN,NaN
1421208600,NaN,NaN,NaN,NaN,NaN,NaN,NaN
1421208660,NaN,NaN,NaN,NaN,NaN,NaN,NaN
1421208720,NaN,NaN,NaN,NaN,NaN,NaN,NaN
1421208780,NaN,NaN,NaN,NaN,NaN,NaN,NaN
1421208840,NaN,NaN,NaN,NaN,NaN,NaN,NaN
1421208900,NaN,NaN,NaN,NaN,NaN,NaN,NaN
1421208960,NaN,NaN,NaN,NaN,NaN,NaN,NaN
1421209020,NaN,NaN,NaN,NaN,NaN,NaN,NaN
1421209080,NaN,NaN,NaN,NaN,NaN,NaN,NaN
1421209140,NaN,NaN,NaN,NaN,NaN,NaN,NaN
1421209200,NaN,NaN,NaN,NaN,NaN,NaN,NaN
1421209260,NaN,NaN,NaN,NaN,NaN,NaN,NaN
1421209320,NaN,NaN,NaN,NaN,NaN,NaN,NaN
1421209380,NaN,NaN,NaN,NaN,NaN,NaN,NaN
1421209440,NaN,NaN,NaN,NaN,NaN,NaN,NaN
1421209500,NaN,NaN,NaN,NaN,NaN,NaN,NaN
1421209560,NaN,NaN,NaN,NaN,NaN,NaN,NaN
1421209620,NaN,NaN,NaN,NaN,NaN,NaN,NaN
1421209680,NaN,NaN,NaN,NaN,NaN,NaN,NaN
1421209740,NaN,NaN,NaN,NaN,NaN,NaN,NaN
1421209800,NaN,NaN,NaN,NaN,NaN,NaN,NaN
1421209860,NaN,NaN,NaN,NaN,NaN,NaN,NaN
1421209920,NaN,NaN,NaN,NaN,NaN,NaN,NaN
1421209980,NaN,NaN,NaN,NaN,NaN,NaN,NaN
1421210040,NaN,NaN,NaN,NaN,NaN,NaN,NaN
1421210100,NaN,NaN,NaN,NaN,NaN,NaN,NaN
1421210160,NaN,NaN,NaN,NaN,NaN,NaN,NaN
1421210220,NaN,NaN,NaN,NaN,NaN,NaN,NaN
1421210280,NaN,NaN,NaN,NaN,NaN,NaN,NaN
1421210340,NaN,NaN,NaN,NaN,NaN,NaN,NaN
1421210400,NaN,NaN,NaN,NaN,NaN,NaN,NaN
1421210460,NaN,NaN,NaN,NaN,NaN,NaN,NaN
1421210520,NaN,NaN,NaN,NaN,NaN,NaN,NaN
1421210580,NaN,NaN,NaN,NaN,NaN,NaN,NaN
1421210640,NaN,NaN,NaN,NaN,NaN,NaN,NaN
1421210700,NaN,NaN,NaN,NaN,NaN,NaN,NaN
1421210760,NaN,NaN,NaN,NaN,NaN,NaN,NaN
1421210820,NaN,NaN,NaN,NaN,NaN,NaN,NaN
1421210880,NaN,NaN,NaN,NaN,NaN,NaN,NaN
1421210940,NaN,NaN,NaN,NaN,NaN,NaN,NaN
1421211000,NaN,NaN,NaN,NaN,NaN,NaN,NaN
1421211060,NaN,NaN,NaN,NaN,NaN,NaN,NaN
1421211120,NaN,NaN,NaN,NaN,NaN,NaN,NaN
1421211180,NaN,NaN,NaN,NaN,NaN,NaN,NaN
1421211240,NaN,NaN,NaN,NaN,NaN,NaN,NaN
1421211300,NaN,NaN,NaN,NaN,NaN,NaN,NaN
1421211360,NaN,NaN,NaN,NaN,NaN,NaN,NaN
1421211420,NaN,NaN,NaN,NaN,NaN,NaN,NaN
1421211480,NaN,NaN,NaN,NaN,NaN,NaN,NaN
1421211540,NaN,NaN,NaN,NaN,NaN,NaN,NaN
1421211600,NaN,NaN,NaN,NaN,NaN,NaN,NaN
1421211660,NaN,NaN,NaN,NaN,NaN,NaN,NaN
1421211720,NaN,NaN,NaN,NaN,NaN,NaN,NaN
1421211780,NaN,NaN,NaN,NaN,NaN,NaN,NaN
1421211840,NaN,NaN,NaN,NaN,NaN,NaN,NaN
1421211900,NaN,NaN,NaN,NaN,NaN,NaN,NaN
1421211960,NaN,NaN,NaN,NaN,NaN,NaN,NaN
1421212020,NaN,NaN,NaN,NaN,NaN,NaN,NaN
1421212080,NaN,NaN,NaN,NaN,NaN,NaN,NaN
1421212140,NaN,NaN,NaN,NaN,NaN,NaN,NaN
1421212200,NaN,NaN,NaN,NaN,NaN,NaN,NaN
1421212260,NaN,NaN,NaN,NaN,NaN,NaN,NaN
1421212320,NaN,NaN,NaN,NaN,NaN,NaN,NaN
1421212380,NaN,NaN,NaN,NaN,NaN,NaN,NaN
1421212440,NaN,NaN,NaN,NaN,NaN,NaN,NaN
1421212500,NaN,NaN,NaN,NaN,NaN,NaN,NaN
1421212560,NaN,NaN,NaN,NaN,NaN,NaN,NaN
1421212620,NaN,NaN,NaN,NaN,NaN,NaN,NaN
1421212680,NaN,NaN,NaN,NaN,NaN,NaN,NaN
1421212740,NaN,NaN,NaN,NaN,NaN,NaN,NaN
1421212800,NaN,NaN,NaN,NaN,NaN,NaN,NaN
1421212860,NaN,NaN,NaN,NaN,NaN,NaN,NaN
1421212920,NaN,NaN,NaN,NaN,NaN,NaN,NaN
1421212980,NaN,NaN,NaN,NaN,NaN,NaN,NaN
1421213040,NaN,NaN,NaN,NaN,NaN,NaN,NaN
1421213100,NaN,NaN,NaN,NaN,NaN,NaN,NaN
1421213160,NaN,NaN,NaN,NaN,NaN,NaN,NaN
1421213220,NaN,NaN,NaN,NaN,NaN,NaN,NaN
1421213280,NaN,NaN,NaN,NaN,NaN,NaN,NaN
1421213340,NaN,NaN,NaN,NaN,NaN,NaN,NaN
1421213400,NaN,NaN,NaN,NaN,NaN,NaN,NaN
1421213460,NaN,NaN,NaN,NaN,NaN,NaN,NaN
1421213520,NaN,NaN,NaN,NaN,NaN,NaN,NaN
1421213580,NaN,NaN,NaN,NaN,NaN,NaN,NaN
1421213640,NaN,NaN,NaN,NaN,NaN,NaN,NaN
1421213700,NaN,NaN,NaN,NaN,NaN,NaN,NaN
1421213760,NaN,NaN,NaN,NaN,NaN,NaN,NaN
1421213820,NaN,NaN,NaN,NaN,NaN,NaN,NaN
1421213880,NaN,NaN,NaN,NaN,NaN,NaN,NaN
1421213940,NaN,NaN,NaN,NaN,NaN,NaN,NaN
1421214000,NaN,NaN,NaN,NaN,NaN,NaN,NaN
1421214060,NaN,NaN,NaN,NaN,NaN,NaN,NaN
1421214120,NaN,NaN,NaN,NaN,NaN,NaN,NaN
1421214180,NaN,NaN,NaN,NaN,NaN,NaN,NaN
1421214240,NaN,NaN,NaN,NaN,NaN,NaN,NaN
1421214300,NaN,NaN,NaN,NaN,NaN,NaN,NaN
1421214360,NaN,NaN,NaN,NaN,NaN,NaN,NaN
1421214420,NaN,NaN,NaN,NaN,NaN,NaN,NaN
1421214480,NaN,NaN,NaN,NaN,NaN,NaN,NaN
1421214540,NaN,NaN,NaN,NaN,NaN,NaN,NaN
1421214600,NaN,NaN,NaN,NaN,NaN,NaN,NaN
1421214660,NaN,NaN,NaN,NaN,NaN,NaN,NaN
1421214720,NaN,NaN,NaN,NaN,NaN,NaN,NaN
1421214780,NaN,NaN,NaN,NaN,NaN,NaN,NaN
1421214840,NaN,NaN,NaN,NaN,NaN,NaN,NaN
1421214900,NaN,NaN,NaN,NaN,NaN,NaN,NaN
1421214960,NaN,NaN,NaN,NaN,NaN,NaN,NaN
1421215020,NaN,NaN,NaN,NaN,NaN,NaN,NaN
1421215080,NaN,NaN,NaN,NaN,NaN,NaN,NaN
1421215140,NaN,NaN,NaN,NaN,NaN,NaN,NaN
1421215200,NaN,NaN,NaN,NaN,NaN,NaN,NaN
1421215260,NaN,NaN,NaN,NaN,NaN,NaN,NaN
1421215320,NaN,NaN,NaN,NaN,NaN,NaN,NaN
1421215380,NaN,NaN,NaN,NaN,NaN,NaN,NaN
1421215440,NaN,NaN,NaN,NaN,NaN,NaN,NaN
1421215500,NaN,NaN,NaN,NaN,NaN,NaN,NaN
1421215560,NaN,NaN,NaN,NaN,NaN,NaN,NaN
1421215620,NaN,NaN,NaN,NaN,NaN,NaN,NaN
1421215680,NaN,NaN,NaN,NaN,NaN,NaN,NaN
1421215740,220,220,217.63,217.63,0.04463778,9.7688095454,218.84622276
1421215800,NaN,NaN,NaN,NaN,NaN,NaN,NaN
1421215860,NaN,NaN,NaN,NaN,NaN,NaN,NaN
1421215920,NaN,NaN,NaN,NaN,NaN,NaN,NaN
1421215980,NaN,NaN,NaN,NaN,NaN,NaN,NaN
1421216040,NaN,NaN,NaN,NaN,NaN,NaN,NaN
1421216100,NaN,NaN,NaN,NaN,NaN,NaN,NaN
1421216160,NaN,NaN,NaN,NaN,NaN,NaN,NaN
1421216220,NaN,NaN,NaN,NaN,NaN,NaN,NaN
1421216280,NaN,NaN,NaN,NaN,NaN,NaN,NaN
1421216340,NaN,NaN,NaN,NaN,NaN,NaN,NaN
1421216400,NaN,NaN,NaN,NaN,NaN,NaN,NaN
1421216460,NaN,NaN,NaN,NaN,NaN,NaN,NaN
1421216520,NaN,NaN,NaN,NaN,NaN,NaN,NaN
1421216580,NaN,NaN,NaN,NaN,NaN,NaN,NaN
1421216640,NaN,NaN,NaN,NaN,NaN,NaN,NaN
1421216700,NaN,NaN,NaN,NaN,NaN,NaN,NaN
1421216760,NaN,NaN,NaN,NaN,NaN,NaN,NaN
1421216820,NaN,NaN,NaN,NaN,NaN,NaN,NaN
1421216880,NaN,NaN,NaN,NaN,NaN,NaN,NaN
1421216940,NaN,NaN,NaN,NaN,NaN,NaN,NaN
1421217000,NaN,NaN,NaN,NaN,NaN,NaN,NaN
1421217060,NaN,NaN,NaN,NaN,NaN,NaN,NaN
1421217120,NaN,NaN,NaN,NaN,NaN,NaN,NaN
1421217180,NaN,NaN,NaN,NaN,NaN,NaN,NaN
1421217240,NaN,NaN,NaN,NaN,NaN,NaN,NaN
1421217300,NaN,NaN,NaN,NaN,NaN,NaN,NaN
1421217360,NaN,NaN,NaN,NaN,NaN,NaN,NaN
1421217420,NaN,NaN,NaN,NaN,NaN,NaN,NaN
1421217480,NaN,NaN,NaN,NaN,NaN,NaN,NaN
1421217540,NaN,NaN,NaN,NaN,NaN,NaN,NaN
1421217600,NaN,NaN,NaN,NaN,NaN,NaN,NaN
1421217660,NaN,NaN,NaN,NaN,NaN,NaN,NaN
1421217720,NaN,NaN,NaN,NaN,NaN,NaN,NaN
1421217780,NaN,NaN,NaN,NaN,NaN,NaN,NaN
1421217840,NaN,NaN,NaN,NaN,NaN,NaN,NaN
1421217900,NaN,NaN,NaN,NaN,NaN,NaN,NaN
1421217960,NaN,NaN,NaN,NaN,NaN,NaN,NaN
1421218020,NaN,NaN,NaN,NaN,NaN,NaN,NaN
1421218080,NaN,NaN,NaN,NaN,NaN,NaN,NaN
1421218140,NaN,NaN,NaN,NaN,NaN,NaN,NaN
1421218200,NaN,NaN,NaN,NaN,NaN,NaN,NaN
1421218260,NaN,NaN,NaN,NaN,NaN,NaN,NaN
1421218320,NaN,NaN,NaN,NaN,NaN,NaN,NaN
1421218380,NaN,NaN,NaN,NaN,NaN,NaN,NaN
1421218440,NaN,NaN,NaN,NaN,NaN,NaN,NaN
1421218500,NaN,NaN,NaN,NaN,NaN,NaN,NaN
1421218560,NaN,NaN,NaN,NaN,NaN,NaN,NaN
1421218620,NaN,NaN,NaN,NaN,NaN,NaN,NaN
1421218680,NaN,NaN,NaN,NaN,NaN,NaN,NaN
1421218740,NaN,NaN,NaN,NaN,NaN,NaN,NaN
1421218800,NaN,NaN,NaN,NaN,NaN,NaN,NaN
1421218860,NaN,NaN,NaN,NaN,NaN,NaN,NaN
1421218920,NaN,NaN,NaN,NaN,NaN,NaN,NaN
1421218980,NaN,NaN,NaN,NaN,NaN,NaN,NaN
1421219040,NaN,NaN,NaN,NaN,NaN,NaN,NaN
1421219100,NaN,NaN,NaN,NaN,NaN,NaN,NaN
1421219160,NaN,NaN,NaN,NaN,NaN,NaN,NaN
1421219220,NaN,NaN,NaN,NaN,NaN,NaN,NaN
1421219280,NaN,NaN,NaN,NaN,NaN,NaN,NaN
1421219340,NaN,NaN,NaN,NaN,NaN,NaN,NaN
1421219400,NaN,NaN,NaN,NaN,NaN,NaN,NaN
1421219460,NaN,NaN,NaN,NaN,NaN,NaN,NaN
1421219520,NaN,NaN,NaN,NaN,NaN,NaN,NaN
1421219580,NaN,NaN,NaN,NaN,NaN,NaN,NaN
1421219640,NaN,NaN,NaN,NaN,NaN,NaN,NaN
1421219700,NaN,NaN,NaN,NaN,NaN,NaN,NaN
1421219760,NaN,NaN,NaN,NaN,NaN,NaN,NaN
1421219820,NaN,NaN,NaN,NaN,NaN,NaN,NaN
1421219880,NaN,NaN,NaN,NaN,NaN,NaN,NaN
1421219940,NaN,NaN,NaN,NaN,NaN,NaN,NaN
1421220000,NaN,NaN,NaN,NaN,NaN,NaN,NaN
1421220060,NaN,NaN,NaN,NaN,NaN,NaN,NaN
1421220120,NaN,NaN,NaN,NaN,NaN,NaN,NaN
1421220180,NaN,NaN,NaN,NaN,NaN,NaN,NaN
1421220240,NaN,NaN,NaN,NaN,NaN,NaN,NaN
1421220300,NaN,NaN,NaN,NaN,NaN,NaN,NaN
1421220360,NaN,NaN,NaN,NaN,NaN,NaN,NaN
1421220420,NaN,NaN,NaN,NaN,NaN,NaN,NaN
1421220480,NaN,NaN,NaN,NaN,NaN,NaN,NaN
1421220540,NaN,NaN,NaN,NaN,NaN,NaN,NaN
1421220600,NaN,NaN,NaN,NaN,NaN,NaN,NaN
1421220660,NaN,NaN,NaN,NaN,NaN,NaN,NaN
1421220720,204,204,199,199,0.05,10.08,201.6
1421220780,NaN,NaN,NaN,NaN,NaN,NaN,NaN
1421220840,NaN,NaN,NaN,NaN,NaN,NaN,NaN
1421220900,NaN,NaN,NaN,NaN,NaN,NaN,NaN
1421220960,NaN,NaN,NaN,NaN,NaN,NaN,NaN
1421221020,NaN,NaN,NaN,NaN,NaN,NaN,NaN
1421221080,NaN,NaN,NaN,NaN,NaN,NaN,NaN
1421221140,NaN,NaN,NaN,NaN,NaN,NaN,NaN
1421221200,NaN,NaN,NaN,NaN,NaN,NaN,NaN
1421221260,NaN,NaN,NaN,NaN,NaN,NaN,NaN
1421221320,NaN,NaN,NaN,NaN,NaN,NaN,NaN
1421221380,NaN,NaN,NaN,NaN,NaN,NaN,NaN
1421221440,NaN,NaN,NaN,NaN,NaN,NaN,NaN
1421221500,NaN,NaN,NaN,NaN,NaN,NaN,NaN
1421221560,NaN,NaN,NaN,NaN,NaN,NaN,NaN
1421221620,NaN,NaN,NaN,NaN,NaN,NaN,NaN
1421221680,NaN,NaN,NaN,NaN,NaN,NaN,NaN
1421221740,NaN,NaN,NaN,NaN,NaN,NaN,NaN
1421221800,NaN,NaN,NaN,NaN,NaN,NaN,NaN
1421221860,NaN,NaN,NaN,NaN,NaN,NaN,NaN
1421221920,NaN,NaN,NaN,NaN,NaN,NaN,NaN
1421221980,NaN,NaN,NaN,NaN,NaN,NaN,NaN
1421222040,NaN,NaN,NaN,NaN,NaN,NaN,NaN
1421222100,NaN,NaN,NaN,NaN,NaN,NaN,NaN
1421222160,NaN,NaN,NaN,NaN,NaN,NaN,NaN
1421222220,NaN,NaN,NaN,NaN,NaN,NaN,NaN
1421222280,NaN,NaN,NaN,NaN,NaN,NaN,NaN
1421222340,NaN,NaN,NaN,NaN,NaN,NaN,NaN
1421222400,NaN,NaN,NaN,NaN,NaN,NaN,NaN
1421222460,NaN,NaN,NaN,NaN,NaN,NaN,NaN
1421222520,NaN,NaN,NaN,NaN,NaN,NaN,NaN
1421222580,NaN,NaN,NaN,NaN,NaN,NaN,NaN
1421222640,NaN,NaN,NaN,NaN,NaN,NaN,NaN
1421222700,NaN,NaN,NaN,NaN,NaN,NaN,NaN
1421222760,NaN,NaN,NaN,NaN,NaN,NaN,NaN
1421222820,NaN,NaN,NaN,NaN,NaN,NaN,NaN
1421222880,NaN,NaN,NaN,NaN,NaN,NaN,NaN
1421222940,NaN,NaN,NaN,NaN,NaN,NaN,NaN
1421223000,NaN,NaN,NaN,NaN,NaN,NaN,NaN
1421223060,NaN,NaN,NaN,NaN,NaN,NaN,NaN
1421223120,NaN,NaN,NaN,NaN,NaN,NaN,NaN
1421223180,NaN,NaN,NaN,NaN,NaN,NaN,NaN
1421223240,NaN,NaN,NaN,NaN,NaN,NaN,NaN
1421223300,NaN,NaN,NaN,NaN,NaN,NaN,NaN
1421223360,NaN,NaN,NaN,NaN,NaN,NaN,NaN
1421223420,NaN,NaN,NaN,NaN,NaN,NaN,NaN
1421223480,NaN,NaN,NaN,NaN,NaN,NaN,NaN
1421223540,NaN,NaN,NaN,NaN,NaN,NaN,NaN
1421223600,NaN,NaN,NaN,NaN,NaN,NaN,NaN
1421223660,NaN,NaN,NaN,NaN,NaN,NaN,NaN
1421223720,NaN,NaN,NaN,NaN,NaN,NaN,NaN
1421223780,NaN,NaN,NaN,NaN,NaN,NaN,NaN
1421223840,NaN,NaN,NaN,NaN,NaN,NaN,NaN
1421223900,NaN,NaN,NaN,NaN,NaN,NaN,NaN
1421223960,NaN,NaN,NaN,NaN,NaN,NaN,NaN
1421224020,NaN,NaN,NaN,NaN,NaN,NaN,NaN
1421224080,NaN,NaN,NaN,NaN,NaN,NaN,NaN
1421224140,NaN,NaN,NaN,NaN,NaN,NaN,NaN
1421224200,NaN,NaN,NaN,NaN,NaN,NaN,NaN
1421224260,NaN,NaN,NaN,NaN,NaN,NaN,NaN
1421224320,NaN,NaN,NaN,NaN,NaN,NaN,NaN
1421224380,NaN,NaN,NaN,NaN,NaN,NaN,NaN
1421224440,NaN,NaN,NaN,NaN,NaN,NaN,NaN
1421224500,NaN,NaN,NaN,NaN,NaN,NaN,NaN
1421224560,NaN,NaN,NaN,NaN,NaN,NaN,NaN
1421224620,109.94,109.94,109.94,109.94,0.01,1.0994,109.94
1421224680,189.74,194.94,133.1,194.94,0.03,5.1778,172.59333333
1421224740,161.62,161.62,115.39,115.39,0.03,4.3709,145.69666667
1421224800,164.31,165.68,164.31,165.68,0.02,3.2999,164.995
1421224860,148.96,170.48,148.96,170.48,0.02,3.1944,159.72
1421224920,189.28,189.28,141.88,141.88,0.02,3.3116,165.58
1421224980,121.97,121.97,121.97,121.97,0.01,1.2197,121.97
1421225040,114.03,189.13,113.06,113.06,0.04,5.5958,139.895
1421225100,NaN,NaN,NaN,NaN,NaN,NaN,NaN
1421225160,NaN,NaN,NaN,NaN,NaN,NaN,NaN
1421225220,NaN,NaN,NaN,NaN,NaN,NaN,NaN
1421225280,NaN,NaN,NaN,NaN,NaN,NaN,NaN
1421225340,NaN,NaN,NaN,NaN,NaN,NaN,NaN
1421225400,NaN,NaN,NaN,NaN,NaN,NaN,NaN
1421225460,NaN,NaN,NaN,NaN,NaN,NaN,NaN
1421225520,NaN,NaN,NaN,NaN,NaN,NaN,NaN
1421225580,NaN,NaN,NaN,NaN,NaN,NaN,NaN
1421225640,NaN,NaN,NaN,NaN,NaN,NaN,NaN
1421225700,NaN,NaN,NaN,NaN,NaN,NaN,NaN
1421225760,NaN,NaN,NaN,NaN,NaN,NaN,NaN
1421225820,NaN,NaN,NaN,NaN,NaN,NaN,NaN
1421225880,NaN,NaN,NaN,NaN,NaN,NaN,NaN
1421225940,NaN,NaN,NaN,NaN,NaN,NaN,NaN
1421226000,NaN,NaN,NaN,NaN,NaN,NaN,NaN
1421226060,NaN,NaN,NaN,NaN,NaN,NaN,NaN
1421226120,NaN,NaN,NaN,NaN,NaN,NaN,NaN
1421226180,NaN,NaN,NaN,NaN,NaN,NaN,NaN
1421226240,NaN,NaN,NaN,NaN,NaN,NaN,NaN
1421226300,NaN,NaN,NaN,NaN,NaN,NaN,NaN
1421226360,NaN,NaN,NaN,NaN,NaN,NaN,NaN
1421226420,NaN,NaN,NaN,NaN,NaN,NaN,NaN
1421226480,NaN,NaN,NaN,NaN,NaN,NaN,NaN
1421226540,NaN,NaN,NaN,NaN,NaN,NaN,NaN
1421226600,NaN,NaN,NaN,NaN,NaN,NaN,NaN
1421226660,186.97,186.97,160.28,160.28,0.02,3.4725,173.625
1421226720,177.84,177.84,146.66,146.66,0.02,3.245,162.25
1421226780,145.55,176.59,124.85,176.59,0.03,4.4699,148.99666667
1421226840,131.46,181.64,131.46,181.64,0.02,3.131,156.55
1421226900,125.24,125.24,125.24,125.24,0.01,1.2524,125.24
1421226960,136.62,136.62,131.23,131.23,0.03,4.0369,134.56333333
1421227020,162.91,192.38,162.91,192.38,0.03,5.2623,175.41
1421227080,152.8,193.56,127.05,127.05,0.04,6.6583,166.4575
1421227140,178.28,178.28,142.93,142.93,0.03,4.8937,163.12333333
1421227200,189.47,189.47,169.69,171.77,0.03,5.3093,176.97666667
1421227260,133.15,140.94,133.15,140.94,0.02,2.7409,137.045
1421227320,115,158.84,115,133.2,0.03,4.0704,135.68
1421227380,191.34,194.47,148.63,194.47,0.03,5.3444,178.14666667
1421227440,133.07,146.16,133.07,146.16,0.02,2.7923,139.615
1421227500,197.27,197.27,158.05,158.05,0.02,3.5532,177.66
1421227560,138.56,183.87,138.56,183.87,0.02,3.2243,161.215
1421227620,165.46,179.12,165.46,179.12,0.02,3.4458,172.29
1421227680,188.55,188.55,115.01,115.01,0.02,3.0356,151.78
1421227740,158.12,161.13,120.61,120.61,0.03,4.3986,146.62
1421227800,168.71,168.71,129.52,129.52,0.02,2.9823,149.115
1421227860,138,142.82,138,138.31,0.03,4.1913,139.71
1421227920,187.75,187.75,139.41,139.41,0.02,3.2716,163.58
1421227980,145.8,176.66,124.76,176.66,0.03,4.4722,149.07333333
1421228040,159.88,176.77,159.88,176.77,0.02,3.3665,168.325
1421228100,141.1,177.18,141.1,158.45,0.04,6.2568,156.42
1421228160,117.91,175.14,117.91,175.14,0.03,4.5748,152.49333333
1421228220,193.66,193.66,121.61,121.61,0.02,3.1527,157.635
1421228280,111.53,181.95,111.53,145.44,0.03,4.3892,146.30666667
1421228340,117.31,117.31,115.82,115.82,0.02,2.3313,116.565
1421228400,129.42,156.93,117.21,156.93,0.03,4.0356,134.52
1421228460,171.09,171.09,171.09,171.09,0.01,1.7109,171.09
1421228520,130.46,130.46,130.46,130.46,0.01,1.3046,130.46
1421228580,189.22,191.76,179.17,191.76,0.03,5.6015,186.71666667
1421228640,156.13,183.98,156.13,183.98,0.02,3.4011,170.055
1421228700,126.83,186.34,126.83,186.34,0.02,3.1317,156.585
1421228760,183.86,183.86,164.29,164.29,0.02,3.4815,174.075
1421228820,137.29,176.63,137.29,176.63,0.02,3.1392,156.96
1421228880,157.79,173.19,157.79,173.19,0.02,3.3098,165.49
1421228940,124.51,124.51,124.51,124.51,0.01,1.2451,124.51
1421229000,122.25,194.28,122.25,194.28,0.02,3.1653,158.265
1421229060,185.42,185.42,160.32,160.32,0.03,5.2954,176.51333333
1421229120,196.19,196.19,192.89,192.89,0.02,3.8908,194.54
1421229180,138.81,153.54,138.81,153.29,0.03,4.4564,148.54666667
1421229240,156.18,156.18,147.97,147.97,0.02,3.0415,152.075
1421229300,116.08,177.48,116.08,119.93,0.04,5.7293,143.2325
1421229360,194.53,194.53,117.13,117.13,0.02,3.1166,155.83
1421229420,184.33,184.33,180.97,180.97,0.02,3.653,182.65
1421229480,159.35,159.35,159.35,159.35,0.01,1.5935,159.35
1421229540,145.07,162.19,145.07,153.59,0.03,4.6085,153.61666667
1421229600,136.73,136.73,134.03,134.03,0.02,2.7076,135.38
1421229660,131.97,196.34,116.6,196.34,0.03,4.4491,148.30333333
1421229720,112.85,158.7,112.85,158.7,0.02,2.7155,135.775
1421229780,126.77,131.6,126.77,131.6,0.02,2.5837,129.185
1421229840,167.89,167.89,150.28,150.28,0.02,3.1817,159.085
1421229900,149.77,149.77,113.88,113.88,0.02,2.6365,131.825
1421229960,163.73,163.73,163.73,163.73,0.01,1.6373,163.73
1421230020,164,187.09,164,167.21,0.03,5.183,172.76666667
1421230080,120.13,179.91,120.13,179.91,0.03,4.5077,150.25666667
1421230140,111.46,196.99,111.46,140.48,0.03,4.4893,149.64333333
1421230200,172.17,172.17,149.66,149.66,0.02,3.2183,160.915
1421230260,120.7,158.93,120.7,155.51,0.04,5.6875,142.1875
1421230320,137.27,165.8,137.27,165.8,0.02,3.0307,151.535
1421230380,143.07,143.07,143.07,143.07,0.01,1.4307,143.07
1421230440,135.38,188.37,135.38,188.37,0.02,3.2375,161.875
1421230500,137.26,177.07,137.26,177.07,0.02,3.1433,157.165
1421230560,186.86,186.86,137.02,137.02,0.03,4.6163,153.87666667
1421230620,112.77,118.52,112.77,112.87,0.03,3.4416,114.72
1421230680,123.47,192.42,123.47,134.98,0.03,4.5087,150.29
1421230740,134.01,141.9,120.39,136.52,0.04,5.3282,133.205
1421230800,151.63,181.38,151.63,181.38,0.02,3.3301,166.505
1421230860,154.36,192.4,154.36,192.4,0.03,5.3706,179.02
1421230920,128.01,156.51,128.01,156.51,0.02,2.8452,142.26
1421230980,111.37,136.63,111.37,136.63,0.02,2.48,124
1421231040,187.89,187.89,187.89,187.89,0.01,1.8789,187.89
1421231100,175.69,197.02,146.66,197.02,0.03,5.1937,173.12333333
1421231160,145.88,146.98,145.88,146.98,0.02,2.9286,146.43
1421231220,110.13,189.1,110.13,124.84,0.03,4.2407,141.35666667
1421231280,130.72,155.33,111.92,111.92,0.03,3.9797,132.65666667
1421231340,179.39,193.97,178.27,178.27,0.03,5.5163,183.87666667
1421231400,131.79,145.75,131.79,145.75,0.02,2.7754,138.77
1421231460,150.6,199,131.15,199,0.04,6.6695,166.7375
1421231520,137.15,146.5,137.15,146.5,0.02,2.8365,141.825
1421231580,116.03,132.02,116.03,132.02,0.02,2.4805,124.025
1421231640,120.26,120.26,120.26,120.26,0.01,1.2026,120.26
1421231700,172.26,172.26,170.23,170.23,0.02,3.4249,171.245
1421231760,112.15,153.01,112.15,128.06,0.04,5.4139,135.3475
1421231820,113.27,174.05,113.27,174.05,0.04,5.7677,144.1925
1421231880,195.83,195.83,195.83,195.83,0.01,1.9583,195.83
1421231940,124.41,145.96,123.79,145.96,0.03,3.9416,131.38666667
1421232000,112.27,164.79,112.27,164.79,0.03,4.1297,137.65666667
1421232060,162.58,162.58,162.58,162.58,0.01,1.6258,162.58
1421232120,165.69,166.84,150.61,150.61,0.03,4.8314,161.04666667
1421232180,129.75,152.45,129.75,152.45,0.02,2.822,141.1
1421232240,170.92,170.92,162.09,162.09,0.02,3.3301,166.505
1421232300,158.67,158.67,138.07,138.07,0.02,2.9674,148.37
1421232360,134.24,191.36,134.24,191.36,0.02,3.256,162.8
1421232420,114.64,152.32,114.64,150.29,0.03,4.1725,139.08333333
1421232480,146.46,146.46,122.13,122.13,0.02,2.6859,134.295
1421232540,183.52,183.52,145,145,0.02,3.2852,164.26
1421232600,138.99,138.99,138.99,138.99,0.01,1.3899,138.99
1421232660,171.9,176.81,171.9,176.81,0.02,3.4871,174.355
1421232720,144.24,144.24,130.16,130.16,0.02,2.744,137.2
1421232780,119.08,153.46,119.08,153.46,0.02,2.7254,136.27
1421232840,176.57,176.57,151.39,151.39,0.03,4.9568,165.22666667
1421232900,115.88,188.39,115.88,169.06,0.03,4.7333,157.77666667
1421232960,128.81,196.91,128.81,196.91,0.02,3.2572,162.86
1421233020,185.44,185.44,142.42,142.42,0.02,3.2786,163.93
1421233080,187.09,187.09,134.18,134.18,0.02,3.2127,160.635
1421233140,180.29,180.29,180.29,180.29,0.01,1.8029,180.29
1421233200,149.59,149.59,116.17,130.85,0.04,5.2146,130.365
1421233260,132.45,137.77,132.45,137.77,0.02,2.7022,135.11
1421233320,152.69,152.69,145.61,145.61,0.02,2.983,149.15
1421233380,116.66,116.66,116.66,116.66,0.01,1.1666,116.66
1421233440,117.52,193.89,117.52,193.89,0.02,3.1141,155.705
1421233500,120.04,164.92,120.04,164.92,0.02,2.8496,142.48
1421233560,139.3,139.3,116.88,117.03,0.03,3.7321,124.40333333
1421233620,197.24,197.24,124.11,171.86,0.03,4.9321,164.40333333
1421233680,149.46,171.58,149.46,171.58,0.03,4.8581,161.93666667
1421233740,121.68,191.2,121.68,191.2,0.03,4.4821,149.40333333
1421233800,153.4,170.87,122.41,122.41,0.03,4.4668,148.89333333
1421233860,150.6,150.6,114.76,114.76,0.02,2.6536,132.68
1421233920,140.89,197.9,140.89,195.55,0.03,5.3434,178.11333333
1421233980,197.37,197.37,154.8,180.66,0.03,5.3283,177.61
1421234040,125.66,175.44,125.66,159.27,0.03,4.6037,153.45666667
1421234100,186.77,186.77,186.77,186.77,0.01,1.8677,186.77
1421234160,111.65,184.71,111.65,184.71,0.02,2.9636,148.18
1421234220,167.32,184.85,167.32,184.85,0.02,3.5217,176.085
1421234280,126.93,129.39,126.93,129.39,0.02,2.5632,128.16
1421234340,115.03,157.48,115.03,157.48,0.02,2.7251,136.255
1421234400,148.54,192.32,148.54,192.32,0.02,3.4086,170.43
1421234460,114.73,187.26,114.73,169.28,0.04,6.1093,152.7325
1421234520,110.66,155.65,110.66,155.65,0.03,3.9064,130.21333333
1421234580,196.62,196.62,129.21,129.21,0.02,3.2583,162.915
1421234640,118.65,184.69,118.65,184.69,0.02,3.0334,151.67
1421234700,186.94,186.94,124.18,124.18,0.04,6.023,150.575
1421234760,133.55,133.55,133.55,133.55,0.01,1.3355,133.55
1421234820,112.37,190.51,112.37,190.51,0.02,3.0288,151.44
1421234880,172.23,196.82,172.23,196.82,0.03,5.4514,181.71333333
1421234940,124.69,155,124.69,155,0.02,2.7969,139.845
1421235000,154.32,154.32,154.32,154.32,0.01,1.5432,154.32
1421235060,136.56,165.13,136.56,147.98,0.03,4.4967,149.89
1421235120,117.66,117.66,117.38,117.38,0.02,2.3504,117.52
1421235180,120.51,191.84,120.51,191.84,0.02,3.1235,156.175
1421235240,122.94,181.37,122.94,138.83,0.03,4.4314,147.71333333
1421235300,167.65,182.17,167.65,182.17,0.02,3.4982,174.91
1421235360,151.27,189.25,151.27,189.25,0.02,3.4052,170.26
1421235420,144.7,144.7,144.7,144.7,0.01,1.447,144.7
1421235480,132.87,196.83,132.87,171.29,0.03,5.0099,166.99666667
1421235540,111.89,111.89,111.89,111.89,0.01,1.1189,111.89
1421235600,122.3,178.58,122.3,178.58,0.02,3.0088,150.44
1421235660,153.24,182.98,153.24,182.98,0.02,3.3622,168.11
1421235720,136.83,154.62,136.83,154.62,0.02,2.9145,145.725
1421235780,143.43,149.02,143.43,149.02,0.02,2.9245,146.225
1421235840,128.42,128.42,114.36,114.36,0.02,2.4278,121.39
1421235900,140.4,142.38,118.97,142.38,0.03,4.0175,133.91666667
1421235960,149.21,149.21,123.28,123.28,0.03,4.1967,139.89
1421236020,180.77,180.77,126.32,126.32,0.02,3.0709,153.545
1421236080,153.96,153.96,146.32,146.32,0.02,3.0028,150.14
1421236140,176.28,176.28,174.73,174.73,0.02,3.5101,175.505
1421236200,142.37,186.14,119.2,119.2,0.03,4.4771,149.23666667
1421236260,161.89,193.93,161.89,193.93,0.02,3.5582,177.91
1421236320,191.4,191.4,191.4,191.4,0.01,1.914,191.4
1421236380,198,198,120.62,120.62,0.02,3.1862,159.31
1421236440,130.02,153.68,130.02,153.68,0.02,2.837,141.85
1421236500,125.5,159.37,125.5,159.37,0.02,2.8487,142.435
1421236560,161.25,176.55,161.25,176.55,0.02,3.378,168.9
1421236620,168.76,190.6,133.29,190.6,0.03,4.9265,164.21666667
1421236680,115.17,139.99,111.31,111.31,0.03,3.6647,122.15666667
1421236740,118.29,193.75,118.29,193.75,0.02,3.1204,156.02
1421236800,176.19,185.51,176.19,183.61,0.03,5.4531,181.77
1421236860,133.16,147.18,133.16,147.18,0.02,2.8034,140.17
1421236920,189.65,189.65,126.14,126.14,0.02,3.1579,157.895
1421236980,193.75,193.75,169.05,169.05,0.02,3.628,181.4
1421237040,134.02,195.04,134.02,195.04,0.03,5.0152,167.17333333
1421237100,126,126,115.76,115.76,0.02,2.4176,120.88
1421237160,115.4,164.07,115.4,164.07,0.02,2.7947,139.735
1421237220,190.08,194.74,158.08,158.08,0.03,5.429,180.96666667
1421237280,183.96,183.96,165.49,165.49,0.02,3.4945,174.725
1421237340,114.57,165.54,114.57,141.64,0.03,4.2175,140.58333333
1421237400,112.74,140.03,112.74,140.03,0.02,2.5277,126.385
1421237460,140.19,140.19,111.3,120.42,0.03,3.7191,123.97
1421237520,188.55,188.55,160.82,160.82,0.02,3.4937,174.685
1421237580,148.19,148.19,140.22,140.22,0.02,2.8841,144.205
1421237640,134.9,182.52,134.9,175.64,0.04,6.4593,161.4825
1421237700,134.66,160.8,116.19,160.8,0.04,5.4441,136.1025
1421237760,138.34,192.64,138.34,192.64,0.03,5.0834,169.44666667
1421237820,165.58,165.58,165.58,165.58,0.01,1.6558,165.58
1421237880,158.07,167.42,158.07,167.42,0.02,3.2549,162.745
1421237940,187.88,187.88,179.23,179.23,0.02,3.6711,183.555
1421238000,186.09,186.09,176.67,176.67,0.02,3.6276,181.38
1421238060,123.85,146.09,123.85,146.09,0.02,2.6994,134.97
1421238120,169.07,169.07,146.02,146.02,0.02,3.1509,157.545
1421238180,117.69,120.03,117.69,120.03,0.02,2.3772,118.86
1421238240,182.97,192.19,182.97,192.19,0.02,3.7516,187.58
1421238300,136.81,136.81,119.31,119.31,0.03,3.7689,125.63
1421238360,145.06,157.06,133.28,157.06,0.03,4.354,145.13333333
1421238420,143.53,162.44,143.53,162.44,0.02,3.0597,152.985
1421238480,135.86,135.86,134.65,134.65,0.02,2.7051,135.255
1421238540,127.37,173.02,127.37,173.02,0.02,3.0039,150.195
1421238600,143.03,143.03,118.17,118.17,0.02,2.612,130.6
1421238660,138.91,169.46,127.45,128.39,0.05,7.1551,143.102
1421238720,140.17,162.48,140.17,162.48,0.03,4.5067,150.22333333
1421238780,110.82,160.91,110.82,160.91,0.02,2.7173,135.865
1421238840,168.23,168.23,117.65,117.65,0.02,2.8588,142.94
1421238900,160.48,168.16,160.48,168.16,0.02,3.2864,164.32
1421238960,154.25,154.25,119.43,119.43,0.02,2.7368,136.84
1421239020,164.26,196.77,149.5,196.77,0.04,7.0647,176.6175
1421239080,137.64,171.54,131.02,171.54,0.03,4.402,146.73333333
1421239140,171.85,171.85,159.16,159.16,0.02,3.3101,165.505
1421239200,186.64,186.64,186.64,186.64,0.01,1.8664,186.64
1421239260,141.12,147.7,134.46,147.7,0.03,4.2328,141.09333333
1421239320,184.22,190.67,116.66,190.67,0.04,6.1667,154.1675
1421239380,186.96,186.96,153.25,153.25,0.02,3.4021,170.105
1421239440,197.15,197.15,146.98,179.69,0.03,5.2382,174.60666667
1421239500,162.64,162.64,134.7,134.7,0.02,2.9734,148.67
1421239560,174.58,196.26,111.54,196.26,0.03,4.8238,160.79333333
1421239620,176.26,176.26,127.47,127.47,0.02,3.0373,151.865
1421239680,168.45,168.45,168.45,168.45,0.01,1.6845,168.45
1421239740,130.38,186.6,130.38,186.6,0.03,4.7947,159.82333333
1421239800,188.14,188.14,188.14,188.14,0.01,1.8814,188.14
1421239860,112.08,125.37,112.08,125.37,0.02,2.3745,118.725
1421239920,161.01,168.46,161.01,168.46,0.02,3.2947,164.735
1421239980,188.96,188.96,176.36,176.36,0.03,5.5354,184.51333333
1421240040,125.74,142.82,118.12,142.82,0.03,3.8668,128.89333333
1421240100,189.38,189.38,189.38,189.38,0.01,1.8938,189.38
1421240160,128.98,184.09,112.23,184.09,0.03,4.253,141.76666667
1421240220,183.09,183.09,174.11,174.11,0.02,3.572,178.6
1421240280,123.35,171.32,123.35,171.32,0.02,2.9467,147.335
1421240340,175.83,175.83,136.62,147.56,0.03,4.6001,153.33666667
1421240400,161.57,161.57,154.6,154.6,0.02,3.1617,158.085
1421240460,119.57,155.79,119.57,121.91,0.03,3.9727,132.42333333
1421240520,191.16,191.16,147.51,147.51,0.04,6.7651,169.1275
1421240580,185.29,185.29,185.29,185.29,0.01,1.8529,185.29
1421240640,183.88,183.88,126.72,126.72,0.03,4.7793,159.31
1421240700,152.02,193.64,122.52,122.52,0.03,4.6818,156.06
1421240760,176.41,176.41,135.78,135.78,0.02,3.1219,156.095
1421240820,134.93,166.06,118.51,132.1,0.04,5.516,137.9
1421240880,150.81,188.21,136.44,136.44,0.03,4.7546,158.48666667
1421240940,134.54,166.22,134.54,166.22,0.02,3.0076,150.38
1421241000,174.23,174.23,158.81,158.81,0.02,3.3304,166.52
1421241060,134.42,191.88,134.42,191.43,0.03,5.1773,172.57666667
1421241120,134.12,134.12,134.12,134.12,0.01,1.3412,134.12
1421241180,160.05,184.61,117.74,160.78,0.04,6.2318,155.795
1421241240,128.08,178.38,128.08,178.38,0.02,3.0646,153.23
1421241300,113.5,150.32,113.5,150.32,0.03,4.1027,136.75666667
1421241360,149.09,149.09,139.98,139.98,0.02,2.8907,144.535
1421241420,161.27,177.18,161.27,177.18,0.02,3.3845,169.225
1421241480,128.45,186.12,128.45,153.32,0.03,4.6789,155.96333333
1421241540,145.26,165.87,145.26,155.61,0.03,4.6674,155.58
1421241600,162.36,162.36,162.36,162.36,0.01,1.6236,162.36
1421241660,117.88,190.79,117.88,183.41,0.04,6.191,154.775
1421241720,127.55,127.55,127.55,127.55,0.01,1.2755,127.55
1421241780,149.18,149.18,149.18,149.18,0.01,1.4918,149.18
1421241840,117.03,131.61,116.47,116.47,0.03,3.6511,121.70333333
1421241900,181.75,181.75,132.01,132.01,0.03,4.789,159.63333333
1421241960,122.47,186.39,122.47,132.24,0.03,4.411,147.03333333
1421242020,181.77,181.77,146.7,146.7,0.02,3.2847,164.235
1421242080,193.78,193.78,143.05,143.05,0.02,3.3683,168.415
1421242140,143.42,195.54,143.42,195.54,0.02,3.3896,169.48
1421242200,163.73,163.73,163.73,163.73,0.01,1.6373,163.73
1421242260,190.85,190.85,171.25,171.25,0.02,3.621,181.05
1421242320,184.98,184.98,137.05,137.05,0.02,3.2203,161.015
1421242380,117.22,187.12,117.22,187.12,0.03,4.7784,159.28
1421242440,140.04,193.54,116.54,116.54,0.04,5.7622,144.055
1421242500,135.45,181.05,135.45,181.05,0.02,3.165,158.25
1421242560,159.81,163.17,153.02,153.02,0.03,4.76,158.66666667
1421242620,169.57,169.57,123.46,123.46,0.02,2.9303,146.515
1421242680,163.86,177.55,126.65,126.65,0.03,4.6806,156.02
1421242740,139.49,139.49,116.9,116.9,0.03,3.8309,127.69666667
1421242800,187.49,187.49,151.46,151.46,0.02,3.3895,169.475
1421242860,192.18,192.18,151.31,151.31,0.02,3.4349,171.745
1421242920,176.66,176.66,176.66,176.66,0.01,1.7666,176.66
1421242980,157.41,157.41,144.36,144.36,0.02,3.0177,150.885
1421243040,116,173.23,116,173.23,0.03,4.5137,150.45666667
1421243100,157.71,179.25,157.71,179.25,0.02,3.3696,168.48
1421243160,179.8,179.8,132.07,132.07,0.02,3.1187,155.935
1421243220,170.69,181.54,170.69,181.54,0.02,3.5223,176.115
1421243280,196.21,196.21,196.21,196.21,0.01,1.9621,196.21
1421243340,192.43,192.43,126.36,126.36,0.03,4.5645,152.15
1421243400,192.61,192.61,167.27,167.27,0.02,3.5988,179.94
1421243460,183.53,183.53,183.53,183.53,0.01,1.8353,183.53
1421243520,151.91,151.91,113.67,136.38,0.03,4.0196,133.98666667
1421243580,174.94,195.39,174.94,195.39,0.02,3.7033,185.165
1421243640,148.46,148.46,148.46,148.46,0.01,1.4846,148.46
1421243700,158.68,193.22,158.68,174.61,0.03,5.2651,175.50333333
1421243760,166.97,166.97,124.01,124.01,0.02,2.9098,145.49
1421243820,186.1,186.1,186.1,186.1,0.01,1.861,186.1
1421243880,165.92,165.92,119.62,119.62,0.02,2.8554,142.77
1421243940,157.47,191.73,157.47,191.73,0.02,3.492,174.6
1421244000,133.65,182.97,133.65,182.97,0.02,3.1662,158.31
1421244060,128.43,143.34,128.43,143.34,0.02,2.7177,135.885
1421244120,172.37,179.98,171.12,171.12,0.03,5.2347,174.49
1421244180,115.07,115.07,115.07,115.07,0.01,1.1507,115.07
1421244240,164.34,189.64,146.04,179.01,0.04,6.7903,169.7575
1421244300,162.53,162.53,147.18,147.18,0.02,3.0971,154.855
1421244360,145.91,171.48,137.33,171.48,0.04,5.9524,148.81
1421244420,135.35,140.64,135.35,140.64,0.02,2.7599,137.995
1421244480,164.57,190.75,126.15,190.75,0.03,4.8147,160.49
1421244540,174.02,177.16,174.02,177.16,0.02,3.5118,175.59
1421244600,193.44,193.44,126.41,190.12,0.04,6.5375,163.4375
1421244660,126.5,126.5,126.5,126.5,0.01,1.265,126.5
1421244720,124.9,172.03,111.47,111.47,0.03,4.084,136.13333333
1421244780,147.27,147.27,110.48,110.48,0.02,2.5775,128.875
1421244840,142.62,142.62,142.62,142.62,0.01,1.4262,142.62
1421244900,147.51,147.51,129.71,146.39,0.03,4.2361,141.20333333
1421244960,109.87,196.88,109.87,196.88,0.03,4.7707,159.02333333
1421245020,150.21,159.14,150.21,159.14,0.03,4.6474,154.91333333
1421245080,184.64,184.64,152.9,152.9,0.02,3.3754,168.77
1421245140,115.71,171.77,115.71,149.94,0.03,4.3742,145.80666667
1421245200,190.9,190.9,181.66,181.66,0.02,3.7256,186.28
1421245260,155.09,191.91,155.09,191.91,0.02,3.47,173.5
1421245320,138.67,157.72,138.67,157.72,0.02,2.9639,148.195
1421245380,129.02,129.02,129.02,129.02,0.01,1.2902,129.02
1421245440,138.44,164.63,138.44,164.63,0.02,3.0307,151.535
1421245500,172.22,172.22,122.32,129.52,0.03,4.2406,141.35333333
1421245560,155.69,155.69,155.69,155.69,0.01,1.5569,155.69
1421245620,133.8,133.8,129.47,130.27,0.03,3.9354,131.18
1421245680,132.11,132.11,132.11,132.11,0.01,1.3211,132.11
1421245740,138.03,187.15,138.03,187.15,0.02,3.2518,162.59
1421245800,195.75,195.75,195.75,195.75,0.01,1.9575,195.75
1421245860,160.16,160.16,132.16,132.16,0.02,2.9232,146.16
1421245920,177.36,177.36,121.18,151.38,0.04,5.83,145.75
1421245980,122.4,176.02,122.4,176.02,0.02,2.9842,149.21
1421246040,136.35,153.8,114.84,114.84,0.04,5.3729,134.3225
1421246100,136.72,136.72,136.72,136.72,0.01,1.3672,136.72
1421246160,152.82,190.02,152.82,190.02,0.02,3.4284,171.42
1421246220,178.06,180.36,168.77,180.36,0.03,5.2719,175.73
1421246280,166.7,197.07,166.7,197.07,0.02,3.6377,181.885
1421246340,176.56,176.56,121.55,121.55,0.02,2.9811,149.055
1421246400,181.12,181.12,181.12,181.12,0.01,1.8112,181.12
1421246460,178.52,178.52,144.78,144.78,0.02,3.233,161.65
1421246520,124.3,124.3,124.3,124.3,0.01,1.243,124.3
1421246580,142.66,143.23,142.66,143.23,0.02,2.8589,142.945
1421246640,124.79,141.13,124.79,141.13,0.02,2.6592,132.96
1421246700,148.23,191.98,148.23,176.59,0.03,5.168,172.26666667
1421246760,146.4,165.83,146.4,165.83,0.03,4.7662,158.87333333
1421246820,172.55,172.55,156.54,156.54,0.03,4.8973,163.24333333
1421246880,173.24,174.76,163.04,174.76,0.03,5.1104,170.34666667
1421246940,147.72,190.65,147.72,190.65,0.02,3.3837,169.185
1421247000,115.45,117.99,115.45,117.99,0.02,2.3344,116.72
1421247060,153.98,153.98,122.3,122.3,0.02,2.7628,138.14
1421247120,182.04,182.04,139.17,139.17,0.02,3.2121,160.605
1421247180,196.79,196.79,131.21,131.21,0.02,3.28,164
1421247240,180.47,189.21,119.9,189.21,0.03,4.8958,163.19333333
1421247300,141.48,141.48,141.48,141.48,0.01,1.4148,141.48
1421247360,131.27,131.27,110.5,110.5,0.03,3.6336,121.12
1421247420,173.05,181.47,173.05,181.47,0.02,3.5452,177.26
1421247480,131.65,195.93,128.52,128.52,0.03,4.561,152.03333333
1421247540,175.26,175.26,155.58,155.58,0.02,3.3084,165.42
1421247600,168.1,168.1,130.2,130.2,0.02,2.983,149.15
1421247660,136.8,138.61,136.8,138.61,0.02,2.7541,137.705
1421247720,114.23,191.67,114.23,191.67,0.02,3.059,152.95
1421247780,152.71,152.71,152.71,152.71,0.01,1.5271,152.71
1421247840,162.67,166.06,162.67,166.06,0.02,3.2873,164.365
1421247900,175.06,175.06,136.72,136.72,0.02,3.1178,155.89
1421247960,148.78,182.94,148.78,182.94,0.03,5.1031,170.10333333
1421248020,188.23,188.23,188.23,188.23,0.01,1.8823,188.23
1421248080,149.15,149.15,124.25,124.25,0.02,2.734,136.7
1421248140,157.18,186.77,137.59,186.77,0.03,4.8154,160.51333333
1421248200,171.93,171.93,110.67,110.67,0.03,4.2952,143.17333333
1421248260,150.97,150.97,150.65,150.65,0.02,3.0162,150.81
1421248320,146.96,146.96,112.9,112.9,0.02,2.5986,129.93
1421248380,141.32,167.93,135.2,135.2,0.03,4.4445,148.15
1421248440,171.49,171.49,114.4,114.4,0.03,4.3429,144.76333333
1421248500,125.79,138.94,123.5,123.5,0.03,3.8823,129.41
1421248560,135.09,151.86,135.09,151.86,0.02,2.8695,143.475
1421248620,133.48,133.48,119.37,125.58,0.03,3.7843,126.14333333
1421248680,146.32,182.78,146.32,182.78,0.02,3.291,164.55
1421248740,154.76,188.35,112.85,188.35,0.03,4.5596,151.98666667
1421248800,137.68,156.11,125.78,156.11,0.03,4.1957,139.85666667
1421248860,144.94,153.3,144.94,153.3,0.02,2.9824,149.12
1421248920,128.42,141.2,116.79,116.79,0.03,3.8641,128.80333333
1421248980,169.37,169.37,169.37,169.37,0.01,1.6937,169.37
1421249040,150.52,168.09,122.76,168.09,0.03,4.4137,147.12333333
1421249100,154.74,154.74,149.32,149.32,0.02,3.0406,152.03
1421249160,141.93,165.44,118.66,157.93,0.04,5.8396,145.99
1421249220,122.53,183.08,122.53,183.08,0.02,3.0561,152.805
1421249280,192.35,192.35,154.79,154.79,0.02,3.4714,173.57
1421249340,187.5,187.5,187.5,187.5,0.01,1.875,187.5
1421249400,190.77,190.77,115.82,115.82,0.03,4.3378,144.59333333
1421249460,111.52,118.57,111.52,118.57,0.02,2.3009,115.045
1421249520,190.69,190.69,148.09,148.09,0.03,4.9453,164.84333333
1421249580,112.37,159.71,112.37,159.71,0.03,4.0059,133.53
1421249640,145.13,190.82,145.13,190.82,0.02,3.3595,167.975
1421249700,147.41,147.41,117.3,123.81,0.04,5.3209,133.0225
1421249760,175.48,175.48,130.11,130.11,0.02,3.0559,152.795
1421249820,166.11,195.68,166.11,195.68,0.02,3.6179,180.895
1421249880,166.61,166.61,110,110,0.02,2.7661,138.305
1421249940,185.27,185.27,125.79,125.79,0.03,4.5874,152.91333333
1421250000,184.59,184.59,111.09,126.18,0.04,5.6375,140.9375
1421250060,117.9,182.98,117.9,121.69,0.03,4.2257,140.85666667
1421250120,163.25,163.25,150.12,150.12,0.02,3.1337,156.685
1421250180,145.13,145.13,120.38,120.38,0.02,2.6551,132.755
1421250240,135.75,135.75,119.25,134.98,0.03,3.8998,129.99333333
1421250300,185.25,185.25,156.75,172.3,0.03,5.143,171.43333333
1421250360,139.56,139.56,137.9,137.9,0.02,2.7746,138.73
1421250420,185.34,185.34,176.17,176.17,0.03,5.4358,181.19333333
1421250480,113.92,151.9,113.92,151.9,0.02,2.6582,132.91
1421250540,179.62,179.62,120.54,120.54,0.02,3.0016,150.08
1421250600,188.16,190.92,184.78,190.92,0.03,5.6386,187.95333333
1421250660,191.61,191.61,152.34,166.51,0.03,5.1046,170.15333333
1421250720,177.84,177.84,137.17,137.17,0.03,4.5545,151.81666667
1421250780,185.4,185.4,185.4,185.4,0.01,1.854,185.4
1421250840,163.52,163.52,123.81,123.81,0.02,2.8733,143.665
1421250900,141.52,171.83,141.52,171.83,0.02,3.1335,156.675
1421250960,163.87,163.87,149.5,149.5,0.02,3.1337,156.685
1421251020,190.66,190.66,169.64,169.64,0.02,3.603,180.15
1421251080,129.56,144.08,129.56,144.08,0.02,2.7364,136.82
1421251140,196.6,196.6,172.95,172.95,0.02,3.6955,184.775
1421251200,193.43,193.43,116.05,116.05,0.02,3.0948,154.74
1421251260,155.38,155.38,155.38,155.38,0.01,1.5538,155.38
1421251320,136.71,141.63,136.71,141.63,0.02,2.7834,139.17
1421251380,157.63,157.63,157.63,157.63,0.01,1.5763,157.63
1421251440,142.78,196.32,126.74,196.32,0.03,4.6584,155.28
1421251500,155.79,155.79,140.61,140.61,0.02,2.964,148.2
1421251560,192.95,192.95,111.57,111.57,0.02,3.0452,152.26
1421251620,173.93,187.37,173.93,187.37,0.02,3.613,180.65
1421251680,186.39,190.57,186.39,190.57,0.02,3.7696,188.48
1421251740,157.68,181.31,157.68,181.31,0.03,4.9802,166.00666667
1421251800,160.65,160.65,141.95,141.95,0.03,4.5813,152.71
1421251860,173.2,173.2,173.2,173.2,0.01,1.732,173.2
1421251920,139.02,186.41,139.02,186.41,0.02,3.2543,162.715
1421251980,137.54,197.09,137.54,167.5,0.03,5.0213,167.37666667
1421252040,179.27,179.27,179.27,179.27,0.01,1.7927,179.27
1421252100,117.66,151.24,117.66,151.24,0.02,2.689,134.45
1421252160,152.39,156.96,152.39,156.96,0.02,3.0935,154.675
1421252220,130.42,192.01,130.42,139.19,0.03,4.6162,153.87333333
1421252280,142.68,190.54,142.68,190.54,0.02,3.3322,166.61
1421252340,178.06,181.91,178.06,181.91,0.02,3.5997,179.985
1421252400,166.07,166.07,133.6,133.6,0.02,2.9967,149.835
1421252460,120.22,132.72,120.22,132.72,0.02,2.5294,126.47
1421252520,148.42,188.98,148.42,188.98,0.02,3.374,168.7
1421252580,196.02,196.02,157.55,157.55,0.03,5.1302,171.00666667
1421252640,189.65,189.65,169.53,169.53,0.02,3.5918,179.59
1421252700,113.87,191.01,113.87,191.01,0.02,3.0488,152.44
1421252760,180.83,180.83,137.42,149.24,0.04,6.0715,151.7875
1421252820,182.4,189.69,160.7,160.7,0.03,5.3279,177.59666667
1421252880,110.2,112.53,110.2,112.53,0.02,2.2273,111.365
1421252940,130.43,145.24,130.43,145.24,0.02,2.7567,137.835
1421253000,134.41,134.41,132.59,132.59,0.02,2.67,133.5
1421253060,153.74,176.57,115.8,176.57,0.03,4.4611,148.70333333
1421253120,143.22,143.22,143.22,143.22,0.01,1.4322,143.22
1421253180,117.09,176.22,117.09,176.22,0.02,2.9331,146.655
1421253240,197.97,197.97,120.98,120.98,0.03,4.5634,152.11333333
1421253300,121.41,193.92,121.41,193.92,0.03,5.0299,167.66333333
1421253360,163.56,163.56,135.47,135.47,0.02,2.9903,149.515
1421253420,174.29,174.29,174.29,174.29,0.01,1.7429,174.29
1421253480,197.15,197.15,169.05,169.05,0.02,3.662,183.1
1421253540,154.29,154.29,154.29,154.29,0.01,1.5429,154.29
1421253600,162.73,189.34,162.73,189.34,0.03,5.2155,173.85
1421253660,111.12,177.76,111.12,177.76,0.03,4.3709,145.69666667
1421253720,180,195.26,180,195.26,0.02,3.7526,187.63
1421253780,187.41,187.41,185.32,185.32,0.02,3.7273,186.365
1421253840,184.41,184.41,183.55,183.55,0.02,3.6796,183.98
1421253900,192.86,192.86,188.51,188.51,0.02,3.8137,190.685
1421253960,195.01,195.01,195.01,195.01,0.01,1.9501,195.01
1421254020,193.57,193.57,189.18,189.18,0.02,3.8275,191.375
1421254080,187.99,187.99,185.53,185.53,0.02,3.7352,186.76
1421254140,192.09,192.09,184.75,184.75,0.02,3.7684,188.42
1421254200,185.24,185.61,185.24,185.61,0.02,3.7085,185.425
1421254260,187.57,196.58,187.57,196.58,0.03,5.7419,191.39666667
1421254320,188.08,188.08,186.51,186.51,0.02,3.7459,187.295
1421254380,188.04,188.04,187.82,187.82,0.02,3.7586,187.93
1421254440,195.53,195.53,184.82,184.82,0.02,3.8035,190.175
1421254500,185.91,185.91,185.91,185.91,0.01,1.8591,185.91
1421254560,NaN,NaN,NaN,NaN,NaN,NaN,NaN
1421254620,NaN,NaN,NaN,NaN,NaN,NaN,NaN
1421254680,NaN,NaN,NaN,NaN,NaN,NaN,NaN
1421254740,NaN,NaN,NaN,NaN,NaN,NaN,NaN
1421254800,NaN,NaN,NaN,NaN,NaN,NaN,NaN
1421254860,NaN,NaN,NaN,NaN,NaN,NaN,NaN
1421254920,NaN,NaN,NaN,NaN,NaN,NaN,NaN
1421254980,NaN,NaN,NaN,NaN,NaN,NaN,NaN
1421255040,NaN,NaN,NaN,NaN,NaN,NaN,NaN
1421255100,NaN,NaN,NaN,NaN,NaN,NaN,NaN
1421255160,NaN,NaN,NaN,NaN,NaN,NaN,NaN
1421255220,NaN,NaN,NaN,NaN,NaN,NaN,NaN
1421255280,NaN,NaN,NaN,NaN,NaN,NaN,NaN
1421255340,NaN,NaN,NaN,NaN,NaN,NaN,NaN
1421255400,NaN,NaN,NaN,NaN,NaN,NaN,NaN
1421255460,NaN,NaN,NaN,NaN,NaN,NaN,NaN
1421255520,NaN,NaN,NaN,NaN,NaN,NaN,NaN
1421255580,NaN,NaN,NaN,NaN,NaN,NaN,NaN
1421255640,NaN,NaN,NaN,NaN,NaN,NaN,NaN
1421255700,NaN,NaN,NaN,NaN,NaN,NaN,NaN
1421255760,NaN,NaN,NaN,NaN,NaN,NaN,NaN
1421255820,NaN,NaN,NaN,NaN,NaN,NaN,NaN
1421255880,NaN,NaN,NaN,NaN,NaN,NaN,NaN
1421255940,NaN,NaN,NaN,NaN,NaN,NaN,NaN
1421256000,NaN,NaN,NaN,NaN,NaN,NaN,NaN
1421256060,NaN,NaN,NaN,NaN,NaN,NaN,NaN
1421256120,NaN,NaN,NaN,NaN,NaN,NaN,NaN
1421256180,NaN,NaN,NaN,NaN,NaN,NaN,NaN
1421256240,NaN,NaN,NaN,NaN,NaN,NaN,NaN
1421256300,NaN,NaN,NaN,NaN,NaN,NaN,NaN
1421256360,NaN,NaN,NaN,NaN,NaN,NaN,NaN
1421256420,NaN,NaN,NaN,NaN,NaN,NaN,NaN
1421256480,NaN,NaN,NaN,NaN,NaN,NaN,NaN
1421256540,NaN,NaN,NaN,NaN,NaN,NaN,NaN
1421256600,NaN,NaN,NaN,NaN,NaN,NaN,NaN
1421256660,NaN,NaN,NaN,NaN,NaN,NaN,NaN
1421256720,NaN,NaN,NaN,NaN,NaN,NaN,NaN
1421256780,NaN,NaN,NaN,NaN,NaN,NaN,NaN
1421256840,NaN,NaN,NaN,NaN,NaN,NaN,NaN
1421256900,NaN,NaN,NaN,NaN,NaN,NaN,NaN
1421256960,NaN,NaN,NaN,NaN,NaN,NaN,NaN
1421257020,NaN,NaN,NaN,NaN,NaN,NaN,NaN
1421257080,NaN,NaN,NaN,NaN,NaN,NaN,NaN
1421257140,NaN,NaN,NaN,NaN,NaN,NaN,NaN
1421257200,NaN,NaN,NaN,NaN,NaN,NaN,NaN
1421257260,NaN,NaN,NaN,NaN,NaN,NaN,NaN
1421257320,NaN,NaN,NaN,NaN,NaN,NaN,NaN
1421257380,NaN,NaN,NaN,NaN,NaN,NaN,NaN
1421257440,NaN,NaN,NaN,NaN,NaN,NaN,NaN
1421257500,NaN,NaN,NaN,NaN,NaN,NaN,NaN
1421257560,NaN,NaN,NaN,NaN,NaN,NaN,NaN
1421257620,NaN,NaN,NaN,NaN,NaN,NaN,NaN
1421257680,NaN,NaN,NaN,NaN,NaN,NaN,NaN
1421257740,NaN,NaN,NaN,NaN,NaN,NaN,NaN
1421257800,NaN,NaN,NaN,NaN,NaN,NaN,NaN
1421257860,NaN,NaN,NaN,NaN,NaN,NaN,NaN
1421257920,NaN,NaN,NaN,NaN,NaN,NaN,NaN
1421257980,NaN,NaN,NaN,NaN,NaN,NaN,NaN
1421258040,NaN,NaN,NaN,NaN,NaN,NaN,NaN
1421258100,NaN,NaN,NaN,NaN,NaN,NaN,NaN
1421258160,NaN,NaN,NaN,NaN,NaN,NaN,NaN
1421258220,NaN,NaN,NaN,NaN,NaN,NaN,NaN
1421258280,NaN,NaN,NaN,NaN,NaN,NaN,NaN
1421258340,NaN,NaN,NaN,NaN,NaN,NaN,NaN
1421258400,NaN,NaN,NaN,NaN,NaN,NaN,NaN
1421258460,NaN,NaN,NaN,NaN,NaN,NaN,NaN
1421258520,NaN,NaN,NaN,NaN,NaN,NaN,NaN
1421258580,NaN,NaN,NaN,NaN,NaN,NaN,NaN
1421258640,NaN,NaN,NaN,NaN,NaN,NaN,NaN
1421258700,NaN,NaN,NaN,NaN,NaN,NaN,NaN
1421258760,NaN,NaN,NaN,NaN,NaN,NaN,NaN
1421258820,NaN,NaN,NaN,NaN,NaN,NaN,NaN
1421258880,NaN,NaN,NaN,NaN,NaN,NaN,NaN
1421258940,NaN,NaN,NaN,NaN,NaN,NaN,NaN
1421259000,NaN,NaN,NaN,NaN,NaN,NaN,NaN
1421259060,NaN,NaN,NaN,NaN,NaN,NaN,NaN
1421259120,NaN,NaN,NaN,NaN,NaN,NaN,NaN
1421259180,NaN,NaN,NaN,NaN,NaN,NaN,NaN
1421259240,NaN,NaN,NaN,NaN,NaN,NaN,NaN
1421259300,NaN,NaN,NaN,NaN,NaN,NaN,NaN
1421259360,NaN,NaN,NaN,NaN,NaN,NaN,NaN
1421259420,NaN,NaN,NaN,NaN,NaN,NaN,NaN
1421259480,NaN,NaN,NaN,NaN,NaN,NaN,NaN
1421259540,NaN,NaN,NaN,NaN,NaN,NaN,NaN
1421259600,NaN,NaN,NaN,NaN,NaN,NaN,NaN
1421259660,NaN,NaN,NaN,NaN,NaN,NaN,NaN
1421259720,NaN,NaN,NaN,NaN,NaN,NaN,NaN
1421259780,NaN,NaN,NaN,NaN,NaN,NaN,NaN
1421259840,NaN,NaN,NaN,NaN,NaN,NaN,NaN
1421259900,NaN,NaN,NaN,NaN,NaN,NaN,NaN
1421259960,NaN,NaN,NaN,NaN,NaN,NaN,NaN
1421260020,NaN,NaN,NaN,NaN,NaN,NaN,NaN
1421260080,NaN,NaN,NaN,NaN,NaN,NaN,NaN
1421260140,NaN,NaN,NaN,NaN,NaN,NaN,NaN
1421260200,NaN,NaN,NaN,NaN,NaN,NaN,NaN
1421260260,NaN,NaN,NaN,NaN,NaN,NaN,NaN
1421260320,NaN,NaN,NaN,NaN,NaN,NaN,NaN
1421260380,NaN,NaN,NaN,NaN,NaN,NaN,NaN
1421260440,NaN,NaN,NaN,NaN,NaN,NaN,NaN
1421260500,NaN,NaN,NaN,NaN,NaN,NaN,NaN
1421260560,NaN,NaN,NaN,NaN,NaN,NaN,NaN
1421260620,NaN,NaN,NaN,NaN,NaN,NaN,NaN
1421260680,NaN,NaN,NaN,NaN,NaN,NaN,NaN
1421260740,NaN,NaN,NaN,NaN,NaN,NaN,NaN
1421260800,NaN,NaN,NaN,NaN,NaN,NaN,NaN
1421260860,NaN,NaN,NaN,NaN,NaN,NaN,NaN
1421260920,NaN,NaN,NaN,NaN,NaN,NaN,NaN
1421260980,NaN,NaN,NaN,NaN,NaN,NaN,NaN
1421261040,NaN,NaN,NaN,NaN,NaN,NaN,NaN
1421261100,NaN,NaN,NaN,NaN,NaN,NaN,NaN
1421261160,NaN,NaN,NaN,NaN,NaN,NaN,NaN
1421261220,NaN,NaN,NaN,NaN,NaN,NaN,NaN
1421261280,NaN,NaN,NaN,NaN,NaN,NaN,NaN
1421261340,NaN,NaN,NaN,NaN,NaN,NaN,NaN
1421261400,186,186,186,186,0.0153622,2.8573692,186
1421261460,NaN,NaN,NaN,NaN,NaN,NaN,NaN
1421261520,NaN,NaN,NaN,NaN,NaN,NaN,NaN
1421261580,NaN,NaN,NaN,NaN,NaN,NaN,NaN
1421261640,NaN,NaN,NaN,NaN,NaN,NaN,NaN
1421261700,NaN,NaN,NaN,NaN,NaN,NaN,NaN
1421261760,NaN,NaN,NaN,NaN,NaN,NaN,NaN
1421261820,NaN,NaN,NaN,NaN,NaN,NaN,NaN
1421261880,NaN,NaN,NaN,NaN,NaN,NaN,NaN
1421261940,NaN,NaN,NaN,NaN,NaN,NaN,NaN
1421262000,NaN,NaN,NaN,NaN,NaN,NaN,NaN
1421262060,NaN,NaN,NaN,NaN,NaN,NaN,NaN
1421262120,NaN,NaN,NaN,NaN,NaN,NaN,NaN
1421262180,NaN,NaN,NaN,NaN,NaN,NaN,NaN
1421262240,NaN,NaN,NaN,NaN,NaN,NaN,NaN
1421262300,186,188,186,188,0.06,11.18,186.33333333
1421262360,188,188,188,188,0.05,9.4,188
1421262420,NaN,NaN,NaN,NaN,NaN,NaN,NaN
1421262480,NaN,NaN,NaN,NaN,NaN,NaN,NaN
1421262540,NaN,NaN,NaN,NaN,NaN,NaN,NaN
1421262600,NaN,NaN,NaN,NaN,NaN,NaN,NaN
1421262660,NaN,NaN,NaN,NaN,NaN,NaN,NaN
1421262720,NaN,NaN,NaN,NaN,NaN,NaN,NaN
1421262780,NaN,NaN,NaN,NaN,NaN,NaN,NaN
1421262840,NaN,NaN,NaN,NaN,NaN,NaN,NaN
1421262900,NaN,NaN,NaN,NaN,NaN,NaN,NaN
1421262960,NaN,NaN,NaN,NaN,NaN,NaN,NaN
1421263020,NaN,NaN,NaN,NaN,NaN,NaN,NaN
1421263080,NaN,NaN,NaN,NaN,NaN,NaN,NaN
1421263140,NaN,NaN,NaN,NaN,NaN,NaN,NaN
1421263200,NaN,NaN,NaN,NaN,NaN,NaN,NaN
1421263260,NaN,NaN,NaN,NaN,NaN,NaN,NaN
1421263320,NaN,NaN,NaN,NaN,NaN,NaN,NaN
1421263380,NaN,NaN,NaN,NaN,NaN,NaN,NaN
1421263440,NaN,NaN,NaN,NaN,NaN,NaN,NaN
1421263500,NaN,NaN,NaN,NaN,NaN,NaN,NaN
1421263560,NaN,NaN,NaN,NaN,NaN,NaN,NaN
1421263620,NaN,NaN,NaN,NaN,NaN,NaN,NaN
1421263680,NaN,NaN,NaN,NaN,NaN,NaN,NaN
1421263740,NaN,NaN,NaN,NaN,NaN,NaN,NaN
1421263800,NaN,NaN,NaN,NaN,NaN,NaN,NaN
1421263860,NaN,NaN,NaN,NaN,NaN,NaN,NaN
1421263920,NaN,NaN,NaN,NaN,NaN,NaN,NaN
1421263980,NaN,NaN,NaN,NaN,NaN,NaN,NaN
1421264040,NaN,NaN,NaN,NaN,NaN,NaN,NaN
1421264100,NaN,NaN,NaN,NaN,NaN,NaN,NaN
1421264160,NaN,NaN,NaN,NaN,NaN,NaN,NaN
1421264220,NaN,NaN,NaN,NaN,NaN,NaN,NaN
1421264280,188,188,188,188,0.02,3.76,188
1421264340,188,188,170,170,0.0746378,13.7026308,183.58835335
1421264400,170,170,120,120,0.06,8.7,145
1421264460,NaN,NaN,NaN,NaN,NaN,NaN,NaN
1421264520,NaN,NaN,NaN,NaN,NaN,NaN,NaN
1421264580,NaN,NaN,NaN,NaN,NaN,NaN,NaN
1421264640,NaN,NaN,NaN,NaN,NaN,NaN,NaN
1421264700,NaN,NaN,NaN,NaN,NaN,NaN,NaN
1421264760,NaN,NaN,NaN,NaN,NaN,NaN,NaN
1421264820,NaN,NaN,NaN,NaN,NaN,NaN,NaN
1421264880,NaN,NaN,NaN,NaN,NaN,NaN,NaN
1421264940,NaN,NaN,NaN,NaN,NaN,NaN,NaN
1421265000,NaN,NaN,NaN,NaN,NaN,NaN,NaN
1421265060,NaN,NaN,NaN,NaN,NaN,NaN,NaN
1421265120,NaN,NaN,NaN,NaN,NaN,NaN,NaN
1421265180,NaN,NaN,NaN,NaN,NaN,NaN,NaN
1421265240,NaN,NaN,NaN,NaN,NaN,NaN,NaN
1421265300,NaN,NaN,NaN,NaN,NaN,NaN,NaN
1421265360,NaN,NaN,NaN,NaN,NaN,NaN,NaN
1421265420,NaN,NaN,NaN,NaN,NaN,NaN,NaN
1421265480,NaN,NaN,NaN,NaN,NaN,NaN,NaN
1421265540,NaN,NaN,NaN,NaN,NaN,NaN,NaN
1421265600,NaN,NaN,NaN,NaN,NaN,NaN,NaN
1421265660,NaN,NaN,NaN,NaN,NaN,NaN,NaN
1421265720,NaN,NaN,NaN,NaN,NaN,NaN,NaN
1421265780,NaN,NaN,NaN,NaN,NaN,NaN,NaN
1421265840,NaN,NaN,NaN,NaN,NaN,NaN,NaN
1421265900,NaN,NaN,NaN,NaN,NaN,NaN,NaN
1421265960,NaN,NaN,NaN,NaN,NaN,NaN,NaN
1421266020,NaN,NaN,NaN,NaN,NaN,NaN,NaN
1421266080,NaN,NaN,NaN,NaN,NaN,NaN,NaN
1421266140,NaN,NaN,NaN,NaN,NaN,NaN,NaN
1421266200,NaN,NaN,NaN,NaN,NaN,NaN,NaN
1421266260,NaN,NaN,NaN,NaN,NaN,NaN,NaN
1421266320,NaN,NaN,NaN,NaN,NaN,NaN,NaN
1421266380,NaN,NaN,NaN,NaN,NaN,NaN,NaN
1421266440,NaN,NaN,NaN,NaN,NaN,NaN,NaN
1421266500,NaN,NaN,NaN,NaN,NaN,NaN,NaN
1421266560,NaN,NaN,NaN,NaN,NaN,NaN,NaN
1421266620,NaN,NaN,NaN,NaN,NaN,NaN,NaN
1421266680,NaN,NaN,NaN,NaN,NaN,NaN,NaN
1421266740,NaN,NaN,NaN,NaN,NaN,NaN,NaN
1421266800,NaN,NaN,NaN,NaN,NaN,NaN,NaN
1421266860,NaN,NaN,NaN,NaN,NaN,NaN,NaN
1421266920,NaN,NaN,NaN,NaN,NaN,NaN,NaN
1421266980,NaN,NaN,NaN,NaN,NaN,NaN,NaN
1421267040,NaN,NaN,NaN,NaN,NaN,NaN,NaN
1421267100,NaN,NaN,NaN,NaN,NaN,NaN,NaN
1421267160,NaN,NaN,NaN,NaN,NaN,NaN,NaN
1421267220,NaN,NaN,NaN,NaN,NaN,NaN,NaN
1421267280,NaN,NaN,NaN,NaN,NaN,NaN,NaN
1421267340,NaN,NaN,NaN,NaN,NaN,NaN,NaN
1421267400,NaN,NaN,NaN,NaN,NaN,NaN,NaN
1421267460,NaN,NaN,NaN,NaN,NaN,NaN,NaN
1421267520,NaN,NaN,NaN,NaN,NaN,NaN,NaN
1421267580,NaN,NaN,NaN,NaN,NaN,NaN,NaN
1421267640,NaN,NaN,NaN,NaN,NaN,NaN,NaN
1421267700,NaN,NaN,NaN,NaN,NaN,NaN,NaN
1421267760,NaN,NaN,NaN,NaN,NaN,NaN,NaN
1421267820,NaN,NaN,NaN,NaN,NaN,NaN,NaN
1421267880,NaN,NaN,NaN,NaN,NaN,NaN,NaN
1421267940,NaN,NaN,NaN,NaN,NaN,NaN,NaN
1421268000,NaN,NaN,NaN,NaN,NaN,NaN,NaN
1421268060,NaN,NaN,NaN,NaN,NaN,NaN,NaN
1421268120,NaN,NaN,NaN,NaN,NaN,NaN,NaN
1421268180,NaN,NaN,NaN,NaN,NaN,NaN,NaN
1421268240,NaN,NaN,NaN,NaN,NaN,NaN,NaN
1421268300,NaN,NaN,NaN,NaN,NaN,NaN,NaN
1421268360,NaN,NaN,NaN,NaN,NaN,NaN,NaN
1421268420,NaN,NaN,NaN,NaN,NaN,NaN,NaN
1421268480,NaN,NaN,NaN,NaN,NaN,NaN,NaN
1421268540,NaN,NaN,NaN,NaN,NaN,NaN,NaN
1421268600,NaN,NaN,NaN,NaN,NaN,NaN,NaN
1421268660,NaN,NaN,NaN,NaN,NaN,NaN,NaN
1421268720,NaN,NaN,NaN,NaN,NaN,NaN,NaN
1421268780,NaN,NaN,NaN,NaN,NaN,NaN,NaN
1421268840,NaN,NaN,NaN,NaN,NaN,NaN,NaN
1421268900,NaN,NaN,NaN,NaN,NaN,NaN,NaN
1421268960,NaN,NaN,NaN,NaN,NaN,NaN,NaN
1421269020,NaN,NaN,NaN,NaN,NaN,NaN,NaN
1421269080,NaN,NaN,NaN,NaN,NaN,NaN,NaN
1421269140,NaN,NaN,NaN,NaN,NaN,NaN,NaN
1421269200,NaN,NaN,NaN,NaN,NaN,NaN,NaN
1421269260,NaN,NaN,NaN,NaN,NaN,NaN,NaN
1421269320,NaN,NaN,NaN,NaN,NaN,NaN,NaN
1421269380,NaN,NaN,NaN,NaN,NaN,NaN,NaN
1421269440,NaN,NaN,NaN,NaN,NaN,NaN,NaN
1421269500,NaN,NaN,NaN,NaN,NaN,NaN,NaN
1421269560,NaN,NaN,NaN,NaN,NaN,NaN,NaN
1421269620,NaN,NaN,NaN,NaN,NaN,NaN,NaN
1421269680,NaN,NaN,NaN,NaN,NaN,NaN,NaN
1421269740,NaN,NaN,NaN,NaN,NaN,NaN,NaN
1421269800,NaN,NaN,NaN,NaN,NaN,NaN,NaN
1421269860,NaN,NaN,NaN,NaN,NaN,NaN,NaN
1421269920,NaN,NaN,NaN,NaN,NaN,NaN,NaN
1421269980,NaN,NaN,NaN,NaN,NaN,NaN,NaN
1421270040,NaN,NaN,NaN,NaN,NaN,NaN,NaN
1421270100,NaN,NaN,NaN,NaN,NaN,NaN,NaN
1421270160,NaN,NaN,NaN,NaN,NaN,NaN,NaN
1421270220,NaN,NaN,NaN,NaN,NaN,NaN,NaN
1421270280,NaN,NaN,NaN,NaN,NaN,NaN,NaN
1421270340,NaN,NaN,NaN,NaN,NaN,NaN,NaN
1421270400,NaN,NaN,NaN,NaN,NaN,NaN,NaN
1421270460,NaN,NaN,NaN,NaN,NaN,NaN,NaN
1421270520,NaN,NaN,NaN,NaN,NaN,NaN,NaN
1421270580,NaN,NaN,NaN,NaN,NaN,NaN,NaN
1421270640,NaN,NaN,NaN,NaN,NaN,NaN,NaN
1421270700,NaN,NaN,NaN,NaN,NaN,NaN,NaN
1421270760,NaN,NaN,NaN,NaN,NaN,NaN,NaN
1421270820,NaN,NaN,NaN,NaN,NaN,NaN,NaN
1421270880,NaN,NaN,NaN,NaN,NaN,NaN,NaN
1421270940,NaN,NaN,NaN,NaN,NaN,NaN,NaN
1421271000,NaN,NaN,NaN,NaN,NaN,NaN,NaN
1421271060,NaN,NaN,NaN,NaN,NaN,NaN,NaN
1421271120,NaN,NaN,NaN,NaN,NaN,NaN,NaN
1421271180,NaN,NaN,NaN,NaN,NaN,NaN,NaN
1421271240,NaN,NaN,NaN,NaN,NaN,NaN,NaN
1421271300,NaN,NaN,NaN,NaN,NaN,NaN,NaN
1421271360,NaN,NaN,NaN,NaN,NaN,NaN,NaN
1421271420,NaN,NaN,NaN,NaN,NaN,NaN,NaN
1421271480,NaN,NaN,NaN,NaN,NaN,NaN,NaN
1421271540,NaN,NaN,NaN,NaN,NaN,NaN,NaN
1421271600,NaN,NaN,NaN,NaN,NaN,NaN,NaN
1421271660,NaN,NaN,NaN,NaN,NaN,NaN,NaN
1421271720,NaN,NaN,NaN,NaN,NaN,NaN,NaN
1421271780,NaN,NaN,NaN,NaN,NaN,NaN,NaN
1421271840,NaN,NaN,NaN,NaN,NaN,NaN,NaN
1421271900,NaN,NaN,NaN,NaN,NaN,NaN,NaN
1421271960,NaN,NaN,NaN,NaN,NaN,NaN,NaN
1421272020,NaN,NaN,NaN,NaN,NaN,NaN,NaN
1421272080,NaN,NaN,NaN,NaN,NaN,NaN,NaN
1421272140,NaN,NaN,NaN,NaN,NaN,NaN,NaN
1421272200,NaN,NaN,NaN,NaN,NaN,NaN,NaN
1421272260,NaN,NaN,NaN,NaN,NaN,NaN,NaN
1421272320,NaN,NaN,NaN,NaN,NaN,NaN,NaN
1421272380,NaN,NaN,NaN,NaN,NaN,NaN,NaN
1421272440,NaN,NaN,NaN,NaN,NaN,NaN,NaN
1421272500,NaN,NaN,NaN,NaN,NaN,NaN,NaN
1421272560,NaN,NaN,NaN,NaN,NaN,NaN,NaN
1421272620,NaN,NaN,NaN,NaN,NaN,NaN,NaN
1421272680,NaN,NaN,NaN,NaN,NaN,NaN,NaN
1421272740,NaN,NaN,NaN,NaN,NaN,NaN,NaN
1421272800,NaN,NaN,NaN,NaN,NaN,NaN,NaN
1421272860,NaN,NaN,NaN,NaN,NaN,NaN,NaN
1421272920,NaN,NaN,NaN,NaN,NaN,NaN,NaN
1421272980,NaN,NaN,NaN,NaN,NaN,NaN,NaN
1421273040,NaN,NaN,NaN,NaN,NaN,NaN,NaN
1421273100,NaN,NaN,NaN,NaN,NaN,NaN,NaN
1421273160,NaN,NaN,NaN,NaN,NaN,NaN,NaN
1421273220,NaN,NaN,NaN,NaN,NaN,NaN,NaN
1421273280,NaN,NaN,NaN,NaN,NaN,NaN,NaN
1421273340,NaN,NaN,NaN,NaN,NaN,NaN,NaN
1421273400,NaN,NaN,NaN,NaN,NaN,NaN,NaN
1421273460,NaN,NaN,NaN,NaN,NaN,NaN,NaN
1421273520,NaN,NaN,NaN,NaN,NaN,NaN,NaN
1421273580,NaN,NaN,NaN,NaN,NaN,NaN,NaN
1421273640,NaN,NaN,NaN,NaN,NaN,NaN,NaN
1421273700,NaN,NaN,NaN,NaN,NaN,NaN,NaN
1421273760,NaN,NaN,NaN,NaN,NaN,NaN,NaN
1421273820,NaN,NaN,NaN,NaN,NaN,NaN,NaN
1421273880,NaN,NaN,NaN,NaN,NaN,NaN,NaN
1421273940,NaN,NaN,NaN,NaN,NaN,NaN,NaN
1421274000,NaN,NaN,NaN,NaN,NaN,NaN,NaN
1421274060,NaN,NaN,NaN,NaN,NaN,NaN,NaN
1421274120,NaN,NaN,NaN,NaN,NaN,NaN,NaN
1421274180,NaN,NaN,NaN,NaN,NaN,NaN,NaN
1421274240,NaN,NaN,NaN,NaN,NaN,NaN,NaN
1421274300,NaN,NaN,NaN,NaN,NaN,NaN,NaN
1421274360,NaN,NaN,NaN,NaN,NaN,NaN,NaN
1421274420,NaN,NaN,NaN,NaN,NaN,NaN,NaN
1421274480,NaN,NaN,NaN,NaN,NaN,NaN,NaN
1421274540,NaN,NaN,NaN,NaN,NaN,NaN,NaN
1421274600,NaN,NaN,NaN,NaN,NaN,NaN,NaN
1421274660,NaN,NaN,NaN,NaN,NaN,NaN,NaN
1421274720,NaN,NaN,NaN,NaN,NaN,NaN,NaN
1421274780,NaN,NaN,NaN,NaN,NaN,NaN,NaN
1421274840,NaN,NaN,NaN,NaN,NaN,NaN,NaN
1421274900,NaN,NaN,NaN,NaN,NaN,NaN,NaN
1421274960,NaN,NaN,NaN,NaN,NaN,NaN,NaN
1421275020,NaN,NaN,NaN,NaN,NaN,NaN,NaN
1421275080,NaN,NaN,NaN,NaN,NaN,NaN,NaN
1421275140,NaN,NaN,NaN,NaN,NaN,NaN,NaN
1421275200,NaN,NaN,NaN,NaN,NaN,NaN,NaN
1421275260,NaN,NaN,NaN,NaN,NaN,NaN,NaN
1421275320,NaN,NaN,NaN,NaN,NaN,NaN,NaN
1421275380,NaN,NaN,NaN,NaN,NaN,NaN,NaN
1421275440,NaN,NaN,NaN,NaN,NaN,NaN,NaN
1421275500,NaN,NaN,NaN,NaN,NaN,NaN,NaN
1421275560,NaN,NaN,NaN,NaN,NaN,NaN,NaN
1421275620,NaN,NaN,NaN,NaN,NaN,NaN,NaN
1421275680,NaN,NaN,NaN,NaN,NaN,NaN,NaN
1421275740,NaN,NaN,NaN,NaN,NaN,NaN,NaN
1421275800,NaN,NaN,NaN,NaN,NaN,NaN,NaN
1421275860,NaN,NaN,NaN,NaN,NaN,NaN,NaN
1421275920,NaN,NaN,NaN,NaN,NaN,NaN,NaN
1421275980,NaN,NaN,NaN,NaN,NaN,NaN,NaN
1421276040,NaN,NaN,NaN,NaN,NaN,NaN,NaN
1421276100,NaN,NaN,NaN,NaN,NaN,NaN,NaN
1421276160,NaN,NaN,NaN,NaN,NaN,NaN,NaN
1421276220,NaN,NaN,NaN,NaN,NaN,NaN,NaN
1421276280,NaN,NaN,NaN,NaN,NaN,NaN,NaN
1421276340,NaN,NaN,NaN,NaN,NaN,NaN,NaN
1421276400,NaN,NaN,NaN,NaN,NaN,NaN,NaN
1421276460,NaN,NaN,NaN,NaN,NaN,NaN,NaN
1421276520,NaN,NaN,NaN,NaN,NaN,NaN,NaN
1421276580,NaN,NaN,NaN,NaN,NaN,NaN,NaN
1421276640,NaN,NaN,NaN,NaN,NaN,NaN,NaN
1421276700,NaN,NaN,NaN,NaN,NaN,NaN,NaN
1421276760,NaN,NaN,NaN,NaN,NaN,NaN,NaN
1421276820,NaN,NaN,NaN,NaN,NaN,NaN,NaN
1421276880,NaN,NaN,NaN,NaN,NaN,NaN,NaN
1421276940,NaN,NaN,NaN,NaN,NaN,NaN,NaN
1421277000,NaN,NaN,NaN,NaN,NaN,NaN,NaN
1421277060,NaN,NaN,NaN,NaN,NaN,NaN,NaN
1421277120,NaN,NaN,NaN,NaN,NaN,NaN,NaN
1421277180,NaN,NaN,NaN,NaN,NaN,NaN,NaN
1421277240,NaN,NaN,NaN,NaN,NaN,NaN,NaN
1421277300,NaN,NaN,NaN,NaN,NaN,NaN,NaN
1421277360,NaN,NaN,NaN,NaN,NaN,NaN,NaN
1421277420,NaN,NaN,NaN,NaN,NaN,NaN,NaN
1421277480,NaN,NaN,NaN,NaN,NaN,NaN,NaN
1421277540,NaN,NaN,NaN,NaN,NaN,NaN,NaN
1421277600,NaN,NaN,NaN,NaN,NaN,NaN,NaN
1421277660,NaN,NaN,NaN,NaN,NaN,NaN,NaN
1421277720,NaN,NaN,NaN,NaN,NaN,NaN,NaN
1421277780,NaN,NaN,NaN,NaN,NaN,NaN,NaN
1421277840,NaN,NaN,NaN,NaN,NaN,NaN,NaN
1421277900,NaN,NaN,NaN,NaN,NaN,NaN,NaN
1421277960,NaN,NaN,NaN,NaN,NaN,NaN,NaN
1421278020,NaN,NaN,NaN,NaN,NaN,NaN,NaN
1421278080,NaN,NaN,NaN,NaN,NaN,NaN,NaN
1421278140,NaN,NaN,NaN,NaN,NaN,NaN,NaN
1421278200,NaN,NaN,NaN,NaN,NaN,NaN,NaN
1421278260,NaN,NaN,NaN,NaN,NaN,NaN,NaN
1421278320,NaN,NaN,NaN,NaN,NaN,NaN,NaN
1421278380,NaN,NaN,NaN,NaN,NaN,NaN,NaN
1421278440,NaN,NaN,NaN,NaN,NaN,NaN,NaN
1421278500,NaN,NaN,NaN,NaN,NaN,NaN,NaN
1421278560,NaN,NaN,NaN,NaN,NaN,NaN,NaN
1421278620,NaN,NaN,NaN,NaN,NaN,NaN,NaN
1421278680,NaN,NaN,NaN,NaN,NaN,NaN,NaN
1421278740,NaN,NaN,NaN,NaN,NaN,NaN,NaN
1421278800,NaN,NaN,NaN,NaN,NaN,NaN,NaN
1421278860,NaN,NaN,NaN,NaN,NaN,NaN,NaN
1421278920,NaN,NaN,NaN,NaN,NaN,NaN,NaN
1421278980,NaN,NaN,NaN,NaN,NaN,NaN,NaN
1421279040,NaN,NaN,NaN,NaN,NaN,NaN,NaN
1421279100,NaN,NaN,NaN,NaN,NaN,NaN,NaN
1421279160,NaN,NaN,NaN,NaN,NaN,NaN,NaN
1421279220,NaN,NaN,NaN,NaN,NaN,NaN,NaN
1421279280,NaN,NaN,NaN,NaN,NaN,NaN,NaN
1421279340,NaN,NaN,NaN,NaN,NaN,NaN,NaN
1421279400,NaN,NaN,NaN,NaN,NaN,NaN,NaN
1421279460,NaN,NaN,NaN,NaN,NaN,NaN,NaN
1421279520,NaN,NaN,NaN,NaN,NaN,NaN,NaN
1421279580,NaN,NaN,NaN,NaN,NaN,NaN,NaN
1421279640,NaN,NaN,NaN,NaN,NaN,NaN,NaN
1421279700,NaN,NaN,NaN,NaN,NaN,NaN,NaN
1421279760,NaN,NaN,NaN,NaN,NaN,NaN,NaN
1421279820,NaN,NaN,NaN,NaN,NaN,NaN,NaN
1421279880,NaN,NaN,NaN,NaN,NaN,NaN,NaN
1421279940,NaN,NaN,NaN,NaN,NaN,NaN,NaN
1421280000,NaN,NaN,NaN,NaN,NaN,NaN,NaN
1421280060,NaN,NaN,NaN,NaN,NaN,NaN,NaN
1421280120,NaN,NaN,NaN,NaN,NaN,NaN,NaN
1421280180,NaN,NaN,NaN,NaN,NaN,NaN,NaN
1421280240,NaN,NaN,NaN,NaN,NaN,NaN,NaN
1421280300,NaN,NaN,NaN,NaN,NaN,NaN,NaN
1421280360,NaN,NaN,NaN,NaN,NaN,NaN,NaN
1421280420,NaN,NaN,NaN,NaN,NaN,NaN,NaN
1421280480,NaN,NaN,NaN,NaN,NaN,NaN,NaN
1421280540,NaN,NaN,NaN,NaN,NaN,NaN,NaN
1421280600,NaN,NaN,NaN,NaN,NaN,NaN,NaN
1421280660,NaN,NaN,NaN,NaN,NaN,NaN,NaN
1421280720,NaN,NaN,NaN,NaN,NaN,NaN,NaN
1421280780,NaN,NaN,NaN,NaN,NaN,NaN,NaN
1421280840,NaN,NaN,NaN,NaN,NaN,NaN,NaN
1421280900,NaN,NaN,NaN,NaN,NaN,NaN,NaN
1421280960,NaN,NaN,NaN,NaN,NaN,NaN,NaN
1421281020,NaN,NaN,NaN,NaN,NaN,NaN,NaN
1421281080,NaN,NaN,NaN,NaN,NaN,NaN,NaN
1421281140,NaN,NaN,NaN,NaN,NaN,NaN,NaN
1421281200,NaN,NaN,NaN,NaN,NaN,NaN,NaN
1421281260,NaN,NaN,NaN,NaN,NaN,NaN,NaN
1421281320,NaN,NaN,NaN,NaN,NaN,NaN,NaN
1421281380,NaN,NaN,NaN,NaN,NaN,NaN,NaN
1421281440,NaN,NaN,NaN,NaN,NaN,NaN,NaN
1421281500,NaN,NaN,NaN,NaN,NaN,NaN,NaN
1421281560,NaN,NaN,NaN,NaN,NaN,NaN,NaN
1421281620,NaN,NaN,NaN,NaN,NaN,NaN,NaN
1421281680,NaN,NaN,NaN,NaN,NaN,NaN,NaN
1421281740,NaN,NaN,NaN,NaN,NaN,NaN,NaN
1421281800,NaN,NaN,NaN,NaN,NaN,NaN,NaN
1421281860,NaN,NaN,NaN,NaN,NaN,NaN,NaN
1421281920,NaN,NaN,NaN,NaN,NaN,NaN,NaN
1421281980,NaN,NaN,NaN,NaN,NaN,NaN,NaN
1421282040,NaN,NaN,NaN,NaN,NaN,NaN,NaN
1421282100,NaN,NaN,NaN,NaN,NaN,NaN,NaN
1421282160,NaN,NaN,NaN,NaN,NaN,NaN,NaN
1421282220,NaN,NaN,NaN,NaN,NaN,NaN,NaN
1421282280,NaN,NaN,NaN,NaN,NaN,NaN,NaN
1421282340,NaN,NaN,NaN,NaN,NaN,NaN,NaN
1421282400,NaN,NaN,NaN,NaN,NaN,NaN,NaN
1421282460,NaN,NaN,NaN,NaN,NaN,NaN,NaN
1421282520,NaN,NaN,NaN,NaN,NaN,NaN,NaN
1421282580,NaN,NaN,NaN,NaN,NaN,NaN,NaN
1421282640,NaN,NaN,NaN,NaN,NaN,NaN,NaN
1421282700,NaN,NaN,NaN,NaN,NaN,NaN,NaN
1421282760,NaN,NaN,NaN,NaN,NaN,NaN,NaN
1421282820,NaN,NaN,NaN,NaN,NaN,NaN,NaN
1421282880,NaN,NaN,NaN,NaN,NaN,NaN,NaN
1421282940,NaN,NaN,NaN,NaN,NaN,NaN,NaN
1421283000,NaN,NaN,NaN,NaN,NaN,NaN,NaN
1421283060,NaN,NaN,NaN,NaN,NaN,NaN,NaN
1421283120,NaN,NaN,NaN,NaN,NaN,NaN,NaN
1421283180,NaN,NaN,NaN,NaN,NaN,NaN,NaN
1421283240,NaN,NaN,NaN,NaN,NaN,NaN,NaN
1421283300,NaN,NaN,NaN,NaN,NaN,NaN,NaN
1421283360,NaN,NaN,NaN,NaN,NaN,NaN,NaN
1421283420,NaN,NaN,NaN,NaN,NaN,NaN,NaN
1421283480,NaN,NaN,NaN,NaN,NaN,NaN,NaN
1421283540,NaN,NaN,NaN,NaN,NaN,NaN,NaN
1421283600,NaN,NaN,NaN,NaN,NaN,NaN,NaN
1421283660,NaN,NaN,NaN,NaN,NaN,NaN,NaN
1421283720,NaN,NaN,NaN,NaN,NaN,NaN,NaN
1421283780,NaN,NaN,NaN,NaN,NaN,NaN,NaN
1421283840,NaN,NaN,NaN,NaN,NaN,NaN,NaN
1421283900,NaN,NaN,NaN,NaN,NaN,NaN,NaN
1421283960,NaN,NaN,NaN,NaN,NaN,NaN,NaN
1421284020,NaN,NaN,NaN,NaN,NaN,NaN,NaN
1421284080,NaN,NaN,NaN,NaN,NaN,NaN,NaN
1421284140,NaN,NaN,NaN,NaN,NaN,NaN,NaN
1421284200,NaN,NaN,NaN,NaN,NaN,NaN,NaN
1421284260,NaN,NaN,NaN,NaN,NaN,NaN,NaN
1421284320,NaN,NaN,NaN,NaN,NaN,NaN,NaN
1421284380,NaN,NaN,NaN,NaN,NaN,NaN,NaN
1421284440,NaN,NaN,NaN,NaN,NaN,NaN,NaN
1421284500,NaN,NaN,NaN,NaN,NaN,NaN,NaN
1421284560,NaN,NaN,NaN,NaN,NaN,NaN,NaN
1421284620,NaN,NaN,NaN,NaN,NaN,NaN,NaN
1421284680,NaN,NaN,NaN,NaN,NaN,NaN,NaN
1421284740,NaN,NaN,NaN,NaN,NaN,NaN,NaN
1421284800,NaN,NaN,NaN,NaN,NaN,NaN,NaN
1421284860,NaN,NaN,NaN,NaN,NaN,NaN,NaN
1421284920,NaN,NaN,NaN,NaN,NaN,NaN,NaN
1421284980,NaN,NaN,NaN,NaN,NaN,NaN,NaN
1421285040,NaN,NaN,NaN,NaN,NaN,NaN,NaN
1421285100,NaN,NaN,NaN,NaN,NaN,NaN,NaN
1421285160,NaN,NaN,NaN,NaN,NaN,NaN,NaN
1421285220,NaN,NaN,NaN,NaN,NaN,NaN,NaN
1421285280,NaN,NaN,NaN,NaN,NaN,NaN,NaN
1421285340,NaN,NaN,NaN,NaN,NaN,NaN,NaN
1421285400,NaN,NaN,NaN,NaN,NaN,NaN,NaN
1421285460,NaN,NaN,NaN,NaN,NaN,NaN,NaN
1421285520,NaN,NaN,NaN,NaN,NaN,NaN,NaN
1421285580,NaN,NaN,NaN,NaN,NaN,NaN,NaN
1421285640,NaN,NaN,NaN,NaN,NaN,NaN,NaN
1421285700,191.99,192,191.99,192,1.13000002,216.95870384,191.99884956
1421285760,NaN,NaN,NaN,NaN,NaN,NaN,NaN
1421285820,NaN,NaN,NaN,NaN,NaN,NaN,NaN
1421285880,NaN,NaN,NaN,NaN,NaN,NaN,NaN
1421285940,NaN,NaN,NaN,NaN,NaN,NaN,NaN
1421286000,NaN,NaN,NaN,NaN,NaN,NaN,NaN
1421286060,NaN,NaN,NaN,NaN,NaN,NaN,NaN
1421286120,NaN,NaN,NaN,NaN,NaN,NaN,NaN
1421286180,NaN,NaN,NaN,NaN,NaN,NaN,NaN
1421286240,NaN,NaN,NaN,NaN,NaN,NaN,NaN
1421286300,NaN,NaN,NaN,NaN,NaN,NaN,NaN
1421286360,NaN,NaN,NaN,NaN,NaN,NaN,NaN
1421286420,NaN,NaN,NaN,NaN,NaN,NaN,NaN
1421286480,NaN,NaN,NaN,NaN,NaN,NaN,NaN
1421286540,NaN,NaN,NaN,NaN,NaN,NaN,NaN
1421286600,NaN,NaN,NaN,NaN,NaN,NaN,NaN
1421286660,NaN,NaN,NaN,NaN,NaN,NaN,NaN
1421286720,NaN,NaN,NaN,NaN,NaN,NaN,NaN
1421286780,NaN,NaN,NaN,NaN,NaN,NaN,NaN
1421286840,NaN,NaN,NaN,NaN,NaN,NaN,NaN
1421286900,NaN,NaN,NaN,NaN,NaN,NaN,NaN
1421286960,NaN,NaN,NaN,NaN,NaN,NaN,NaN
1421287020,NaN,NaN,NaN,NaN,NaN,NaN,NaN
1421287080,NaN,NaN,NaN,NaN,NaN,NaN,NaN
1421287140,NaN,NaN,NaN,NaN,NaN,NaN,NaN
1421287200,NaN,NaN,NaN,NaN,NaN,NaN,NaN
1421287260,NaN,NaN,NaN,NaN,NaN,NaN,NaN
1421287320,NaN,NaN,NaN,NaN,NaN,NaN,NaN
1421287380,NaN,NaN,NaN,NaN,NaN,NaN,NaN
1421287440,NaN,NaN,NaN,NaN,NaN,NaN,NaN
1421287500,NaN,NaN,NaN,NaN,NaN,NaN,NaN
1421287560,NaN,NaN,NaN,NaN,NaN,NaN,NaN
1421287620,NaN,NaN,NaN,NaN,NaN,NaN,NaN
1421287680,NaN,NaN,NaN,NaN,NaN,NaN,NaN
1421287740,NaN,NaN,NaN,NaN,NaN,NaN,NaN
1421287800,NaN,NaN,NaN,NaN,NaN,NaN,NaN
1421287860,NaN,NaN,NaN,NaN,NaN,NaN,NaN
1421287920,NaN,NaN,NaN,NaN,NaN,NaN,NaN
1421287980,NaN,NaN,NaN,NaN,NaN,NaN,NaN
1421288040,NaN,NaN,NaN,NaN,NaN,NaN,NaN
1421288100,NaN,NaN,NaN,NaN,NaN,NaN,NaN
1421288160,NaN,NaN,NaN,NaN,NaN,NaN,NaN
1421288220,NaN,NaN,NaN,NaN,NaN,NaN,NaN
1421288280,NaN,NaN,NaN,NaN,NaN,NaN,NaN
1421288340,NaN,NaN,NaN,NaN,NaN,NaN,NaN
1421288400,NaN,NaN,NaN,NaN,NaN,NaN,NaN
1421288460,NaN,NaN,NaN,NaN,NaN,NaN,NaN
1421288520,NaN,NaN,NaN,NaN,NaN,NaN,NaN
1421288580,NaN,NaN,NaN,NaN,NaN,NaN,NaN
1421288640,NaN,NaN,NaN,NaN,NaN,NaN,NaN
1421288700,NaN,NaN,NaN,NaN,NaN,NaN,NaN
1421288760,NaN,NaN,NaN,NaN,NaN,NaN,NaN
1421288820,NaN,NaN,NaN,NaN,NaN,NaN,NaN
1421288880,NaN,NaN,NaN,NaN,NaN,NaN,NaN
1421288940,NaN,NaN,NaN,NaN,NaN,NaN,NaN
1421289000,NaN,NaN,NaN,NaN,NaN,NaN,NaN
1421289060,NaN,NaN,NaN,NaN,NaN,NaN,NaN
1421289120,NaN,NaN,NaN,NaN,NaN,NaN,NaN
1421289180,NaN,NaN,NaN,NaN,NaN,NaN,NaN
1421289240,NaN,NaN,NaN,NaN,NaN,NaN,NaN
1421289300,NaN,NaN,NaN,NaN,NaN,NaN,NaN
1421289360,NaN,NaN,NaN,NaN,NaN,NaN,NaN
1421289420,NaN,NaN,NaN,NaN,NaN,NaN,NaN
1421289480,NaN,NaN,NaN,NaN,NaN,NaN,NaN
1421289540,NaN,NaN,NaN,NaN,NaN,NaN,NaN
1421289600,NaN,NaN,NaN,NaN,NaN,NaN,NaN
1421289660,NaN,NaN,NaN,NaN,NaN,NaN,NaN
1421289720,NaN,NaN,NaN,NaN,NaN,NaN,NaN
1421289780,NaN,NaN,NaN,NaN,NaN,NaN,NaN
1421289840,NaN,NaN,NaN,NaN,NaN,NaN,NaN
1421289900,NaN,NaN,NaN,NaN,NaN,NaN,NaN
1421289960,NaN,NaN,NaN,NaN,NaN,NaN,NaN
1421290020,NaN,NaN,NaN,NaN,NaN,NaN,NaN
1421290080,NaN,NaN,NaN,NaN,NaN,NaN,NaN
1421290140,NaN,NaN,NaN,NaN,NaN,NaN,NaN
1421290200,NaN,NaN,NaN,NaN,NaN,NaN,NaN
1421290260,NaN,NaN,NaN,NaN,NaN,NaN,NaN
1421290320,NaN,NaN,NaN,NaN,NaN,NaN,NaN
1421290380,NaN,NaN,NaN,NaN,NaN,NaN,NaN
1421290440,NaN,NaN,NaN,NaN,NaN,NaN,NaN
1421290500,NaN,NaN,NaN,NaN,NaN,NaN,NaN
1421290560,NaN,NaN,NaN,NaN,NaN,NaN,NaN
1421290620,NaN,NaN,NaN,NaN,NaN,NaN,NaN
1421290680,NaN,NaN,NaN,NaN,NaN,NaN,NaN
1421290740,NaN,NaN,NaN,NaN,NaN,NaN,NaN
1421290800,NaN,NaN,NaN,NaN,NaN,NaN,NaN
1421290860,NaN,NaN,NaN,NaN,NaN,NaN,NaN
1421290920,NaN,NaN,NaN,NaN,NaN,NaN,NaN
1421290980,NaN,NaN,NaN,NaN,NaN,NaN,NaN
1421291040,NaN,NaN,NaN,NaN,NaN,NaN,NaN
1421291100,NaN,NaN,NaN,NaN,NaN,NaN,NaN
1421291160,NaN,NaN,NaN,NaN,NaN,NaN,NaN
1421291220,NaN,NaN,NaN,NaN,NaN,NaN,NaN
1421291280,NaN,NaN,NaN,NaN,NaN,NaN,NaN
1421291340,NaN,NaN,NaN,NaN,NaN,NaN,NaN
1421291400,NaN,NaN,NaN,NaN,NaN,NaN,NaN
1421291460,NaN,NaN,NaN,NaN,NaN,NaN,NaN
1421291520,NaN,NaN,NaN,NaN,NaN,NaN,NaN
1421291580,NaN,NaN,NaN,NaN,NaN,NaN,NaN
1421291640,NaN,NaN,NaN,NaN,NaN,NaN,NaN
1421291700,NaN,NaN,NaN,NaN,NaN,NaN,NaN
1421291760,NaN,NaN,NaN,NaN,NaN,NaN,NaN
1421291820,NaN,NaN,NaN,NaN,NaN,NaN,NaN
1421291880,NaN,NaN,NaN,NaN,NaN,NaN,NaN
1421291940,NaN,NaN,NaN,NaN,NaN,NaN,NaN
1421292000,NaN,NaN,NaN,NaN,NaN,NaN,NaN
1421292060,NaN,NaN,NaN,NaN,NaN,NaN,NaN
1421292120,NaN,NaN,NaN,NaN,NaN,NaN,NaN
1421292180,NaN,NaN,NaN,NaN,NaN,NaN,NaN
1421292240,NaN,NaN,NaN,NaN,NaN,NaN,NaN
1421292300,NaN,NaN,NaN,NaN,NaN,NaN,NaN
1421292360,NaN,NaN,NaN,NaN,NaN,NaN,NaN
1421292420,NaN,NaN,NaN,NaN,NaN,NaN,NaN
1421292480,NaN,NaN,NaN,NaN,NaN,NaN,NaN
1421292540,NaN,NaN,NaN,NaN,NaN,NaN,NaN
1421292600,NaN,NaN,NaN,NaN,NaN,NaN,NaN
1421292660,NaN,NaN,NaN,NaN,NaN,NaN,NaN
1421292720,NaN,NaN,NaN,NaN,NaN,NaN,NaN
1421292780,NaN,NaN,NaN,NaN,NaN,NaN,NaN
1421292840,NaN,NaN,NaN,NaN,NaN,NaN,NaN
1421292900,NaN,NaN,NaN,NaN,NaN,NaN,NaN
1421292960,NaN,NaN,NaN,NaN,NaN,NaN,NaN
1421293020,NaN,NaN,NaN,NaN,NaN,NaN,NaN
1421293080,NaN,NaN,NaN,NaN,NaN,NaN,NaN
1421293140,NaN,NaN,NaN,NaN,NaN,NaN,NaN
1421293200,NaN,NaN,NaN,NaN,NaN,NaN,NaN
1421293260,NaN,NaN,NaN,NaN,NaN,NaN,NaN
1421293320,NaN,NaN,NaN,NaN,NaN,NaN,NaN
1421293380,NaN,NaN,NaN,NaN,NaN,NaN,NaN
1421293440,NaN,NaN,NaN,NaN,NaN,NaN,NaN
1421293500,NaN,NaN,NaN,NaN,NaN,NaN,NaN
1421293560,NaN,NaN,NaN,NaN,NaN,NaN,NaN
1421293620,NaN,NaN,NaN,NaN,NaN,NaN,NaN
1421293680,NaN,NaN,NaN,NaN,NaN,NaN,NaN
1421293740,NaN,NaN,NaN,NaN,NaN,NaN,NaN
1421293800,NaN,NaN,NaN,NaN,NaN,NaN,NaN
1421293860,NaN,NaN,NaN,NaN,NaN,NaN,NaN
1421293920,NaN,NaN,NaN,NaN,NaN,NaN,NaN
1421293980,NaN,NaN,NaN,NaN,NaN,NaN,NaN
1421294040,NaN,NaN,NaN,NaN,NaN,NaN,NaN
1421294100,NaN,NaN,NaN,NaN,NaN,NaN,NaN
1421294160,NaN,NaN,NaN,NaN,NaN,NaN,NaN
1421294220,NaN,NaN,NaN,NaN,NaN,NaN,NaN
1421294280,NaN,NaN,NaN,NaN,NaN,NaN,NaN
1421294340,NaN,NaN,NaN,NaN,NaN,NaN,NaN
1421294400,NaN,NaN,NaN,NaN,NaN,NaN,NaN
1421294460,NaN,NaN,NaN,NaN,NaN,NaN,NaN
1421294520,NaN,NaN,NaN,NaN,NaN,NaN,NaN
1421294580,NaN,NaN,NaN,NaN,NaN,NaN,NaN
1421294640,NaN,NaN,NaN,NaN,NaN,NaN,NaN
1421294700,NaN,NaN,NaN,NaN,NaN,NaN,NaN
1421294760,NaN,NaN,NaN,NaN,NaN,NaN,NaN
1421294820,NaN,NaN,NaN,NaN,NaN,NaN,NaN
1421294880,NaN,NaN,NaN,NaN,NaN,NaN,NaN
1421294940,150,150,150,150,0.0189,2.835,150
1421295000,150,150,150,150,0.0164,2.46,150
1421295060,NaN,NaN,NaN,NaN,NaN,NaN,NaN
1421295120,150,150,150,150,0.0107,1.605,150
1421295180,NaN,NaN,NaN,NaN,NaN,NaN,NaN
1421295240,NaN,NaN,NaN,NaN,NaN,NaN,NaN
1421295300,NaN,NaN,NaN,NaN,NaN,NaN,NaN
1421295360,150,150,150,150,0.0262,3.93,150
1421295420,NaN,NaN,NaN,NaN,NaN,NaN,NaN
1421295480,NaN,NaN,NaN,NaN,NaN,NaN,NaN
1421295540,NaN,NaN,NaN,NaN,NaN,NaN,NaN
1421295600,NaN,NaN,NaN,NaN,NaN,NaN,NaN
1421295660,NaN,NaN,NaN,NaN,NaN,NaN,NaN
1421295720,NaN,NaN,NaN,NaN,NaN,NaN,NaN
1421295780,NaN,NaN,NaN,NaN,NaN,NaN,NaN
1421295840,NaN,NaN,NaN,NaN,NaN,NaN,NaN
1421295900,NaN,NaN,NaN,NaN,NaN,NaN,NaN
1421295960,NaN,NaN,NaN,NaN,NaN,NaN,NaN
1421296020,NaN,NaN,NaN,NaN,NaN,NaN,NaN
1421296080,NaN,NaN,NaN,NaN,NaN,NaN,NaN
1421296140,NaN,NaN,NaN,NaN,NaN,NaN,NaN
1421296200,NaN,NaN,NaN,NaN,NaN,NaN,NaN
1421296260,NaN,NaN,NaN,NaN,NaN,NaN,NaN
1421296320,NaN,NaN,NaN,NaN,NaN,NaN,NaN
1421296380,NaN,NaN,NaN,NaN,NaN,NaN,NaN
1421296440,NaN,NaN,NaN,NaN,NaN,NaN,NaN
1421296500,NaN,NaN,NaN,NaN,NaN,NaN,NaN
1421296560,NaN,NaN,NaN,NaN,NaN,NaN,NaN
1421296620,NaN,NaN,NaN,NaN,NaN,NaN,NaN
1421296680,NaN,NaN,NaN,NaN,NaN,NaN,NaN
1421296740,NaN,NaN,NaN,NaN,NaN,NaN,NaN
1421296800,NaN,NaN,NaN,NaN,NaN,NaN,NaN
1421296860,NaN,NaN,NaN,NaN,NaN,NaN,NaN
1421296920,NaN,NaN,NaN,NaN,NaN,NaN,NaN
1421296980,NaN,NaN,NaN,NaN,NaN,NaN,NaN
1421297040,NaN,NaN,NaN,NaN,NaN,NaN,NaN
1421297100,NaN,NaN,NaN,NaN,NaN,NaN,NaN
1421297160,NaN,NaN,NaN,NaN,NaN,NaN,NaN
1421297220,NaN,NaN,NaN,NaN,NaN,NaN,NaN
1421297280,NaN,NaN,NaN,NaN,NaN,NaN,NaN
1421297340,NaN,NaN,NaN,NaN,NaN,NaN,NaN
1421297400,NaN,NaN,NaN,NaN,NaN,NaN,NaN
1421297460,NaN,NaN,NaN,NaN,NaN,NaN,NaN
1421297520,NaN,NaN,NaN,NaN,NaN,NaN,NaN
1421297580,NaN,NaN,NaN,NaN,NaN,NaN,NaN
1421297640,NaN,NaN,NaN,NaN,NaN,NaN,NaN
1421297700,NaN,NaN,NaN,NaN,NaN,NaN,NaN
1421297760,NaN,NaN,NaN,NaN,NaN,NaN,NaN
1421297820,NaN,NaN,NaN,NaN,NaN,NaN,NaN
1421297880,NaN,NaN,NaN,NaN,NaN,NaN,NaN
1421297940,NaN,NaN,NaN,NaN,NaN,NaN,NaN
1421298000,NaN,NaN,NaN,NaN,NaN,NaN,NaN
1421298060,NaN,NaN,NaN,NaN,NaN,NaN,NaN
1421298120,NaN,NaN,NaN,NaN,NaN,NaN,NaN
1421298180,NaN,NaN,NaN,NaN,NaN,NaN,NaN
1421298240,NaN,NaN,NaN,NaN,NaN,NaN,NaN
1421298300,NaN,NaN,NaN,NaN,NaN,NaN,NaN
1421298360,NaN,NaN,NaN,NaN,NaN,NaN,NaN
1421298420,NaN,NaN,NaN,NaN,NaN,NaN,NaN
1421298480,NaN,NaN,NaN,NaN,NaN,NaN,NaN
1421298540,NaN,NaN,NaN,NaN,NaN,NaN,NaN
1421298600,NaN,NaN,NaN,NaN,NaN,NaN,NaN
1421298660,NaN,NaN,NaN,NaN,NaN,NaN,NaN
1421298720,NaN,NaN,NaN,NaN,NaN,NaN,NaN
1421298780,NaN,NaN,NaN,NaN,NaN,NaN,NaN
1421298840,NaN,NaN,NaN,NaN,NaN,NaN,NaN
1421298900,NaN,NaN,NaN,NaN,NaN,NaN,NaN
1421298960,NaN,NaN,NaN,NaN,NaN,NaN,NaN
1421299020,NaN,NaN,NaN,NaN,NaN,NaN,NaN
1421299080,NaN,NaN,NaN,NaN,NaN,NaN,NaN
1421299140,NaN,NaN,NaN,NaN,NaN,NaN,NaN
1421299200,NaN,NaN,NaN,NaN,NaN,NaN,NaN
1421299260,NaN,NaN,NaN,NaN,NaN,NaN,NaN
1421299320,NaN,NaN,NaN,NaN,NaN,NaN,NaN
1421299380,NaN,NaN,NaN,NaN,NaN,NaN,NaN
1421299440,NaN,NaN,NaN,NaN,NaN,NaN,NaN
1421299500,NaN,NaN,NaN,NaN,NaN,NaN,NaN
1421299560,NaN,NaN,NaN,NaN,NaN,NaN,NaN
1421299620,NaN,NaN,NaN,NaN,NaN,NaN,NaN
1421299680,NaN,NaN,NaN,NaN,NaN,NaN,NaN
1421299740,NaN,NaN,NaN,NaN,NaN,NaN,NaN
1421299800,NaN,NaN,NaN,NaN,NaN,NaN,NaN
1421299860,NaN,NaN,NaN,NaN,NaN,NaN,NaN
1421299920,NaN,NaN,NaN,NaN,NaN,NaN,NaN
1421299980,NaN,NaN,NaN,NaN,NaN,NaN,NaN
1421300040,NaN,NaN,NaN,NaN,NaN,NaN,NaN
1421300100,NaN,NaN,NaN,NaN,NaN,NaN,NaN
1421300160,NaN,NaN,NaN,NaN,NaN,NaN,NaN
1421300220,NaN,NaN,NaN,NaN,NaN,NaN,NaN
1421300280,NaN,NaN,NaN,NaN,NaN,NaN,NaN
1421300340,NaN,NaN,NaN,NaN,NaN,NaN,NaN
1421300400,NaN,NaN,NaN,NaN,NaN,NaN,NaN
1421300460,NaN,NaN,NaN,NaN,NaN,NaN,NaN
1421300520,NaN,NaN,NaN,NaN,NaN,NaN,NaN
1421300580,NaN,NaN,NaN,NaN,NaN,NaN,NaN
1421300640,NaN,NaN,NaN,NaN,NaN,NaN,NaN
1421300700,NaN,NaN,NaN,NaN,NaN,NaN,NaN
1421300760,NaN,NaN,NaN,NaN,NaN,NaN,NaN
1421300820,NaN,NaN,NaN,NaN,NaN,NaN,NaN
1421300880,NaN,NaN,NaN,NaN,NaN,NaN,NaN
1421300940,NaN,NaN,NaN,NaN,NaN,NaN,NaN
1421301000,NaN,NaN,NaN,NaN,NaN,NaN,NaN
1421301060,NaN,NaN,NaN,NaN,NaN,NaN,NaN
1421301120,NaN,NaN,NaN,NaN,NaN,NaN,NaN
1421301180,NaN,NaN,NaN,NaN,NaN,NaN,NaN
1421301240,NaN,NaN,NaN,NaN,NaN,NaN,NaN
1421301300,NaN,NaN,NaN,NaN,NaN,NaN,NaN
1421301360,NaN,NaN,NaN,NaN,NaN,NaN,NaN
1421301420,NaN,NaN,NaN,NaN,NaN,NaN,NaN
1421301480,NaN,NaN,NaN,NaN,NaN,NaN,NaN
1421301540,NaN,NaN,NaN,NaN,NaN,NaN,NaN
1421301600,NaN,NaN,NaN,NaN,NaN,NaN,NaN
1421301660,NaN,NaN,NaN,NaN,NaN,NaN,NaN
1421301720,NaN,NaN,NaN,NaN,NaN,NaN,NaN
1421301780,NaN,NaN,NaN,NaN,NaN,NaN,NaN
1421301840,NaN,NaN,NaN,NaN,NaN,NaN,NaN
1421301900,NaN,NaN,NaN,NaN,NaN,NaN,NaN
1421301960,NaN,NaN,NaN,NaN,NaN,NaN,NaN
1421302020,NaN,NaN,NaN,NaN,NaN,NaN,NaN
1421302080,NaN,NaN,NaN,NaN,NaN,NaN,NaN
1421302140,NaN,NaN,NaN,NaN,NaN,NaN,NaN
1421302200,NaN,NaN,NaN,NaN,NaN,NaN,NaN
1421302260,NaN,NaN,NaN,NaN,NaN,NaN,NaN
1421302320,NaN,NaN,NaN,NaN,NaN,NaN,NaN
1421302380,NaN,NaN,NaN,NaN,NaN,NaN,NaN
1421302440,NaN,NaN,NaN,NaN,NaN,NaN,NaN
1421302500,NaN,NaN,NaN,NaN,NaN,NaN,NaN
1421302560,NaN,NaN,NaN,NaN,NaN,NaN,NaN
1421302620,NaN,NaN,NaN,NaN,NaN,NaN,NaN
1421302680,NaN,NaN,NaN,NaN,NaN,NaN,NaN
1421302740,NaN,NaN,NaN,NaN,NaN,NaN,NaN
1421302800,NaN,NaN,NaN,NaN,NaN,NaN,NaN
1421302860,NaN,NaN,NaN,NaN,NaN,NaN,NaN
1421302920,NaN,NaN,NaN,NaN,NaN,NaN,NaN
1421302980,NaN,NaN,NaN,NaN,NaN,NaN,NaN
1421303040,NaN,NaN,NaN,NaN,NaN,NaN,NaN
1421303100,NaN,NaN,NaN,NaN,NaN,NaN,NaN
1421303160,NaN,NaN,NaN,NaN,NaN,NaN,NaN
1421303220,NaN,NaN,NaN,NaN,NaN,NaN,NaN
1421303280,NaN,NaN,NaN,NaN,NaN,NaN,NaN
1421303340,NaN,NaN,NaN,NaN,NaN,NaN,NaN
1421303400,NaN,NaN,NaN,NaN,NaN,NaN,NaN
1421303460,NaN,NaN,NaN,NaN,NaN,NaN,NaN
1421303520,NaN,NaN,NaN,NaN,NaN,NaN,NaN
1421303580,NaN,NaN,NaN,NaN,NaN,NaN,NaN
1421303640,NaN,NaN,NaN,NaN,NaN,NaN,NaN
1421303700,NaN,NaN,NaN,NaN,NaN,NaN,NaN
1421303760,NaN,NaN,NaN,NaN,NaN,NaN,NaN
1421303820,NaN,NaN,NaN,NaN,NaN,NaN,NaN
1421303880,NaN,NaN,NaN,NaN,NaN,NaN,NaN
1421303940,NaN,NaN,NaN,NaN,NaN,NaN,NaN
1421304000,NaN,NaN,NaN,NaN,NaN,NaN,NaN
1421304060,NaN,NaN,NaN,NaN,NaN,NaN,NaN
1421304120,NaN,NaN,NaN,NaN,NaN,NaN,NaN
1421304180,NaN,NaN,NaN,NaN,NaN,NaN,NaN
1421304240,NaN,NaN,NaN,NaN,NaN,NaN,NaN
1421304300,NaN,NaN,NaN,NaN,NaN,NaN,NaN
1421304360,NaN,NaN,NaN,NaN,NaN,NaN,NaN
1421304420,NaN,NaN,NaN,NaN,NaN,NaN,NaN
1421304480,NaN,NaN,NaN,NaN,NaN,NaN,NaN
1421304540,NaN,NaN,NaN,NaN,NaN,NaN,NaN
1421304600,NaN,NaN,NaN,NaN,NaN,NaN,NaN
1421304660,NaN,NaN,NaN,NaN,NaN,NaN,NaN
1421304720,NaN,NaN,NaN,NaN,NaN,NaN,NaN
1421304780,NaN,NaN,NaN,NaN,NaN,NaN,NaN
1421304840,NaN,NaN,NaN,NaN,NaN,NaN,NaN
1421304900,NaN,NaN,NaN,NaN,NaN,NaN,NaN
1421304960,NaN,NaN,NaN,NaN,NaN,NaN,NaN
1421305020,NaN,NaN,NaN,NaN,NaN,NaN,NaN
1421305080,NaN,NaN,NaN,NaN,NaN,NaN,NaN
1421305140,NaN,NaN,NaN,NaN,NaN,NaN,NaN
1421305200,NaN,NaN,NaN,NaN,NaN,NaN,NaN
1421305260,NaN,NaN,NaN,NaN,NaN,NaN,NaN
1421305320,NaN,NaN,NaN,NaN,NaN,NaN,NaN
1421305380,NaN,NaN,NaN,NaN,NaN,NaN,NaN
1421305440,NaN,NaN,NaN,NaN,NaN,NaN,NaN
1421305500,NaN,NaN,NaN,NaN,NaN,NaN,NaN
1421305560,NaN,NaN,NaN,NaN,NaN,NaN,NaN
1421305620,NaN,NaN,NaN,NaN,NaN,NaN,NaN
1421305680,NaN,NaN,NaN,NaN,NaN,NaN,NaN
1421305740,NaN,NaN,NaN,NaN,NaN,NaN,NaN
1421305800,NaN,NaN,NaN,NaN,NaN,NaN,NaN
1421305860,NaN,NaN,NaN,NaN,NaN,NaN,NaN
1421305920,NaN,NaN,NaN,NaN,NaN,NaN,NaN
1421305980,NaN,NaN,NaN,NaN,NaN,NaN,NaN
1421306040,NaN,NaN,NaN,NaN,NaN,NaN,NaN
1421306100,NaN,NaN,NaN,NaN,NaN,NaN,NaN
1421306160,NaN,NaN,NaN,NaN,NaN,NaN,NaN
1421306220,NaN,NaN,NaN,NaN,NaN,NaN,NaN
1421306280,NaN,NaN,NaN,NaN,NaN,NaN,NaN
1421306340,NaN,NaN,NaN,NaN,NaN,NaN,NaN
1421306400,NaN,NaN,NaN,NaN,NaN,NaN,NaN
1421306460,NaN,NaN,NaN,NaN,NaN,NaN,NaN
1421306520,NaN,NaN,NaN,NaN,NaN,NaN,NaN
1421306580,NaN,NaN,NaN,NaN,NaN,NaN,NaN
1421306640,NaN,NaN,NaN,NaN,NaN,NaN,NaN
1421306700,NaN,NaN,NaN,NaN,NaN,NaN,NaN
1421306760,NaN,NaN,NaN,NaN,NaN,NaN,NaN
1421306820,NaN,NaN,NaN,NaN,NaN,NaN,NaN
1421306880,NaN,NaN,NaN,NaN,NaN,NaN,NaN
1421306940,NaN,NaN,NaN,NaN,NaN,NaN,NaN
1421307000,NaN,NaN,NaN,NaN,NaN,NaN,NaN
1421307060,NaN,NaN,NaN,NaN,NaN,NaN,NaN
1421307120,NaN,NaN,NaN,NaN,NaN,NaN,NaN
1421307180,NaN,NaN,NaN,NaN,NaN,NaN,NaN
1421307240,NaN,NaN,NaN,NaN,NaN,NaN,NaN
1421307300,NaN,NaN,NaN,NaN,NaN,NaN,NaN
1421307360,NaN,NaN,NaN,NaN,NaN,NaN,NaN
1421307420,NaN,NaN,NaN,NaN,NaN,NaN,NaN
1421307480,NaN,NaN,NaN,NaN,NaN,NaN,NaN
1421307540,NaN,NaN,NaN,NaN,NaN,NaN,NaN
1421307600,NaN,NaN,NaN,NaN,NaN,NaN,NaN
1421307660,NaN,NaN,NaN,NaN,NaN,NaN,NaN
1421307720,NaN,NaN,NaN,NaN,NaN,NaN,NaN
1421307780,NaN,NaN,NaN,NaN,NaN,NaN,NaN
1421307840,NaN,NaN,NaN,NaN,NaN,NaN,NaN
1421307900,NaN,NaN,NaN,NaN,NaN,NaN,NaN
1421307960,NaN,NaN,NaN,NaN,NaN,NaN,NaN
1421308020,NaN,NaN,NaN,NaN,NaN,NaN,NaN
1421308080,NaN,NaN,NaN,NaN,NaN,NaN,NaN
1421308140,NaN,NaN,NaN,NaN,NaN,NaN,NaN
1421308200,NaN,NaN,NaN,NaN,NaN,NaN,NaN
1421308260,NaN,NaN,NaN,NaN,NaN,NaN,NaN
1421308320,NaN,NaN,NaN,NaN,NaN,NaN,NaN
1421308380,NaN,NaN,NaN,NaN,NaN,NaN,NaN
1421308440,NaN,NaN,NaN,NaN,NaN,NaN,NaN
1421308500,NaN,NaN,NaN,NaN,NaN,NaN,NaN
1421308560,NaN,NaN,NaN,NaN,NaN,NaN,NaN
1421308620,NaN,NaN,NaN,NaN,NaN,NaN,NaN
1421308680,NaN,NaN,NaN,NaN,NaN,NaN,NaN
1421308740,NaN,NaN,NaN,NaN,NaN,NaN,NaN
1421308800,NaN,NaN,NaN,NaN,NaN,NaN,NaN
1421308860,NaN,NaN,NaN,NaN,NaN,NaN,NaN
1421308920,NaN,NaN,NaN,NaN,NaN,NaN,NaN
1421308980,NaN,NaN,NaN,NaN,NaN,NaN,NaN
1421309040,NaN,NaN,NaN,NaN,NaN,NaN,NaN
1421309100,NaN,NaN,NaN,NaN,NaN,NaN,NaN
1421309160,NaN,NaN,NaN,NaN,NaN,NaN,NaN
1421309220,NaN,NaN,NaN,NaN,NaN,NaN,NaN
1421309280,NaN,NaN,NaN,NaN,NaN,NaN,NaN
1421309340,NaN,NaN,NaN,NaN,NaN,NaN,NaN
1421309400,NaN,NaN,NaN,NaN,NaN,NaN,NaN
1421309460,NaN,NaN,NaN,NaN,NaN,NaN,NaN
1421309520,NaN,NaN,NaN,NaN,NaN,NaN,NaN
1421309580,NaN,NaN,NaN,NaN,NaN,NaN,NaN
1421309640,NaN,NaN,NaN,NaN,NaN,NaN,NaN
1421309700,NaN,NaN,NaN,NaN,NaN,NaN,NaN
1421309760,NaN,NaN,NaN,NaN,NaN,NaN,NaN
1421309820,NaN,NaN,NaN,NaN,NaN,NaN,NaN
1421309880,NaN,NaN,NaN,NaN,NaN,NaN,NaN
1421309940,NaN,NaN,NaN,NaN,NaN,NaN,NaN
1421310000,NaN,NaN,NaN,NaN,NaN,NaN,NaN
1421310060,NaN,NaN,NaN,NaN,NaN,NaN,NaN
1421310120,NaN,NaN,NaN,NaN,NaN,NaN,NaN
1421310180,NaN,NaN,NaN,NaN,NaN,NaN,NaN
1421310240,NaN,NaN,NaN,NaN,NaN,NaN,NaN
1421310300,NaN,NaN,NaN,NaN,NaN,NaN,NaN
1421310360,NaN,NaN,NaN,NaN,NaN,NaN,NaN
1421310420,NaN,NaN,NaN,NaN,NaN,NaN,NaN
1421310480,NaN,NaN,NaN,NaN,NaN,NaN,NaN
1421310540,NaN,NaN,NaN,NaN,NaN,NaN,NaN
1421310600,NaN,NaN,NaN,NaN,NaN,NaN,NaN
1421310660,NaN,NaN,NaN,NaN,NaN,NaN,NaN
1421310720,NaN,NaN,NaN,NaN,NaN,NaN,NaN
1421310780,NaN,NaN,NaN,NaN,NaN,NaN,NaN
1421310840,NaN,NaN,NaN,NaN,NaN,NaN,NaN
1421310900,NaN,NaN,NaN,NaN,NaN,NaN,NaN
1421310960,NaN,NaN,NaN,NaN,NaN,NaN,NaN
1421311020,NaN,NaN,NaN,NaN,NaN,NaN,NaN
1421311080,NaN,NaN,NaN,NaN,NaN,NaN,NaN
1421311140,NaN,NaN,NaN,NaN,NaN,NaN,NaN
1421311200,NaN,NaN,NaN,NaN,NaN,NaN,NaN
1421311260,NaN,NaN,NaN,NaN,NaN,NaN,NaN
1421311320,NaN,NaN,NaN,NaN,NaN,NaN,NaN
1421311380,NaN,NaN,NaN,NaN,NaN,NaN,NaN
1421311440,NaN,NaN,NaN,NaN,NaN,NaN,NaN
1421311500,NaN,NaN,NaN,NaN,NaN,NaN,NaN
1421311560,NaN,NaN,NaN,NaN,NaN,NaN,NaN
1421311620,NaN,NaN,NaN,NaN,NaN,NaN,NaN
1421311680,NaN,NaN,NaN,NaN,NaN,NaN,NaN
1421311740,NaN,NaN,NaN,NaN,NaN,NaN,NaN
1421311800,NaN,NaN,NaN,NaN,NaN,NaN,NaN
1421311860,NaN,NaN,NaN,NaN,NaN,NaN,NaN
1421311920,NaN,NaN,NaN,NaN,NaN,NaN,NaN
1421311980,NaN,NaN,NaN,NaN,NaN,NaN,NaN
1421312040,NaN,NaN,NaN,NaN,NaN,NaN,NaN
1421312100,NaN,NaN,NaN,NaN,NaN,NaN,NaN
1421312160,NaN,NaN,NaN,NaN,NaN,NaN,NaN
1421312220,NaN,NaN,NaN,NaN,NaN,NaN,NaN
1421312280,NaN,NaN,NaN,NaN,NaN,NaN,NaN
1421312340,NaN,NaN,NaN,NaN,NaN,NaN,NaN
1421312400,NaN,NaN,NaN,NaN,NaN,NaN,NaN
1421312460,NaN,NaN,NaN,NaN,NaN,NaN,NaN
1421312520,NaN,NaN,NaN,NaN,NaN,NaN,NaN
1421312580,NaN,NaN,NaN,NaN,NaN,NaN,NaN
1421312640,NaN,NaN,NaN,NaN,NaN,NaN,NaN
1421312700,NaN,NaN,NaN,NaN,NaN,NaN,NaN
1421312760,NaN,NaN,NaN,NaN,NaN,NaN,NaN
1421312820,NaN,NaN,NaN,NaN,NaN,NaN,NaN
1421312880,NaN,NaN,NaN,NaN,NaN,NaN,NaN
1421312940,NaN,NaN,NaN,NaN,NaN,NaN,NaN
1421313000,NaN,NaN,NaN,NaN,NaN,NaN,NaN
1421313060,NaN,NaN,NaN,NaN,NaN,NaN,NaN
1421313120,NaN,NaN,NaN,NaN,NaN,NaN,NaN
1421313180,NaN,NaN,NaN,NaN,NaN,NaN,NaN
1421313240,NaN,NaN,NaN,NaN,NaN,NaN,NaN
1421313300,NaN,NaN,NaN,NaN,NaN,NaN,NaN
1421313360,NaN,NaN,NaN,NaN,NaN,NaN,NaN
1421313420,NaN,NaN,NaN,NaN,NaN,NaN,NaN
1421313480,NaN,NaN,NaN,NaN,NaN,NaN,NaN
1421313540,NaN,NaN,NaN,NaN,NaN,NaN,NaN
1421313600,NaN,NaN,NaN,NaN,NaN,NaN,NaN
1421313660,NaN,NaN,NaN,NaN,NaN,NaN,NaN
1421313720,NaN,NaN,NaN,NaN,NaN,NaN,NaN
1421313780,NaN,NaN,NaN,NaN,NaN,NaN,NaN
1421313840,NaN,NaN,NaN,NaN,NaN,NaN,NaN
1421313900,NaN,NaN,NaN,NaN,NaN,NaN,NaN
1421313960,NaN,NaN,NaN,NaN,NaN,NaN,NaN
1421314020,NaN,NaN,NaN,NaN,NaN,NaN,NaN
1421314080,NaN,NaN,NaN,NaN,NaN,NaN,NaN
1421314140,NaN,NaN,NaN,NaN,NaN,NaN,NaN
1421314200,NaN,NaN,NaN,NaN,NaN,NaN,NaN
1421314260,NaN,NaN,NaN,NaN,NaN,NaN,NaN
1421314320,NaN,NaN,NaN,NaN,NaN,NaN,NaN
1421314380,NaN,NaN,NaN,NaN,NaN,NaN,NaN
1421314440,NaN,NaN,NaN,NaN,NaN,NaN,NaN
1421314500,NaN,NaN,NaN,NaN,NaN,NaN,NaN
1421314560,NaN,NaN,NaN,NaN,NaN,NaN,NaN
1421314620,NaN,NaN,NaN,NaN,NaN,NaN,NaN
1421314680,NaN,NaN,NaN,NaN,NaN,NaN,NaN
1421314740,NaN,NaN,NaN,NaN,NaN,NaN,NaN
1421314800,NaN,NaN,NaN,NaN,NaN,NaN,NaN
1421314860,NaN,NaN,NaN,NaN,NaN,NaN,NaN
1421314920,NaN,NaN,NaN,NaN,NaN,NaN,NaN
1421314980,NaN,NaN,NaN,NaN,NaN,NaN,NaN
1421315040,NaN,NaN,NaN,NaN,NaN,NaN,NaN
1421315100,NaN,NaN,NaN,NaN,NaN,NaN,NaN
1421315160,NaN,NaN,NaN,NaN,NaN,NaN,NaN
1421315220,NaN,NaN,NaN,NaN,NaN,NaN,NaN
1421315280,NaN,NaN,NaN,NaN,NaN,NaN,NaN
1421315340,NaN,NaN,NaN,NaN,NaN,NaN,NaN
1421315400,NaN,NaN,NaN,NaN,NaN,NaN,NaN
1421315460,NaN,NaN,NaN,NaN,NaN,NaN,NaN
1421315520,NaN,NaN,NaN,NaN,NaN,NaN,NaN
1421315580,NaN,NaN,NaN,NaN,NaN,NaN,NaN
1421315640,NaN,NaN,NaN,NaN,NaN,NaN,NaN
1421315700,NaN,NaN,NaN,NaN,NaN,NaN,NaN
1421315760,NaN,NaN,NaN,NaN,NaN,NaN,NaN
1421315820,NaN,NaN,NaN,NaN,NaN,NaN,NaN
1421315880,NaN,NaN,NaN,NaN,NaN,NaN,NaN
1421315940,NaN,NaN,NaN,NaN,NaN,NaN,NaN
1421316000,NaN,NaN,NaN,NaN,NaN,NaN,NaN
1421316060,NaN,NaN,NaN,NaN,NaN,NaN,NaN
1421316120,NaN,NaN,NaN,NaN,NaN,NaN,NaN
1421316180,NaN,NaN,NaN,NaN,NaN,NaN,NaN
1421316240,NaN,NaN,NaN,NaN,NaN,NaN,NaN
1421316300,NaN,NaN,NaN,NaN,NaN,NaN,NaN
1421316360,NaN,NaN,NaN,NaN,NaN,NaN,NaN
1421316420,NaN,NaN,NaN,NaN,NaN,NaN,NaN
1421316480,NaN,NaN,NaN,NaN,NaN,NaN,NaN
1421316540,NaN,NaN,NaN,NaN,NaN,NaN,NaN
1421316600,NaN,NaN,NaN,NaN,NaN,NaN,NaN
1421316660,NaN,NaN,NaN,NaN,NaN,NaN,NaN
1421316720,NaN,NaN,NaN,NaN,NaN,NaN,NaN
1421316780,NaN,NaN,NaN,NaN,NaN,NaN,NaN
1421316840,NaN,NaN,NaN,NaN,NaN,NaN,NaN
1421316900,NaN,NaN,NaN,NaN,NaN,NaN,NaN
1421316960,NaN,NaN,NaN,NaN,NaN,NaN,NaN
1421317020,NaN,NaN,NaN,NaN,NaN,NaN,NaN
1421317080,NaN,NaN,NaN,NaN,NaN,NaN,NaN
1421317140,NaN,NaN,NaN,NaN,NaN,NaN,NaN
1421317200,NaN,NaN,NaN,NaN,NaN,NaN,NaN
1421317260,NaN,NaN,NaN,NaN,NaN,NaN,NaN
1421317320,NaN,NaN,NaN,NaN,NaN,NaN,NaN
1421317380,NaN,NaN,NaN,NaN,NaN,NaN,NaN
1421317440,NaN,NaN,NaN,NaN,NaN,NaN,NaN
1421317500,NaN,NaN,NaN,NaN,NaN,NaN,NaN
1421317560,NaN,NaN,NaN,NaN,NaN,NaN,NaN
1421317620,NaN,NaN,NaN,NaN,NaN,NaN,NaN
1421317680,NaN,NaN,NaN,NaN,NaN,NaN,NaN
1421317740,NaN,NaN,NaN,NaN,NaN,NaN,NaN
1421317800,NaN,NaN,NaN,NaN,NaN,NaN,NaN
1421317860,NaN,NaN,NaN,NaN,NaN,NaN,NaN
1421317920,NaN,NaN,NaN,NaN,NaN,NaN,NaN
1421317980,NaN,NaN,NaN,NaN,NaN,NaN,NaN
1421318040,NaN,NaN,NaN,NaN,NaN,NaN,NaN
1421318100,NaN,NaN,NaN,NaN,NaN,NaN,NaN
1421318160,NaN,NaN,NaN,NaN,NaN,NaN,NaN
1421318220,NaN,NaN,NaN,NaN,NaN,NaN,NaN
1421318280,NaN,NaN,NaN,NaN,NaN,NaN,NaN
1421318340,NaN,NaN,NaN,NaN,NaN,NaN,NaN
1421318400,NaN,NaN,NaN,NaN,NaN,NaN,NaN
1421318460,NaN,NaN,NaN,NaN,NaN,NaN,NaN
1421318520,NaN,NaN,NaN,NaN,NaN,NaN,NaN
1421318580,NaN,NaN,NaN,NaN,NaN,NaN,NaN
1421318640,NaN,NaN,NaN,NaN,NaN,NaN,NaN
1421318700,NaN,NaN,NaN,NaN,NaN,NaN,NaN
1421318760,NaN,NaN,NaN,NaN,NaN,NaN,NaN
1421318820,NaN,NaN,NaN,NaN,NaN,NaN,NaN
1421318880,NaN,NaN,NaN,NaN,NaN,NaN,NaN
1421318940,NaN,NaN,NaN,NaN,NaN,NaN,NaN
1421319000,NaN,NaN,NaN,NaN,NaN,NaN,NaN
1421319060,NaN,NaN,NaN,NaN,NaN,NaN,NaN
1421319120,NaN,NaN,NaN,NaN,NaN,NaN,NaN
1421319180,NaN,NaN,NaN,NaN,NaN,NaN,NaN
1421319240,NaN,NaN,NaN,NaN,NaN,NaN,NaN
1421319300,NaN,NaN,NaN,NaN,NaN,NaN,NaN
1421319360,NaN,NaN,NaN,NaN,NaN,NaN,NaN
1421319420,NaN,NaN,NaN,NaN,NaN,NaN,NaN
1421319480,NaN,NaN,NaN,NaN,NaN,NaN,NaN
1421319540,NaN,NaN,NaN,NaN,NaN,NaN,NaN
1421319600,NaN,NaN,NaN,NaN,NaN,NaN,NaN
1421319660,NaN,NaN,NaN,NaN,NaN,NaN,NaN
1421319720,NaN,NaN,NaN,NaN,NaN,NaN,NaN
1421319780,NaN,NaN,NaN,NaN,NaN,NaN,NaN
1421319840,NaN,NaN,NaN,NaN,NaN,NaN,NaN
1421319900,NaN,NaN,NaN,NaN,NaN,NaN,NaN
1421319960,NaN,NaN,NaN,NaN,NaN,NaN,NaN
1421320020,NaN,NaN,NaN,NaN,NaN,NaN,NaN
1421320080,NaN,NaN,NaN,NaN,NaN,NaN,NaN
1421320140,NaN,NaN,NaN,NaN,NaN,NaN,NaN
1421320200,NaN,NaN,NaN,NaN,NaN,NaN,NaN
1421320260,NaN,NaN,NaN,NaN,NaN,NaN,NaN
1421320320,NaN,NaN,NaN,NaN,NaN,NaN,NaN
1421320380,NaN,NaN,NaN,NaN,NaN,NaN,NaN
1421320440,NaN,NaN,NaN,NaN,NaN,NaN,NaN
1421320500,NaN,NaN,NaN,NaN,NaN,NaN,NaN
1421320560,NaN,NaN,NaN,NaN,NaN,NaN,NaN
1421320620,NaN,NaN,NaN,NaN,NaN,NaN,NaN
1421320680,NaN,NaN,NaN,NaN,NaN,NaN,NaN
1421320740,NaN,NaN,NaN,NaN,NaN,NaN,NaN
1421320800,NaN,NaN,NaN,NaN,NaN,NaN,NaN
1421320860,NaN,NaN,NaN,NaN,NaN,NaN,NaN
1421320920,NaN,NaN,NaN,NaN,NaN,NaN,NaN
1421320980,NaN,NaN,NaN,NaN,NaN,NaN,NaN
1421321040,NaN,NaN,NaN,NaN,NaN,NaN,NaN
1421321100,NaN,NaN,NaN,NaN,NaN,NaN,NaN
1421321160,NaN,NaN,NaN,NaN,NaN,NaN,NaN
1421321220,NaN,NaN,NaN,NaN,NaN,NaN,NaN
1421321280,NaN,NaN,NaN,NaN,NaN,NaN,NaN
1421321340,NaN,NaN,NaN,NaN,NaN,NaN,NaN
1421321400,NaN,NaN,NaN,NaN,NaN,NaN,NaN
1421321460,NaN,NaN,NaN,NaN,NaN,NaN,NaN
1421321520,NaN,NaN,NaN,NaN,NaN,NaN,NaN
1421321580,NaN,NaN,NaN,NaN,NaN,NaN,NaN
1421321640,NaN,NaN,NaN,NaN,NaN,NaN,NaN
1421321700,NaN,NaN,NaN,NaN,NaN,NaN,NaN
1421321760,NaN,NaN,NaN,NaN,NaN,NaN,NaN
1421321820,NaN,NaN,NaN,NaN,NaN,NaN,NaN
1421321880,NaN,NaN,NaN,NaN,NaN,NaN,NaN
1421321940,NaN,NaN,NaN,NaN,NaN,NaN,NaN
1421322000,NaN,NaN,NaN,NaN,NaN,NaN,NaN
1421322060,NaN,NaN,NaN,NaN,NaN,NaN,NaN
1421322120,NaN,NaN,NaN,NaN,NaN,NaN,NaN
1421322180,NaN,NaN,NaN,NaN,NaN,NaN,NaN
1421322240,NaN,NaN,NaN,NaN,NaN,NaN,NaN
1421322300,NaN,NaN,NaN,NaN,NaN,NaN,NaN
1421322360,NaN,NaN,NaN,NaN,NaN,NaN,NaN
1421322420,NaN,NaN,NaN,NaN,NaN,NaN,NaN
1421322480,NaN,NaN,NaN,NaN,NaN,NaN,NaN
1421322540,NaN,NaN,NaN,NaN,NaN,NaN,NaN
1421322600,NaN,NaN,NaN,NaN,NaN,NaN,NaN
1421322660,NaN,NaN,NaN,NaN,NaN,NaN,NaN
1421322720,NaN,NaN,NaN,NaN,NaN,NaN,NaN
1421322780,NaN,NaN,NaN,NaN,NaN,NaN,NaN
1421322840,NaN,NaN,NaN,NaN,NaN,NaN,NaN
1421322900,NaN,NaN,NaN,NaN,NaN,NaN,NaN
1421322960,NaN,NaN,NaN,NaN,NaN,NaN,NaN
1421323020,NaN,NaN,NaN,NaN,NaN,NaN,NaN
1421323080,NaN,NaN,NaN,NaN,NaN,NaN,NaN
1421323140,NaN,NaN,NaN,NaN,NaN,NaN,NaN
1421323200,NaN,NaN,NaN,NaN,NaN,NaN,NaN
1421323260,NaN,NaN,NaN,NaN,NaN,NaN,NaN
1421323320,NaN,NaN,NaN,NaN,NaN,NaN,NaN
1421323380,NaN,NaN,NaN,NaN,NaN,NaN,NaN
1421323440,NaN,NaN,NaN,NaN,NaN,NaN,NaN
1421323500,NaN,NaN,NaN,NaN,NaN,NaN,NaN
1421323560,NaN,NaN,NaN,NaN,NaN,NaN,NaN
1421323620,NaN,NaN,NaN,NaN,NaN,NaN,NaN
1421323680,NaN,NaN,NaN,NaN,NaN,NaN,NaN
1421323740,NaN,NaN,NaN,NaN,NaN,NaN,NaN
1421323800,NaN,NaN,NaN,NaN,NaN,NaN,NaN
1421323860,NaN,NaN,NaN,NaN,NaN,NaN,NaN
1421323920,NaN,NaN,NaN,NaN,NaN,NaN,NaN
1421323980,NaN,NaN,NaN,NaN,NaN,NaN,NaN
1421324040,NaN,NaN,NaN,NaN,NaN,NaN,NaN
1421324100,NaN,NaN,NaN,NaN,NaN,NaN,NaN
1421324160,NaN,NaN,NaN,NaN,NaN,NaN,NaN
1421324220,NaN,NaN,NaN,NaN,NaN,NaN,NaN
1421324280,NaN,NaN,NaN,NaN,NaN,NaN,NaN
1421324340,NaN,NaN,NaN,NaN,NaN,NaN,NaN
1421324400,NaN,NaN,NaN,NaN,NaN,NaN,NaN
1421324460,NaN,NaN,NaN,NaN,NaN,NaN,NaN
1421324520,NaN,NaN,NaN,NaN,NaN,NaN,NaN
1421324580,NaN,NaN,NaN,NaN,NaN,NaN,NaN
1421324640,NaN,NaN,NaN,NaN,NaN,NaN,NaN
1421324700,NaN,NaN,NaN,NaN,NaN,NaN,NaN
1421324760,NaN,NaN,NaN,NaN,NaN,NaN,NaN
1421324820,NaN,NaN,NaN,NaN,NaN,NaN,NaN
1421324880,NaN,NaN,NaN,NaN,NaN,NaN,NaN
1421324940,NaN,NaN,NaN,NaN,NaN,NaN,NaN
1421325000,NaN,NaN,NaN,NaN,NaN,NaN,NaN
1421325060,NaN,NaN,NaN,NaN,NaN,NaN,NaN
1421325120,NaN,NaN,NaN,NaN,NaN,NaN,NaN
1421325180,NaN,NaN,NaN,NaN,NaN,NaN,NaN
1421325240,NaN,NaN,NaN,NaN,NaN,NaN,NaN
1421325300,NaN,NaN,NaN,NaN,NaN,NaN,NaN
1421325360,NaN,NaN,NaN,NaN,NaN,NaN,NaN
1421325420,NaN,NaN,NaN,NaN,NaN,NaN,NaN
1421325480,NaN,NaN,NaN,NaN,NaN,NaN,NaN
1421325540,NaN,NaN,NaN,NaN,NaN,NaN,NaN
1421325600,NaN,NaN,NaN,NaN,NaN,NaN,NaN
1421325660,NaN,NaN,NaN,NaN,NaN,NaN,NaN
1421325720,NaN,NaN,NaN,NaN,NaN,NaN,NaN
1421325780,NaN,NaN,NaN,NaN,NaN,NaN,NaN
1421325840,NaN,NaN,NaN,NaN,NaN,NaN,NaN
1421325900,NaN,NaN,NaN,NaN,NaN,NaN,NaN
1421325960,NaN,NaN,NaN,NaN,NaN,NaN,NaN
1421326020,NaN,NaN,NaN,NaN,NaN,NaN,NaN
1421326080,NaN,NaN,NaN,NaN,NaN,NaN,NaN
1421326140,NaN,NaN,NaN,NaN,NaN,NaN,NaN
1421326200,NaN,NaN,NaN,NaN,NaN,NaN,NaN
1421326260,NaN,NaN,NaN,NaN,NaN,NaN,NaN
1421326320,NaN,NaN,NaN,NaN,NaN,NaN,NaN
1421326380,NaN,NaN,NaN,NaN,NaN,NaN,NaN
1421326440,NaN,NaN,NaN,NaN,NaN,NaN,NaN
1421326500,NaN,NaN,NaN,NaN,NaN,NaN,NaN
1421326560,NaN,NaN,NaN,NaN,NaN,NaN,NaN
1421326620,NaN,NaN,NaN,NaN,NaN,NaN,NaN
1421326680,NaN,NaN,NaN,NaN,NaN,NaN,NaN
1421326740,NaN,NaN,NaN,NaN,NaN,NaN,NaN
1421326800,NaN,NaN,NaN,NaN,NaN,NaN,NaN
1421326860,NaN,NaN,NaN,NaN,NaN,NaN,NaN
1421326920,NaN,NaN,NaN,NaN,NaN,NaN,NaN
1421326980,NaN,NaN,NaN,NaN,NaN,NaN,NaN
1421327040,NaN,NaN,NaN,NaN,NaN,NaN,NaN
1421327100,NaN,NaN,NaN,NaN,NaN,NaN,NaN
1421327160,NaN,NaN,NaN,NaN,NaN,NaN,NaN
1421327220,NaN,NaN,NaN,NaN,NaN,NaN,NaN
1421327280,NaN,NaN,NaN,NaN,NaN,NaN,NaN
1421327340,NaN,NaN,NaN,NaN,NaN,NaN,NaN
1421327400,NaN,NaN,NaN,NaN,NaN,NaN,NaN
1421327460,NaN,NaN,NaN,NaN,NaN,NaN,NaN
1421327520,NaN,NaN,NaN,NaN,NaN,NaN,NaN
1421327580,NaN,NaN,NaN,NaN,NaN,NaN,NaN
1421327640,NaN,NaN,NaN,NaN,NaN,NaN,NaN
1421327700,NaN,NaN,NaN,NaN,NaN,NaN,NaN
1421327760,NaN,NaN,NaN,NaN,NaN,NaN,NaN
1421327820,NaN,NaN,NaN,NaN,NaN,NaN,NaN
1421327880,NaN,NaN,NaN,NaN,NaN,NaN,NaN
1421327940,NaN,NaN,NaN,NaN,NaN,NaN,NaN
1421328000,NaN,NaN,NaN,NaN,NaN,NaN,NaN
1421328060,NaN,NaN,NaN,NaN,NaN,NaN,NaN
1421328120,NaN,NaN,NaN,NaN,NaN,NaN,NaN
1421328180,NaN,NaN,NaN,NaN,NaN,NaN,NaN
1421328240,NaN,NaN,NaN,NaN,NaN,NaN,NaN
1421328300,NaN,NaN,NaN,NaN,NaN,NaN,NaN
1421328360,NaN,NaN,NaN,NaN,NaN,NaN,NaN
1421328420,NaN,NaN,NaN,NaN,NaN,NaN,NaN
1421328480,NaN,NaN,NaN,NaN,NaN,NaN,NaN
1421328540,NaN,NaN,NaN,NaN,NaN,NaN,NaN
1421328600,NaN,NaN,NaN,NaN,NaN,NaN,NaN
1421328660,NaN,NaN,NaN,NaN,NaN,NaN,NaN
1421328720,NaN,NaN,NaN,NaN,NaN,NaN,NaN
1421328780,NaN,NaN,NaN,NaN,NaN,NaN,NaN
1421328840,NaN,NaN,NaN,NaN,NaN,NaN,NaN
1421328900,NaN,NaN,NaN,NaN,NaN,NaN,NaN
1421328960,NaN,NaN,NaN,NaN,NaN,NaN,NaN
1421329020,NaN,NaN,NaN,NaN,NaN,NaN,NaN
1421329080,NaN,NaN,NaN,NaN,NaN,NaN,NaN
1421329140,NaN,NaN,NaN,NaN,NaN,NaN,NaN
1421329200,NaN,NaN,NaN,NaN,NaN,NaN,NaN
1421329260,NaN,NaN,NaN,NaN,NaN,NaN,NaN
1421329320,NaN,NaN,NaN,NaN,NaN,NaN,NaN
1421329380,NaN,NaN,NaN,NaN,NaN,NaN,NaN
1421329440,NaN,NaN,NaN,NaN,NaN,NaN,NaN
1421329500,NaN,NaN,NaN,NaN,NaN,NaN,NaN
1421329560,NaN,NaN,NaN,NaN,NaN,NaN,NaN
1421329620,NaN,NaN,NaN,NaN,NaN,NaN,NaN
1421329680,NaN,NaN,NaN,NaN,NaN,NaN,NaN
1421329740,NaN,NaN,NaN,NaN,NaN,NaN,NaN
1421329800,NaN,NaN,NaN,NaN,NaN,NaN,NaN
1421329860,NaN,NaN,NaN,NaN,NaN,NaN,NaN
1421329920,NaN,NaN,NaN,NaN,NaN,NaN,NaN
1421329980,NaN,NaN,NaN,NaN,NaN,NaN,NaN
1421330040,NaN,NaN,NaN,NaN,NaN,NaN,NaN
1421330100,NaN,NaN,NaN,NaN,NaN,NaN,NaN
1421330160,NaN,NaN,NaN,NaN,NaN,NaN,NaN
1421330220,NaN,NaN,NaN,NaN,NaN,NaN,NaN
1421330280,NaN,NaN,NaN,NaN,NaN,NaN,NaN
1421330340,NaN,NaN,NaN,NaN,NaN,NaN,NaN
1421330400,NaN,NaN,NaN,NaN,NaN,NaN,NaN
1421330460,NaN,NaN,NaN,NaN,NaN,NaN,NaN
1421330520,NaN,NaN,NaN,NaN,NaN,NaN,NaN
1421330580,NaN,NaN,NaN,NaN,NaN,NaN,NaN
1421330640,NaN,NaN,NaN,NaN,NaN,NaN,NaN
1421330700,NaN,NaN,NaN,NaN,NaN,NaN,NaN
1421330760,NaN,NaN,NaN,NaN,NaN,NaN,NaN
1421330820,NaN,NaN,NaN,NaN,NaN,NaN,NaN
1421330880,NaN,NaN,NaN,NaN,NaN,NaN,NaN
1421330940,NaN,NaN,NaN,NaN,NaN,NaN,NaN
1421331000,NaN,NaN,NaN,NaN,NaN,NaN,NaN
1421331060,NaN,NaN,NaN,NaN,NaN,NaN,NaN
1421331120,NaN,NaN,NaN,NaN,NaN,NaN,NaN
1421331180,NaN,NaN,NaN,NaN,NaN,NaN,NaN
1421331240,NaN,NaN,NaN,NaN,NaN,NaN,NaN
1421331300,NaN,NaN,NaN,NaN,NaN,NaN,NaN
1421331360,NaN,NaN,NaN,NaN,NaN,NaN,NaN
1421331420,NaN,NaN,NaN,NaN,NaN,NaN,NaN
1421331480,NaN,NaN,NaN,NaN,NaN,NaN,NaN
1421331540,NaN,NaN,NaN,NaN,NaN,NaN,NaN
1421331600,NaN,NaN,NaN,NaN,NaN,NaN,NaN
1421331660,NaN,NaN,NaN,NaN,NaN,NaN,NaN
1421331720,NaN,NaN,NaN,NaN,NaN,NaN,NaN
1421331780,NaN,NaN,NaN,NaN,NaN,NaN,NaN
1421331840,NaN,NaN,NaN,NaN,NaN,NaN,NaN
1421331900,NaN,NaN,NaN,NaN,NaN,NaN,NaN
1421331960,NaN,NaN,NaN,NaN,NaN,NaN,NaN
1421332020,NaN,NaN,NaN,NaN,NaN,NaN,NaN
1421332080,NaN,NaN,NaN,NaN,NaN,NaN,NaN
1421332140,NaN,NaN,NaN,NaN,NaN,NaN,NaN
1421332200,NaN,NaN,NaN,NaN,NaN,NaN,NaN
1421332260,NaN,NaN,NaN,NaN,NaN,NaN,NaN
1421332320,NaN,NaN,NaN,NaN,NaN,NaN,NaN
1421332380,NaN,NaN,NaN,NaN,NaN,NaN,NaN
1421332440,NaN,NaN,NaN,NaN,NaN,NaN,NaN
1421332500,NaN,NaN,NaN,NaN,NaN,NaN,NaN
1421332560,NaN,NaN,NaN,NaN,NaN,NaN,NaN
1421332620,NaN,NaN,NaN,NaN,NaN,NaN,NaN
1421332680,NaN,NaN,NaN,NaN,NaN,NaN,NaN
1421332740,NaN,NaN,NaN,NaN,NaN,NaN,NaN
1421332800,NaN,NaN,NaN,NaN,NaN,NaN,NaN
1421332860,NaN,NaN,NaN,NaN,NaN,NaN,NaN
1421332920,NaN,NaN,NaN,NaN,NaN,NaN,NaN
1421332980,NaN,NaN,NaN,NaN,NaN,NaN,NaN
1421333040,NaN,NaN,NaN,NaN,NaN,NaN,NaN
1421333100,NaN,NaN,NaN,NaN,NaN,NaN,NaN
1421333160,NaN,NaN,NaN,NaN,NaN,NaN,NaN
1421333220,NaN,NaN,NaN,NaN,NaN,NaN,NaN
1421333280,NaN,NaN,NaN,NaN,NaN,NaN,NaN
1421333340,NaN,NaN,NaN,NaN,NaN,NaN,NaN
1421333400,NaN,NaN,NaN,NaN,NaN,NaN,NaN
1421333460,NaN,NaN,NaN,NaN,NaN,NaN,NaN
1421333520,NaN,NaN,NaN,NaN,NaN,NaN,NaN
1421333580,NaN,NaN,NaN,NaN,NaN,NaN,NaN
1421333640,NaN,NaN,NaN,NaN,NaN,NaN,NaN
1421333700,NaN,NaN,NaN,NaN,NaN,NaN,NaN
1421333760,NaN,NaN,NaN,NaN,NaN,NaN,NaN
1421333820,NaN,NaN,NaN,NaN,NaN,NaN,NaN
1421333880,NaN,NaN,NaN,NaN,NaN,NaN,NaN
1421333940,NaN,NaN,NaN,NaN,NaN,NaN,NaN
1421334000,NaN,NaN,NaN,NaN,NaN,NaN,NaN
1421334060,NaN,NaN,NaN,NaN,NaN,NaN,NaN
1421334120,NaN,NaN,NaN,NaN,NaN,NaN,NaN
1421334180,NaN,NaN,NaN,NaN,NaN,NaN,NaN
1421334240,NaN,NaN,NaN,NaN,NaN,NaN,NaN
1421334300,NaN,NaN,NaN,NaN,NaN,NaN,NaN
1421334360,NaN,NaN,NaN,NaN,NaN,NaN,NaN
1421334420,NaN,NaN,NaN,NaN,NaN,NaN,NaN
1421334480,NaN,NaN,NaN,NaN,NaN,NaN,NaN
1421334540,NaN,NaN,NaN,NaN,NaN,NaN,NaN
1421334600,NaN,NaN,NaN,NaN,NaN,NaN,NaN
1421334660,NaN,NaN,NaN,NaN,NaN,NaN,NaN
1421334720,NaN,NaN,NaN,NaN,NaN,NaN,NaN
1421334780,NaN,NaN,NaN,NaN,NaN,NaN,NaN
1421334840,NaN,NaN,NaN,NaN,NaN,NaN,NaN
1421334900,NaN,NaN,NaN,NaN,NaN,NaN,NaN
1421334960,NaN,NaN,NaN,NaN,NaN,NaN,NaN
1421335020,NaN,NaN,NaN,NaN,NaN,NaN,NaN
1421335080,NaN,NaN,NaN,NaN,NaN,NaN,NaN
1421335140,NaN,NaN,NaN,NaN,NaN,NaN,NaN
1421335200,NaN,NaN,NaN,NaN,NaN,NaN,NaN
1421335260,NaN,NaN,NaN,NaN,NaN,NaN,NaN
1421335320,NaN,NaN,NaN,NaN,NaN,NaN,NaN
1421335380,NaN,NaN,NaN,NaN,NaN,NaN,NaN
1421335440,NaN,NaN,NaN,NaN,NaN,NaN,NaN
1421335500,NaN,NaN,NaN,NaN,NaN,NaN,NaN
1421335560,NaN,NaN,NaN,NaN,NaN,NaN,NaN
1421335620,NaN,NaN,NaN,NaN,NaN,NaN,NaN
1421335680,NaN,NaN,NaN,NaN,NaN,NaN,NaN
1421335740,NaN,NaN,NaN,NaN,NaN,NaN,NaN
1421335800,NaN,NaN,NaN,NaN,NaN,NaN,NaN
1421335860,NaN,NaN,NaN,NaN,NaN,NaN,NaN
1421335920,NaN,NaN,NaN,NaN,NaN,NaN,NaN
1421335980,NaN,NaN,NaN,NaN,NaN,NaN,NaN
1421336040,NaN,NaN,NaN,NaN,NaN,NaN,NaN
1421336100,NaN,NaN,NaN,NaN,NaN,NaN,NaN
1421336160,NaN,NaN,NaN,NaN,NaN,NaN,NaN
1421336220,NaN,NaN,NaN,NaN,NaN,NaN,NaN
1421336280,NaN,NaN,NaN,NaN,NaN,NaN,NaN
1421336340,NaN,NaN,NaN,NaN,NaN,NaN,NaN
1421336400,NaN,NaN,NaN,NaN,NaN,NaN,NaN
1421336460,NaN,NaN,NaN,NaN,NaN,NaN,NaN
1421336520,NaN,NaN,NaN,NaN,NaN,NaN,NaN
1421336580,NaN,NaN,NaN,NaN,NaN,NaN,NaN
1421336640,NaN,NaN,NaN,NaN,NaN,NaN,NaN
1421336700,NaN,NaN,NaN,NaN,NaN,NaN,NaN
1421336760,NaN,NaN,NaN,NaN,NaN,NaN,NaN
1421336820,NaN,NaN,NaN,NaN,NaN,NaN,NaN
1421336880,NaN,NaN,NaN,NaN,NaN,NaN,NaN
1421336940,NaN,NaN,NaN,NaN,NaN,NaN,NaN
1421337000,NaN,NaN,NaN,NaN,NaN,NaN,NaN
1421337060,NaN,NaN,NaN,NaN,NaN,NaN,NaN
1421337120,NaN,NaN,NaN,NaN,NaN,NaN,NaN
1421337180,NaN,NaN,NaN,NaN,NaN,NaN,NaN
1421337240,NaN,NaN,NaN,NaN,NaN,NaN,NaN
1421337300,NaN,NaN,NaN,NaN,NaN,NaN,NaN
1421337360,NaN,NaN,NaN,NaN,NaN,NaN,NaN
1421337420,NaN,NaN,NaN,NaN,NaN,NaN,NaN
1421337480,NaN,NaN,NaN,NaN,NaN,NaN,NaN
1421337540,NaN,NaN,NaN,NaN,NaN,NaN,NaN
1421337600,NaN,NaN,NaN,NaN,NaN,NaN,NaN
1421337660,NaN,NaN,NaN,NaN,NaN,NaN,NaN
1421337720,NaN,NaN,NaN,NaN,NaN,NaN,NaN
1421337780,NaN,NaN,NaN,NaN,NaN,NaN,NaN
1421337840,NaN,NaN,NaN,NaN,NaN,NaN,NaN
1421337900,NaN,NaN,NaN,NaN,NaN,NaN,NaN
1421337960,NaN,NaN,NaN,NaN,NaN,NaN,NaN
1421338020,NaN,NaN,NaN,NaN,NaN,NaN,NaN
1421338080,NaN,NaN,NaN,NaN,NaN,NaN,NaN
1421338140,NaN,NaN,NaN,NaN,NaN,NaN,NaN
1421338200,NaN,NaN,NaN,NaN,NaN,NaN,NaN
1421338260,NaN,NaN,NaN,NaN,NaN,NaN,NaN
1421338320,NaN,NaN,NaN,NaN,NaN,NaN,NaN
1421338380,NaN,NaN,NaN,NaN,NaN,NaN,NaN
1421338440,NaN,NaN,NaN,NaN,NaN,NaN,NaN
1421338500,NaN,NaN,NaN,NaN,NaN,NaN,NaN
1421338560,NaN,NaN,NaN,NaN,NaN,NaN,NaN
1421338620,NaN,NaN,NaN,NaN,NaN,NaN,NaN
1421338680,NaN,NaN,NaN,NaN,NaN,NaN,NaN
1421338740,NaN,NaN,NaN,NaN,NaN,NaN,NaN
1421338800,NaN,NaN,NaN,NaN,NaN,NaN,NaN
1421338860,NaN,NaN,NaN,NaN,NaN,NaN,NaN
1421338920,NaN,NaN,NaN,NaN,NaN,NaN,NaN
1421338980,NaN,NaN,NaN,NaN,NaN,NaN,NaN
1421339040,NaN,NaN,NaN,NaN,NaN,NaN,NaN
1421339100,NaN,NaN,NaN,NaN,NaN,NaN,NaN
1421339160,NaN,NaN,NaN,NaN,NaN,NaN,NaN
1421339220,NaN,NaN,NaN,NaN,NaN,NaN,NaN
1421339280,NaN,NaN,NaN,NaN,NaN,NaN,NaN
1421339340,NaN,NaN,NaN,NaN,NaN,NaN,NaN
1421339400,NaN,NaN,NaN,NaN,NaN,NaN,NaN
1421339460,NaN,NaN,NaN,NaN,NaN,NaN,NaN
1421339520,NaN,NaN,NaN,NaN,NaN,NaN,NaN
1421339580,NaN,NaN,NaN,NaN,NaN,NaN,NaN
1421339640,NaN,NaN,NaN,NaN,NaN,NaN,NaN
1421339700,NaN,NaN,NaN,NaN,NaN,NaN,NaN
1421339760,NaN,NaN,NaN,NaN,NaN,NaN,NaN
1421339820,NaN,NaN,NaN,NaN,NaN,NaN,NaN
1421339880,NaN,NaN,NaN,NaN,NaN,NaN,NaN
1421339940,NaN,NaN,NaN,NaN,NaN,NaN,NaN
1421340000,NaN,NaN,NaN,NaN,NaN,NaN,NaN
1421340060,NaN,NaN,NaN,NaN,NaN,NaN,NaN
1421340120,NaN,NaN,NaN,NaN,NaN,NaN,NaN
1421340180,NaN,NaN,NaN,NaN,NaN,NaN,NaN
1421340240,NaN,NaN,NaN,NaN,NaN,NaN,NaN
1421340300,NaN,NaN,NaN,NaN,NaN,NaN,NaN
1421340360,NaN,NaN,NaN,NaN,NaN,NaN,NaN
1421340420,NaN,NaN,NaN,NaN,NaN,NaN,NaN
1421340480,NaN,NaN,NaN,NaN,NaN,NaN,NaN
1421340540,NaN,NaN,NaN,NaN,NaN,NaN,NaN
1421340600,NaN,NaN,NaN,NaN,NaN,NaN,NaN
1421340660,NaN,NaN,NaN,NaN,NaN,NaN,NaN
1421340720,NaN,NaN,NaN,NaN,NaN,NaN,NaN
1421340780,NaN,NaN,NaN,NaN,NaN,NaN,NaN
1421340840,NaN,NaN,NaN,NaN,NaN,NaN,NaN
1421340900,NaN,NaN,NaN,NaN,NaN,NaN,NaN
1421340960,NaN,NaN,NaN,NaN,NaN,NaN,NaN
1421341020,NaN,NaN,NaN,NaN,NaN,NaN,NaN
1421341080,NaN,NaN,NaN,NaN,NaN,NaN,NaN
1421341140,NaN,NaN,NaN,NaN,NaN,NaN,NaN
1421341200,NaN,NaN,NaN,NaN,NaN,NaN,NaN
1421341260,NaN,NaN,NaN,NaN,NaN,NaN,NaN
1421341320,NaN,NaN,NaN,NaN,NaN,NaN,NaN
1421341380,NaN,NaN,NaN,NaN,NaN,NaN,NaN
1421341440,NaN,NaN,NaN,NaN,NaN,NaN,NaN
1421341500,NaN,NaN,NaN,NaN,NaN,NaN,NaN
1421341560,NaN,NaN,NaN,NaN,NaN,NaN,NaN
1421341620,NaN,NaN,NaN,NaN,NaN,NaN,NaN
1421341680,NaN,NaN,NaN,NaN,NaN,NaN,NaN
1421341740,NaN,NaN,NaN,NaN,NaN,NaN,NaN
1421341800,NaN,NaN,NaN,NaN,NaN,NaN,NaN
1421341860,NaN,NaN,NaN,NaN,NaN,NaN,NaN
1421341920,NaN,NaN,NaN,NaN,NaN,NaN,NaN
1421341980,NaN,NaN,NaN,NaN,NaN,NaN,NaN
1421342040,NaN,NaN,NaN,NaN,NaN,NaN,NaN
1421342100,NaN,NaN,NaN,NaN,NaN,NaN,NaN
1421342160,NaN,NaN,NaN,NaN,NaN,NaN,NaN
1421342220,NaN,NaN,NaN,NaN,NaN,NaN,NaN
1421342280,NaN,NaN,NaN,NaN,NaN,NaN,NaN
1421342340,NaN,NaN,NaN,NaN,NaN,NaN,NaN
1421342400,NaN,NaN,NaN,NaN,NaN,NaN,NaN
1421342460,NaN,NaN,NaN,NaN,NaN,NaN,NaN
1421342520,NaN,NaN,NaN,NaN,NaN,NaN,NaN
1421342580,NaN,NaN,NaN,NaN,NaN,NaN,NaN
1421342640,NaN,NaN,NaN,NaN,NaN,NaN,NaN
1421342700,NaN,NaN,NaN,NaN,NaN,NaN,NaN
1421342760,NaN,NaN,NaN,NaN,NaN,NaN,NaN
1421342820,NaN,NaN,NaN,NaN,NaN,NaN,NaN
1421342880,NaN,NaN,NaN,NaN,NaN,NaN,NaN
1421342940,NaN,NaN,NaN,NaN,NaN,NaN,NaN
1421343000,NaN,NaN,NaN,NaN,NaN,NaN,NaN
1421343060,NaN,NaN,NaN,NaN,NaN,NaN,NaN
1421343120,NaN,NaN,NaN,NaN,NaN,NaN,NaN
1421343180,NaN,NaN,NaN,NaN,NaN,NaN,NaN
1421343240,NaN,NaN,NaN,NaN,NaN,NaN,NaN
1421343300,NaN,NaN,NaN,NaN,NaN,NaN,NaN
1421343360,NaN,NaN,NaN,NaN,NaN,NaN,NaN
1421343420,NaN,NaN,NaN,NaN,NaN,NaN,NaN
1421343480,NaN,NaN,NaN,NaN,NaN,NaN,NaN
1421343540,NaN,NaN,NaN,NaN,NaN,NaN,NaN
1421343600,NaN,NaN,NaN,NaN,NaN,NaN,NaN
1421343660,NaN,NaN,NaN,NaN,NaN,NaN,NaN
1421343720,NaN,NaN,NaN,NaN,NaN,NaN,NaN
1421343780,NaN,NaN,NaN,NaN,NaN,NaN,NaN
1421343840,NaN,NaN,NaN,NaN,NaN,NaN,NaN
1421343900,NaN,NaN,NaN,NaN,NaN,NaN,NaN
1421343960,NaN,NaN,NaN,NaN,NaN,NaN,NaN
1421344020,NaN,NaN,NaN,NaN,NaN,NaN,NaN
1421344080,NaN,NaN,NaN,NaN,NaN,NaN,NaN
1421344140,NaN,NaN,NaN,NaN,NaN,NaN,NaN
1421344200,NaN,NaN,NaN,NaN,NaN,NaN,NaN
1421344260,NaN,NaN,NaN,NaN,NaN,NaN,NaN
1421344320,NaN,NaN,NaN,NaN,NaN,NaN,NaN
1421344380,NaN,NaN,NaN,NaN,NaN,NaN,NaN
1421344440,NaN,NaN,NaN,NaN,NaN,NaN,NaN
1421344500,NaN,NaN,NaN,NaN,NaN,NaN,NaN
1421344560,NaN,NaN,NaN,NaN,NaN,NaN,NaN
1421344620,NaN,NaN,NaN,NaN,NaN,NaN,NaN
1421344680,NaN,NaN,NaN,NaN,NaN,NaN,NaN
1421344740,NaN,NaN,NaN,NaN,NaN,NaN,NaN
1421344800,NaN,NaN,NaN,NaN,NaN,NaN,NaN
1421344860,NaN,NaN,NaN,NaN,NaN,NaN,NaN
1421344920,NaN,NaN,NaN,NaN,NaN,NaN,NaN
1421344980,NaN,NaN,NaN,NaN,NaN,NaN,NaN
1421345040,NaN,NaN,NaN,NaN,NaN,NaN,NaN
1421345100,NaN,NaN,NaN,NaN,NaN,NaN,NaN
1421345160,NaN,NaN,NaN,NaN,NaN,NaN,NaN
1421345220,NaN,NaN,NaN,NaN,NaN,NaN,NaN
1421345280,NaN,NaN,NaN,NaN,NaN,NaN,NaN
1421345340,NaN,NaN,NaN,NaN,NaN,NaN,NaN
1421345400,NaN,NaN,NaN,NaN,NaN,NaN,NaN
1421345460,NaN,NaN,NaN,NaN,NaN,NaN,NaN
1421345520,NaN,NaN,NaN,NaN,NaN,NaN,NaN
1421345580,NaN,NaN,NaN,NaN,NaN,NaN,NaN
1421345640,NaN,NaN,NaN,NaN,NaN,NaN,NaN
1421345700,NaN,NaN,NaN,NaN,NaN,NaN,NaN
1421345760,NaN,NaN,NaN,NaN,NaN,NaN,NaN
1421345820,NaN,NaN,NaN,NaN,NaN,NaN,NaN
1421345880,NaN,NaN,NaN,NaN,NaN,NaN,NaN
1421345940,NaN,NaN,NaN,NaN,NaN,NaN,NaN
1421346000,NaN,NaN,NaN,NaN,NaN,NaN,NaN
1421346060,NaN,NaN,NaN,NaN,NaN,NaN,NaN
1421346120,NaN,NaN,NaN,NaN,NaN,NaN,NaN
1421346180,NaN,NaN,NaN,NaN,NaN,NaN,NaN
1421346240,NaN,NaN,NaN,NaN,NaN,NaN,NaN
1421346300,NaN,NaN,NaN,NaN,NaN,NaN,NaN
1421346360,NaN,NaN,NaN,NaN,NaN,NaN,NaN
1421346420,NaN,NaN,NaN,NaN,NaN,NaN,NaN
1421346480,NaN,NaN,NaN,NaN,NaN,NaN,NaN
1421346540,NaN,NaN,NaN,NaN,NaN,NaN,NaN
1421346600,NaN,NaN,NaN,NaN,NaN,NaN,NaN
1421346660,NaN,NaN,NaN,NaN,NaN,NaN,NaN
1421346720,NaN,NaN,NaN,NaN,NaN,NaN,NaN
1421346780,NaN,NaN,NaN,NaN,NaN,NaN,NaN
1421346840,NaN,NaN,NaN,NaN,NaN,NaN,NaN
1421346900,NaN,NaN,NaN,NaN,NaN,NaN,NaN
1421346960,NaN,NaN,NaN,NaN,NaN,NaN,NaN
1421347020,NaN,NaN,NaN,NaN,NaN,NaN,NaN
1421347080,NaN,NaN,NaN,NaN,NaN,NaN,NaN
1421347140,NaN,NaN,NaN,NaN,NaN,NaN,NaN
1421347200,NaN,NaN,NaN,NaN,NaN,NaN,NaN
1421347260,NaN,NaN,NaN,NaN,NaN,NaN,NaN
1421347320,NaN,NaN,NaN,NaN,NaN,NaN,NaN
1421347380,NaN,NaN,NaN,NaN,NaN,NaN,NaN
1421347440,NaN,NaN,NaN,NaN,NaN,NaN,NaN
1421347500,NaN,NaN,NaN,NaN,NaN,NaN,NaN
1421347560,NaN,NaN,NaN,NaN,NaN,NaN,NaN
1421347620,NaN,NaN,NaN,NaN,NaN,NaN,NaN
1421347680,NaN,NaN,NaN,NaN,NaN,NaN,NaN
1421347740,NaN,NaN,NaN,NaN,NaN,NaN,NaN
1421347800,NaN,NaN,NaN,NaN,NaN,NaN,NaN
1421347860,NaN,NaN,NaN,NaN,NaN,NaN,NaN
1421347920,NaN,NaN,NaN,NaN,NaN,NaN,NaN
1421347980,NaN,NaN,NaN,NaN,NaN,NaN,NaN
1421348040,NaN,NaN,NaN,NaN,NaN,NaN,NaN
1421348100,NaN,NaN,NaN,NaN,NaN,NaN,NaN
1421348160,NaN,NaN,NaN,NaN,NaN,NaN,NaN
1421348220,NaN,NaN,NaN,NaN,NaN,NaN,NaN
1421348280,NaN,NaN,NaN,NaN,NaN,NaN,NaN
1421348340,NaN,NaN,NaN,NaN,NaN,NaN,NaN
1421348400,NaN,NaN,NaN,NaN,NaN,NaN,NaN
1421348460,NaN,NaN,NaN,NaN,NaN,NaN,NaN
1421348520,NaN,NaN,NaN,NaN,NaN,NaN,NaN
1421348580,NaN,NaN,NaN,NaN,NaN,NaN,NaN
1421348640,NaN,NaN,NaN,NaN,NaN,NaN,NaN
1421348700,NaN,NaN,NaN,NaN,NaN,NaN,NaN
1421348760,NaN,NaN,NaN,NaN,NaN,NaN,NaN
1421348820,NaN,NaN,NaN,NaN,NaN,NaN,NaN
1421348880,NaN,NaN,NaN,NaN,NaN,NaN,NaN
1421348940,NaN,NaN,NaN,NaN,NaN,NaN,NaN
1421349000,NaN,NaN,NaN,NaN,NaN,NaN,NaN
1421349060,NaN,NaN,NaN,NaN,NaN,NaN,NaN
1421349120,NaN,NaN,NaN,NaN,NaN,NaN,NaN
1421349180,NaN,NaN,NaN,NaN,NaN,NaN,NaN
1421349240,NaN,NaN,NaN,NaN,NaN,NaN,NaN
1421349300,NaN,NaN,NaN,NaN,NaN,NaN,NaN
1421349360,NaN,NaN,NaN,NaN,NaN,NaN,NaN
1421349420,NaN,NaN,NaN,NaN,NaN,NaN,NaN
1421349480,NaN,NaN,NaN,NaN,NaN,NaN,NaN
1421349540,NaN,NaN,NaN,NaN,NaN,NaN,NaN
1421349600,NaN,NaN,NaN,NaN,NaN,NaN,NaN
1421349660,NaN,NaN,NaN,NaN,NaN,NaN,NaN
1421349720,NaN,NaN,NaN,NaN,NaN,NaN,NaN
1421349780,NaN,NaN,NaN,NaN,NaN,NaN,NaN
1421349840,NaN,NaN,NaN,NaN,NaN,NaN,NaN
1421349900,NaN,NaN,NaN,NaN,NaN,NaN,NaN
1421349960,NaN,NaN,NaN,NaN,NaN,NaN,NaN
1421350020,NaN,NaN,NaN,NaN,NaN,NaN,NaN
1421350080,NaN,NaN,NaN,NaN,NaN,NaN,NaN
1421350140,NaN,NaN,NaN,NaN,NaN,NaN,NaN
1421350200,NaN,NaN,NaN,NaN,NaN,NaN,NaN
1421350260,NaN,NaN,NaN,NaN,NaN,NaN,NaN
1421350320,NaN,NaN,NaN,NaN,NaN,NaN,NaN
1421350380,NaN,NaN,NaN,NaN,NaN,NaN,NaN
1421350440,NaN,NaN,NaN,NaN,NaN,NaN,NaN
1421350500,NaN,NaN,NaN,NaN,NaN,NaN,NaN
1421350560,NaN,NaN,NaN,NaN,NaN,NaN,NaN
1421350620,NaN,NaN,NaN,NaN,NaN,NaN,NaN
1421350680,NaN,NaN,NaN,NaN,NaN,NaN,NaN
1421350740,NaN,NaN,NaN,NaN,NaN,NaN,NaN
1421350800,NaN,NaN,NaN,NaN,NaN,NaN,NaN
1421350860,NaN,NaN,NaN,NaN,NaN,NaN,NaN
1421350920,NaN,NaN,NaN,NaN,NaN,NaN,NaN
1421350980,NaN,NaN,NaN,NaN,NaN,NaN,NaN
1421351040,NaN,NaN,NaN,NaN,NaN,NaN,NaN
1421351100,NaN,NaN,NaN,NaN,NaN,NaN,NaN
1421351160,NaN,NaN,NaN,NaN,NaN,NaN,NaN
1421351220,NaN,NaN,NaN,NaN,NaN,NaN,NaN
1421351280,NaN,NaN,NaN,NaN,NaN,NaN,NaN
1421351340,NaN,NaN,NaN,NaN,NaN,NaN,NaN
1421351400,NaN,NaN,NaN,NaN,NaN,NaN,NaN
1421351460,NaN,NaN,NaN,NaN,NaN,NaN,NaN
1421351520,NaN,NaN,NaN,NaN,NaN,NaN,NaN
1421351580,NaN,NaN,NaN,NaN,NaN,NaN,NaN
1421351640,NaN,NaN,NaN,NaN,NaN,NaN,NaN
1421351700,NaN,NaN,NaN,NaN,NaN,NaN,NaN
1421351760,NaN,NaN,NaN,NaN,NaN,NaN,NaN
1421351820,NaN,NaN,NaN,NaN,NaN,NaN,NaN
1421351880,NaN,NaN,NaN,NaN,NaN,NaN,NaN
1421351940,NaN,NaN,NaN,NaN,NaN,NaN,NaN
1421352000,NaN,NaN,NaN,NaN,NaN,NaN,NaN
1421352060,NaN,NaN,NaN,NaN,NaN,NaN,NaN
1421352120,NaN,NaN,NaN,NaN,NaN,NaN,NaN
1421352180,NaN,NaN,NaN,NaN,NaN,NaN,NaN
1421352240,NaN,NaN,NaN,NaN,NaN,NaN,NaN
1421352300,NaN,NaN,NaN,NaN,NaN,NaN,NaN
1421352360,NaN,NaN,NaN,NaN,NaN,NaN,NaN
1421352420,NaN,NaN,NaN,NaN,NaN,NaN,NaN
1421352480,NaN,NaN,NaN,NaN,NaN,NaN,NaN
1421352540,NaN,NaN,NaN,NaN,NaN,NaN,NaN
1421352600,NaN,NaN,NaN,NaN,NaN,NaN,NaN
1421352660,NaN,NaN,NaN,NaN,NaN,NaN,NaN
1421352720,NaN,NaN,NaN,NaN,NaN,NaN,NaN
1421352780,NaN,NaN,NaN,NaN,NaN,NaN,NaN
1421352840,199,224,199,224,0.16512074,33.01704576,199.9569876
1421352900,NaN,NaN,NaN,NaN,NaN,NaN,NaN
1421352960,NaN,NaN,NaN,NaN,NaN,NaN,NaN
1421353020,NaN,NaN,NaN,NaN,NaN,NaN,NaN
1421353080,NaN,NaN,NaN,NaN,NaN,NaN,NaN
1421353140,NaN,NaN,NaN,NaN,NaN,NaN,NaN
1421353200,NaN,NaN,NaN,NaN,NaN,NaN,NaN
1421353260,NaN,NaN,NaN,NaN,NaN,NaN,NaN
1421353320,NaN,NaN,NaN,NaN,NaN,NaN,NaN
1421353380,NaN,NaN,NaN,NaN,NaN,NaN,NaN
1421353440,NaN,NaN,NaN,NaN,NaN,NaN,NaN
1421353500,NaN,NaN,NaN,NaN,NaN,NaN,NaN
1421353560,NaN,NaN,NaN,NaN,NaN,NaN,NaN
1421353620,NaN,NaN,NaN,NaN,NaN,NaN,NaN
1421353680,NaN,NaN,NaN,NaN,NaN,NaN,NaN
1421353740,NaN,NaN,NaN,NaN,NaN,NaN,NaN
1421353800,NaN,NaN,NaN,NaN,NaN,NaN,NaN
1421353860,NaN,NaN,NaN,NaN,NaN,NaN,NaN
1421353920,NaN,NaN,NaN,NaN,NaN,NaN,NaN
1421353980,NaN,NaN,NaN,NaN,NaN,NaN,NaN
1421354040,NaN,NaN,NaN,NaN,NaN,NaN,NaN
1421354100,NaN,NaN,NaN,NaN,NaN,NaN,NaN
1421354160,NaN,NaN,NaN,NaN,NaN,NaN,NaN
1421354220,NaN,NaN,NaN,NaN,NaN,NaN,NaN
1421354280,NaN,NaN,NaN,NaN,NaN,NaN,NaN
1421354340,NaN,NaN,NaN,NaN,NaN,NaN,NaN
1421354400,NaN,NaN,NaN,NaN,NaN,NaN,NaN
1421354460,NaN,NaN,NaN,NaN,NaN,NaN,NaN
1421354520,NaN,NaN,NaN,NaN,NaN,NaN,NaN
1421354580,NaN,NaN,NaN,NaN,NaN,NaN,NaN
1421354640,NaN,NaN,NaN,NaN,NaN,NaN,NaN
1421354700,NaN,NaN,NaN,NaN,NaN,NaN,NaN
1421354760,NaN,NaN,NaN,NaN,NaN,NaN,NaN
1421354820,NaN,NaN,NaN,NaN,NaN,NaN,NaN
1421354880,NaN,NaN,NaN,NaN,NaN,NaN,NaN
1421354940,NaN,NaN,NaN,NaN,NaN,NaN,NaN
1421355000,NaN,NaN,NaN,NaN,NaN,NaN,NaN
1421355060,NaN,NaN,NaN,NaN,NaN,NaN,NaN
1421355120,NaN,NaN,NaN,NaN,NaN,NaN,NaN
1421355180,NaN,NaN,NaN,NaN,NaN,NaN,NaN
1421355240,NaN,NaN,NaN,NaN,NaN,NaN,NaN
1421355300,NaN,NaN,NaN,NaN,NaN,NaN,NaN
1421355360,NaN,NaN,NaN,NaN,NaN,NaN,NaN
1421355420,NaN,NaN,NaN,NaN,NaN,NaN,NaN
1421355480,NaN,NaN,NaN,NaN,NaN,NaN,NaN
1421355540,NaN,NaN,NaN,NaN,NaN,NaN,NaN
1421355600,NaN,NaN,NaN,NaN,NaN,NaN,NaN
1421355660,NaN,NaN,NaN,NaN,NaN,NaN,NaN
1421355720,NaN,NaN,NaN,NaN,NaN,NaN,NaN
1421355780,NaN,NaN,NaN,NaN,NaN,NaN,NaN
1421355840,NaN,NaN,NaN,NaN,NaN,NaN,NaN
1421355900,NaN,NaN,NaN,NaN,NaN,NaN,NaN
1421355960,NaN,NaN,NaN,NaN,NaN,NaN,NaN
1421356020,NaN,NaN,NaN,NaN,NaN,NaN,NaN
1421356080,NaN,NaN,NaN,NaN,NaN,NaN,NaN
1421356140,NaN,NaN,NaN,NaN,NaN,NaN,NaN
1421356200,NaN,NaN,NaN,NaN,NaN,NaN,NaN
1421356260,NaN,NaN,NaN,NaN,NaN,NaN,NaN
1421356320,NaN,NaN,NaN,NaN,NaN,NaN,NaN
1421356380,NaN,NaN,NaN,NaN,NaN,NaN,NaN
1421356440,NaN,NaN,NaN,NaN,NaN,NaN,NaN
1421356500,NaN,NaN,NaN,NaN,NaN,NaN,NaN
1421356560,NaN,NaN,NaN,NaN,NaN,NaN,NaN
1421356620,NaN,NaN,NaN,NaN,NaN,NaN,NaN
1421356680,NaN,NaN,NaN,NaN,NaN,NaN,NaN
1421356740,NaN,NaN,NaN,NaN,NaN,NaN,NaN
1421356800,NaN,NaN,NaN,NaN,NaN,NaN,NaN
1421356860,NaN,NaN,NaN,NaN,NaN,NaN,NaN
1421356920,NaN,NaN,NaN,NaN,NaN,NaN,NaN
1421356980,NaN,NaN,NaN,NaN,NaN,NaN,NaN
1421357040,NaN,NaN,NaN,NaN,NaN,NaN,NaN
1421357100,NaN,NaN,NaN,NaN,NaN,NaN,NaN
1421357160,NaN,NaN,NaN,NaN,NaN,NaN,NaN
1421357220,NaN,NaN,NaN,NaN,NaN,NaN,NaN
1421357280,NaN,NaN,NaN,NaN,NaN,NaN,NaN
1421357340,NaN,NaN,NaN,NaN,NaN,NaN,NaN
1421357400,NaN,NaN,NaN,NaN,NaN,NaN,NaN
1421357460,NaN,NaN,NaN,NaN,NaN,NaN,NaN
1421357520,NaN,NaN,NaN,NaN,NaN,NaN,NaN
1421357580,NaN,NaN,NaN,NaN,NaN,NaN,NaN
1421357640,NaN,NaN,NaN,NaN,NaN,NaN,NaN
1421357700,NaN,NaN,NaN,NaN,NaN,NaN,NaN
1421357760,NaN,NaN,NaN,NaN,NaN,NaN,NaN
1421357820,NaN,NaN,NaN,NaN,NaN,NaN,NaN
1421357880,NaN,NaN,NaN,NaN,NaN,NaN,NaN
1421357940,NaN,NaN,NaN,NaN,NaN,NaN,NaN
1421358000,NaN,NaN,NaN,NaN,NaN,NaN,NaN
1421358060,NaN,NaN,NaN,NaN,NaN,NaN,NaN
1421358120,NaN,NaN,NaN,NaN,NaN,NaN,NaN
1421358180,NaN,NaN,NaN,NaN,NaN,NaN,NaN
1421358240,NaN,NaN,NaN,NaN,NaN,NaN,NaN
1421358300,NaN,NaN,NaN,NaN,NaN,NaN,NaN
1421358360,NaN,NaN,NaN,NaN,NaN,NaN,NaN
1421358420,NaN,NaN,NaN,NaN,NaN,NaN,NaN
1421358480,NaN,NaN,NaN,NaN,NaN,NaN,NaN
1421358540,NaN,NaN,NaN,NaN,NaN,NaN,NaN
1421358600,NaN,NaN,NaN,NaN,NaN,NaN,NaN
1421358660,NaN,NaN,NaN,NaN,NaN,NaN,NaN
1421358720,NaN,NaN,NaN,NaN,NaN,NaN,NaN
1421358780,NaN,NaN,NaN,NaN,NaN,NaN,NaN
1421358840,NaN,NaN,NaN,NaN,NaN,NaN,NaN
1421358900,NaN,NaN,NaN,NaN,NaN,NaN,NaN
1421358960,NaN,NaN,NaN,NaN,NaN,NaN,NaN
1421359020,NaN,NaN,NaN,NaN,NaN,NaN,NaN
1421359080,NaN,NaN,NaN,NaN,NaN,NaN,NaN
1421359140,NaN,NaN,NaN,NaN,NaN,NaN,NaN
1421359200,NaN,NaN,NaN,NaN,NaN,NaN,NaN
1421359260,NaN,NaN,NaN,NaN,NaN,NaN,NaN
1421359320,NaN,NaN,NaN,NaN,NaN,NaN,NaN
1421359380,NaN,NaN,NaN,NaN,NaN,NaN,NaN
1421359440,NaN,NaN,NaN,NaN,NaN,NaN,NaN
1421359500,NaN,NaN,NaN,NaN,NaN,NaN,NaN
1421359560,NaN,NaN,NaN,NaN,NaN,NaN,NaN
1421359620,NaN,NaN,NaN,NaN,NaN,NaN,NaN
1421359680,NaN,NaN,NaN,NaN,NaN,NaN,NaN
1421359740,NaN,NaN,NaN,NaN,NaN,NaN,NaN
1421359800,NaN,NaN,NaN,NaN,NaN,NaN,NaN
1421359860,NaN,NaN,NaN,NaN,NaN,NaN,NaN
1421359920,NaN,NaN,NaN,NaN,NaN,NaN,NaN
1421359980,NaN,NaN,NaN,NaN,NaN,NaN,NaN
1421360040,NaN,NaN,NaN,NaN,NaN,NaN,NaN
1421360100,NaN,NaN,NaN,NaN,NaN,NaN,NaN
1421360160,NaN,NaN,NaN,NaN,NaN,NaN,NaN
1421360220,NaN,NaN,NaN,NaN,NaN,NaN,NaN
1421360280,NaN,NaN,NaN,NaN,NaN,NaN,NaN
1421360340,NaN,NaN,NaN,NaN,NaN,NaN,NaN
1421360400,NaN,NaN,NaN,NaN,NaN,NaN,NaN
1421360460,NaN,NaN,NaN,NaN,NaN,NaN,NaN
1421360520,NaN,NaN,NaN,NaN,NaN,NaN,NaN
1421360580,210.56,210.56,210.56,210.56,0.01,2.1056,210.56
1421360640,207.81,208.98,207.81,208.98,0.02,4.1679,208.395
1421360700,205.9,210.15,205.9,210.15,0.02,4.1605,208.025
1421360760,207.13,207.13,207.13,207.13,0.01,2.0713,207.13
1421360820,207.27,211.79,207.27,211.01,0.03,6.3007,210.02333333
1421360880,204.73,206.37,204.73,206.08,0.03,6.1718,205.72666667
1421360940,NaN,NaN,NaN,NaN,NaN,NaN,NaN
1421361000,NaN,NaN,NaN,NaN,NaN,NaN,NaN
1421361060,206.04,206.47,206.04,206.47,0.02,4.1251,206.255
1421361120,211.34,211.34,208.95,208.95,0.02,4.2029,210.145
1421361180,205.14,211.59,204.16,208.95,0.05,10.4088,208.176
1421361240,207.85,208.86,207.85,208.86,0.02,4.1671,208.355
1421361300,206.91,206.91,206.91,206.91,0.01,2.0691,206.91
1421361360,204.82,209.4,203.92,209.4,0.04,8.2636,206.59
1421361420,208.33,208.33,205.62,206.06,0.03,6.2001,206.67
1421361480,204.32,204.32,204.32,204.32,0.01,2.0432,204.32
1421361540,204.04,205.23,204.04,205.23,0.02,4.0927,204.635
1421361600,204.84,204.84,203.6,203.6,0.02,4.0844,204.22
1421361660,204.7,204.7,204.22,204.22,0.02,4.0892,204.46
1421361720,205.49,205.49,204.73,204.73,0.02,4.1022,205.11
1421361780,205.43,206.27,205.43,206.27,0.02,4.117,205.85
1421361840,205.63,205.77,204.94,204.94,0.03,6.1634,205.44666667
1421361900,205.47,206.99,205.24,205.82,0.04,8.2352,205.88
1421361960,203.53,204.97,203.53,204.86,0.03,6.1336,204.45333333
1421362020,204.8,204.8,203.43,203.43,0.02,4.0823,204.115
1421362080,206.5,206.5,206.5,206.5,0.01,2.065,206.5
1421362140,206.22,206.47,205.46,206.47,0.03,6.1815,206.05
1421362200,204.85,206.65,204.85,206.65,0.04,8.2271,205.6775
1421362260,206.85,206.85,205.18,205.18,0.02,4.1203,206.015
1421362320,206.21,206.21,205.36,205.36,0.02,4.1157,205.785
1421362380,204.81,206.35,204.81,206.35,0.02,4.1116,205.58
1421362440,206.2,206.2,206.2,206.2,0.01,2.062,206.2
1421362500,205.15,206.85,205.15,206.85,0.03,6.1821,206.07
1421362560,203.68,206.53,203.68,206.53,0.02,4.1021,205.105
1421362620,209.74,209.74,204.49,209.56,0.03,6.2379,207.93
1421362680,208.36,209.82,208.36,209.82,0.02,4.1818,209.09
1421362740,208.16,208.16,204.82,204.82,0.02,4.1298,206.49
1421362800,206.24,209.26,206.24,209.26,0.02,4.155,207.75
1421362860,207.84,209.84,207.84,209.32,0.04,8.3634,209.085
1421362920,211.19,211.19,206.59,206.59,0.03,6.2865,209.55
1421362980,205.89,210.28,205.89,210.28,0.03,6.2327,207.75666667
1421363040,206.14,209.42,206.14,209.42,0.03,6.2328,207.76
1421363100,208.12,211.1,206.84,206.84,0.03,6.2606,208.68666667
1421363160,208.07,208.07,206.22,206.22,0.02,4.1429,207.145
1421363220,205.13,205.88,205.13,205.88,0.02,4.1101,205.505
1421363280,204.88,204.88,204.88,204.88,0.01,2.0488,204.88
1421363340,206.81,207.55,205.29,207.55,0.04,8.2667,206.6675
1421363400,210.95,210.95,206.58,207.64,0.03,6.2517,208.39
1421363460,207.21,207.21,204.23,205.45,0.03,6.1689,205.63
1421363520,210.07,210.07,206,206,0.02,4.1607,208.035
1421363580,205.27,205.27,203.97,203.99,0.03,6.1323,204.41
1421363640,209.43,209.43,208.86,208.86,0.02,4.1829,209.145
1421363700,208.24,208.24,206.03,206.03,0.02,4.1427,207.135
1421363760,205.67,205.67,204.4,204.4,0.02,4.1007,205.035
1421363820,208.23,209.7,207.67,207.67,0.03,6.256,208.53333333
1421363880,211.65,211.65,207.69,207.69,0.02,4.1934,209.67
1421363940,208.82,208.82,208.28,208.28,0.02,4.171,208.55
1421364000,211.83,211.83,206.61,206.61,0.03,6.2772,209.24
1421364060,204.01,211.52,204.01,209.3,0.03,6.2483,208.27666667
1421364120,206.46,209.81,206.46,209.81,0.02,4.1627,208.135
1421364180,210.14,210.14,204,209.38,0.03,6.2352,207.84
1421364240,206.63,210.66,206.63,208.39,0.03,6.2568,208.56
1421364300,207.32,211.06,204.16,204.16,0.03,6.2254,207.51333333
1421364360,NaN,NaN,NaN,NaN,NaN,NaN,NaN
1421364420,NaN,NaN,NaN,NaN,NaN,NaN,NaN
1421364480,211.91,211.91,211.91,211.91,0.01,2.1191,211.91
1421364540,NaN,NaN,NaN,NaN,NaN,NaN,NaN
1421364600,NaN,NaN,NaN,NaN,NaN,NaN,NaN
1421364660,NaN,NaN,NaN,NaN,NaN,NaN,NaN
1421364720,NaN,NaN,NaN,NaN,NaN,NaN,NaN
1421364780,NaN,NaN,NaN,NaN,NaN,NaN,NaN
1421364840,NaN,NaN,NaN,NaN,NaN,NaN,NaN
1421364900,NaN,NaN,NaN,NaN,NaN,NaN,NaN
1421364960,NaN,NaN,NaN,NaN,NaN,NaN,NaN
1421365020,NaN,NaN,NaN,NaN,NaN,NaN,NaN
1421365080,NaN,NaN,NaN,NaN,NaN,NaN,NaN
1421365140,NaN,NaN,NaN,NaN,NaN,NaN,NaN
1421365200,NaN,NaN,NaN,NaN,NaN,NaN,NaN
1421365260,NaN,NaN,NaN,NaN,NaN,NaN,NaN
1421365320,NaN,NaN,NaN,NaN,NaN,NaN,NaN
1421365380,NaN,NaN,NaN,NaN,NaN,NaN,NaN
1421365440,NaN,NaN,NaN,NaN,NaN,NaN,NaN
1421365500,NaN,NaN,NaN,NaN,NaN,NaN,NaN
1421365560,NaN,NaN,NaN,NaN,NaN,NaN,NaN
1421365620,NaN,NaN,NaN,NaN,NaN,NaN,NaN
1421365680,NaN,NaN,NaN,NaN,NaN,NaN,NaN
1421365740,NaN,NaN,NaN,NaN,NaN,NaN,NaN
1421365800,NaN,NaN,NaN,NaN,NaN,NaN,NaN
1421365860,NaN,NaN,NaN,NaN,NaN,NaN,NaN
1421365920,NaN,NaN,NaN,NaN,NaN,NaN,NaN
1421365980,208.11,210.46,204.94,204.94,0.03,6.2351,207.83666667
1421366040,211.47,211.47,210.81,210.81,0.02,4.2228,211.14
1421366100,207.86,207.86,207.08,207.08,0.02,4.1494,207.47
1421366160,211.63,211.63,210.39,210.39,0.02,4.2202,211.01
1421366220,211.47,211.47,211.47,211.47,0.01,2.1147,211.47
1421366280,204.22,204.22,204.22,204.22,0.01,2.0422,204.22
1421366340,NaN,NaN,NaN,NaN,NaN,NaN,NaN
1421366400,210.98,210.98,210.31,210.31,0.02,4.2129,210.645
1421366460,206.98,208.64,206.98,208.61,0.03,6.2423,208.07666667
1421366520,NaN,NaN,NaN,NaN,NaN,NaN,NaN
1421366580,204.37,211.56,204.37,206.22,0.04,8.3091,207.7275
1421366640,207.92,207.92,207.92,207.92,0.01,2.0792,207.92
1421366700,209.66,209.66,206.13,207.45,0.04,8.3095,207.7375
1421366760,206.9,206.9,206.9,206.9,0.01,2.069,206.9
1421366820,206.55,208.51,206.55,206.62,0.03,6.2168,207.22666667
1421366880,207.72,208.88,207.72,208.88,0.02,4.166,208.3
1421366940,211.19,211.19,204.17,204.17,0.03,6.2387,207.95666667
1421367000,210.56,210.56,210.56,210.56,0.01,2.1056,210.56
1421367060,207.32,207.32,205.92,207.11,0.03,6.2035,206.78333333
1421367120,204.97,206.54,204.97,206.54,0.02,4.1151,205.755
1421367180,210.87,210.87,210.87,210.87,0.01,2.1087,210.87
1421367240,205.39,209.54,205.39,209.54,0.02,4.1493,207.465
1421367300,207.75,207.75,205.55,206.27,0.03,6.1957,206.52333333
1421367360,209.65,209.65,208.54,208.54,0.02,4.1819,209.095
1421367420,211.22,211.22,207.36,207.36,0.02,4.1858,209.29
1421367480,204.43,211.79,204.43,211.79,0.02,4.1622,208.11
1421367540,204.5,207.99,204.5,205.03,0.03,6.1752,205.84
1421367600,204.67,211.06,204.67,211.06,0.03,6.221,207.36666667
1421367660,205.35,206.51,205.35,206.51,0.02,4.1186,205.93
1421367720,205.59,210.22,205.59,210.22,0.02,4.1581,207.905
1421367780,204.11,207.88,204.11,207.88,0.02,4.1199,205.995
1421367840,211.8,211.8,209.62,209.62,0.02,4.2142,210.71
1421367900,205.18,208.93,205.18,208.93,0.02,4.1411,207.055
1421367960,208.38,208.38,205.77,206.89,0.03,6.2104,207.01333333
1421368020,204.06,204.65,204.06,204.65,0.02,4.0871,204.355
1421368080,208.64,211.3,206.29,206.29,0.03,6.2623,208.74333333
1421368140,209.71,209.75,208.92,209.75,0.03,6.2838,209.46
1421368200,210.94,211.63,210.94,211.63,0.02,4.2257,211.285
1421368260,203.95,203.95,203.95,203.95,0.01,2.0395,203.95
1421368320,211.43,211.43,211.37,211.37,0.02,4.228,211.4
1421368380,205.99,210.57,204.28,210.57,0.03,6.2084,206.94666667
1421368440,210.11,210.11,206.01,207.01,0.03,6.2313,207.71
1421368500,210.62,210.62,207.12,207.12,0.02,4.1774,208.87
1421368560,209.1,210.64,205.7,206.51,0.04,8.3195,207.9875
1421368620,205.18,210.05,205.18,210.05,0.02,4.1523,207.615
1421368680,208.34,208.34,206.61,206.61,0.02,4.1495,207.475
1421368740,207.34,207.34,207.34,207.34,0.01,2.0734,207.34
1421368800,207.21,211.21,207.1,211.21,0.03,6.2552,208.50666667
1421368860,211.29,211.46,211.29,211.46,0.02,4.2275,211.375
1421368920,206.05,206.81,206.05,206.81,0.02,4.1286,206.43
1421368980,206.77,206.77,206.77,206.77,0.01,2.0677,206.77
1421369040,207.01,208.09,206.47,208.09,0.03,6.2157,207.19
1421369100,206.61,206.61,205.35,205.35,0.02,4.1196,205.98
1421369160,207.46,209.16,207.46,209.16,0.02,4.1662,208.31
1421369220,210.98,210.98,207.38,207.38,0.02,4.1836,209.18
1421369280,210.95,210.95,210.95,210.95,0.01,2.1095,210.95
1421369340,204.84,208.6,204.84,208.6,0.02,4.1344,206.72
1421369400,210.05,210.05,206.12,206.12,0.02,4.1617,208.085
1421369460,209.24,209.24,206.36,208.57,0.03,6.2417,208.05666667
1421369520,209.09,211.74,205.67,205.67,0.03,6.265,208.83333333
1421369580,210.12,210.12,210.12,210.12,0.01,2.1012,210.12
1421369640,210.4,210.4,209.2,209.2,0.02,4.196,209.8
1421369700,209.08,209.08,205.18,205.18,0.02,4.1426,207.13
1421369760,210.71,210.71,210.43,210.43,0.02,4.2114,210.57
1421369820,207.14,207.14,207.14,207.14,0.01,2.0714,207.14
1421369880,204.11,209.28,204.11,209.28,0.03,6.1974,206.58
1421369940,205.92,205.92,204.19,204.19,0.02,4.1011,205.055
1421370000,203.99,205.28,203.99,205.28,0.02,4.0927,204.635
1421370060,204.14,205.13,204.14,205.13,0.02,4.0927,204.635
1421370120,204.96,206.81,204.96,206.81,0.02,4.1177,205.885
1421370180,206.23,206.23,204.96,204.96,0.02,4.1119,205.595
1421370240,210.72,210.72,204.43,204.43,0.02,4.1515,207.575
1421370300,208.09,210.3,208.09,210.3,0.03,6.2778,209.26
1421370360,211.11,211.11,204.16,204.16,0.03,6.2628,208.76
1421370420,205.26,207.91,205.26,207.91,0.02,4.1317,206.585
1421370480,207.48,211.57,207.48,211.57,0.02,4.1905,209.525
1421370540,206.22,208.28,206.22,208.28,0.02,4.145,207.25
1421370600,209,210.31,205.13,205.13,0.03,6.2444,208.14666667
1421370660,209.24,209.24,207.16,207.16,0.02,4.164,208.2
1421370720,211.89,211.89,208.99,208.99,0.03,6.3049,210.16333333
1421370780,207.97,207.97,207.97,207.97,0.01,2.0797,207.97
1421370840,209.99,210.28,204.94,210.28,0.03,6.2521,208.40333333
1421370900,209.7,209.7,209.7,209.7,0.01,2.097,209.7
1421370960,206.06,206.21,203.9,206.21,0.03,6.1617,205.39
1421371020,208.39,208.39,207.24,207.24,0.03,6.2335,207.78333333
1421371080,206.09,211.39,204.53,211.09,0.05,10.4378,208.756
1421371140,207.58,207.58,207.11,207.11,0.02,4.1469,207.345
1421371200,207.79,207.79,204.38,204.38,0.02,4.1217,206.085
1421371260,205,211.47,205,211.39,0.03,6.2786,209.28666667
1421371320,208.31,209.18,208.31,209.18,0.02,4.1749,208.745
1421371380,203.92,203.92,203.92,203.92,0.01,2.0392,203.92
1421371440,209.3,209.3,204.97,204.97,0.02,4.1427,207.135
1421371500,206.46,206.73,206.46,206.73,0.02,4.1319,206.595
1421371560,211.49,211.49,206.15,211.07,0.03,6.2871,209.57
1421371620,208.41,208.41,204.64,204.64,0.02,4.1305,206.525
1421371680,206.34,206.34,206.34,206.34,0.01,2.0634,206.34
1421371740,211.08,211.08,210.64,210.64,0.02,4.2172,210.86
1421371800,209.91,209.91,204.82,204.82,0.04,8.2836,207.09
1421371860,206.09,211.02,206.09,211.02,0.03,6.2391,207.97
1421371920,204.56,204.64,204.56,204.64,0.02,4.092,204.6
1421371980,210.71,210.71,207.55,207.55,0.02,4.1826,209.13
1421372040,NaN,NaN,NaN,NaN,NaN,NaN,NaN
1421372100,NaN,NaN,NaN,NaN,NaN,NaN,NaN
1421372160,NaN,NaN,NaN,NaN,NaN,NaN,NaN
1421372220,NaN,NaN,NaN,NaN,NaN,NaN,NaN
1421372280,NaN,NaN,NaN,NaN,NaN,NaN,NaN
1421372340,NaN,NaN,NaN,NaN,NaN,NaN,NaN
1421372400,NaN,NaN,NaN,NaN,NaN,NaN,NaN
1421372460,NaN,NaN,NaN,NaN,NaN,NaN,NaN
1421372520,NaN,NaN,NaN,NaN,NaN,NaN,NaN
1421372580,NaN,NaN,NaN,NaN,NaN,NaN,NaN
1421372640,NaN,NaN,NaN,NaN,NaN,NaN,NaN
1421372700,NaN,NaN,NaN,NaN,NaN,NaN,NaN
1421372760,NaN,NaN,NaN,NaN,NaN,NaN,NaN
1421372820,NaN,NaN,NaN,NaN,NaN,NaN,NaN
1421372880,NaN,NaN,NaN,NaN,NaN,NaN,NaN
1421372940,203,203,203,203,0.02,4.06,203
1421373000,NaN,NaN,NaN,NaN,NaN,NaN,NaN
1421373060,NaN,NaN,NaN,NaN,NaN,NaN,NaN
1421373120,NaN,NaN,NaN,NaN,NaN,NaN,NaN
1421373180,NaN,NaN,NaN,NaN,NaN,NaN,NaN
1421373240,NaN,NaN,NaN,NaN,NaN,NaN,NaN
1421373300,NaN,NaN,NaN,NaN,NaN,NaN,NaN
1421373360,NaN,NaN,NaN,NaN,NaN,NaN,NaN
1421373420,NaN,NaN,NaN,NaN,NaN,NaN,NaN
1421373480,NaN,NaN,NaN,NaN,NaN,NaN,NaN
1421373540,NaN,NaN,NaN,NaN,NaN,NaN,NaN
1421373600,NaN,NaN,NaN,NaN,NaN,NaN,NaN
1421373660,NaN,NaN,NaN,NaN,NaN,NaN,NaN
1421373720,NaN,NaN,NaN,NaN,NaN,NaN,NaN
1421373780,NaN,NaN,NaN,NaN,NaN,NaN,NaN
1421373840,NaN,NaN,NaN,NaN,NaN,NaN,NaN
1421373900,NaN,NaN,NaN,NaN,NaN,NaN,NaN
1421373960,NaN,NaN,NaN,NaN,NaN,NaN,NaN
1421374020,NaN,NaN,NaN,NaN,NaN,NaN,NaN
1421374080,NaN,NaN,NaN,NaN,NaN,NaN,NaN
1421374140,NaN,NaN,NaN,NaN,NaN,NaN,NaN
1421374200,NaN,NaN,NaN,NaN,NaN,NaN,NaN
1421374260,NaN,NaN,NaN,NaN,NaN,NaN,NaN
1421374320,NaN,NaN,NaN,NaN,NaN,NaN,NaN
1421374380,NaN,NaN,NaN,NaN,NaN,NaN,NaN
1421374440,NaN,NaN,NaN,NaN,NaN,NaN,NaN
1421374500,NaN,NaN,NaN,NaN,NaN,NaN,NaN
1421374560,NaN,NaN,NaN,NaN,NaN,NaN,NaN
1421374620,NaN,NaN,NaN,NaN,NaN,NaN,NaN
1421374680,NaN,NaN,NaN,NaN,NaN,NaN,NaN
1421374740,NaN,NaN,NaN,NaN,NaN,NaN,NaN
1421374800,NaN,NaN,NaN,NaN,NaN,NaN,NaN
1421374860,NaN,NaN,NaN,NaN,NaN,NaN,NaN
1421374920,NaN,NaN,NaN,NaN,NaN,NaN,NaN
1421374980,NaN,NaN,NaN,NaN,NaN,NaN,NaN
1421375040,NaN,NaN,NaN,NaN,NaN,NaN,NaN
1421375100,NaN,NaN,NaN,NaN,NaN,NaN,NaN
1421375160,NaN,NaN,NaN,NaN,NaN,NaN,NaN
1421375220,NaN,NaN,NaN,NaN,NaN,NaN,NaN
1421375280,NaN,NaN,NaN,NaN,NaN,NaN,NaN
1421375340,NaN,NaN,NaN,NaN,NaN,NaN,NaN
1421375400,NaN,NaN,NaN,NaN,NaN,NaN,NaN
1421375460,NaN,NaN,NaN,NaN,NaN,NaN,NaN
1421375520,NaN,NaN,NaN,NaN,NaN,NaN,NaN
1421375580,NaN,NaN,NaN,NaN,NaN,NaN,NaN
1421375640,212,212,212,212,0.03,6.36,212
1421375700,NaN,NaN,NaN,NaN,NaN,NaN,NaN
1421375760,NaN,NaN,NaN,NaN,NaN,NaN,NaN
1421375820,NaN,NaN,NaN,NaN,NaN,NaN,NaN
1421375880,NaN,NaN,NaN,NaN,NaN,NaN,NaN
1421375940,NaN,NaN,NaN,NaN,NaN,NaN,NaN
1421376000,NaN,NaN,NaN,NaN,NaN,NaN,NaN
1421376060,NaN,NaN,NaN,NaN,NaN,NaN,NaN
1421376120,NaN,NaN,NaN,NaN,NaN,NaN,NaN
1421376180,NaN,NaN,NaN,NaN,NaN,NaN,NaN
1421376240,NaN,NaN,NaN,NaN,NaN,NaN,NaN
1421376300,NaN,NaN,NaN,NaN,NaN,NaN,NaN
1421376360,190,190,190,190,0.01,1.9,190
1421376420,NaN,NaN,NaN,NaN,NaN,NaN,NaN
1421376480,NaN,NaN,NaN,NaN,NaN,NaN,NaN
1421376540,NaN,NaN,NaN,NaN,NaN,NaN,NaN
1421376600,NaN,NaN,NaN,NaN,NaN,NaN,NaN
1421376660,225,225,225,225,0.01,2.25,225
1421376720,NaN,NaN,NaN,NaN,NaN,NaN,NaN
1421376780,NaN,NaN,NaN,NaN,NaN,NaN,NaN
1421376840,NaN,NaN,NaN,NaN,NaN,NaN,NaN
1421376900,225.5,225.5,225.5,225.5,0.01,2.255,225.5
1421376960,NaN,NaN,NaN,NaN,NaN,NaN,NaN
1421377020,NaN,NaN,NaN,NaN,NaN,NaN,NaN
1421377080,NaN,NaN,NaN,NaN,NaN,NaN,NaN
1421377140,NaN,NaN,NaN,NaN,NaN,NaN,NaN
1421377200,NaN,NaN,NaN,NaN,NaN,NaN,NaN
1421377260,NaN,NaN,NaN,NaN,NaN,NaN,NaN
1421377320,NaN,NaN,NaN,NaN,NaN,NaN,NaN
1421377380,NaN,NaN,NaN,NaN,NaN,NaN,NaN
1421377440,205,205,205,205,0.01,2.05,205
1421377500,NaN,NaN,NaN,NaN,NaN,NaN,NaN
1421377560,NaN,NaN,NaN,NaN,NaN,NaN,NaN
1421377620,NaN,NaN,NaN,NaN,NaN,NaN,NaN
1421377680,NaN,NaN,NaN,NaN,NaN,NaN,NaN
1421377740,NaN,NaN,NaN,NaN,NaN,NaN,NaN
1421377800,NaN,NaN,NaN,NaN,NaN,NaN,NaN
1421377860,NaN,NaN,NaN,NaN,NaN,NaN,NaN
1421377920,NaN,NaN,NaN,NaN,NaN,NaN,NaN
1421377980,NaN,NaN,NaN,NaN,NaN,NaN,NaN
1421378040,NaN,NaN,NaN,NaN,NaN,NaN,NaN
1421378100,NaN,NaN,NaN,NaN,NaN,NaN,NaN
1421378160,NaN,NaN,NaN,NaN,NaN,NaN,NaN
1421378220,NaN,NaN,NaN,NaN,NaN,NaN,NaN
1421378280,NaN,NaN,NaN,NaN,NaN,NaN,NaN
1421378340,NaN,NaN,NaN,NaN,NaN,NaN,NaN
1421378400,NaN,NaN,NaN,NaN,NaN,NaN,NaN
1421378460,NaN,NaN,NaN,NaN,NaN,NaN,NaN
1421378520,NaN,NaN,NaN,NaN,NaN,NaN,NaN
1421378580,NaN,NaN,NaN,NaN,NaN,NaN,NaN
1421378640,NaN,NaN,NaN,NaN,NaN,NaN,NaN
1421378700,NaN,NaN,NaN,NaN,NaN,NaN,NaN
1421378760,NaN,NaN,NaN,NaN,NaN,NaN,NaN
1421378820,NaN,NaN,NaN,NaN,NaN,NaN,NaN
1421378880,NaN,NaN,NaN,NaN,NaN,NaN,NaN
1421378940,NaN,NaN,NaN,NaN,NaN,NaN,NaN
1421379000,NaN,NaN,NaN,NaN,NaN,NaN,NaN
1421379060,NaN,NaN,NaN,NaN,NaN,NaN,NaN
1421379120,NaN,NaN,NaN,NaN,NaN,NaN,NaN
1421379180,NaN,NaN,NaN,NaN,NaN,NaN,NaN
1421379240,NaN,NaN,NaN,NaN,NaN,NaN,NaN
1421379300,NaN,NaN,NaN,NaN,NaN,NaN,NaN
1421379360,NaN,NaN,NaN,NaN,NaN,NaN,NaN
1421379420,NaN,NaN,NaN,NaN,NaN,NaN,NaN
1421379480,NaN,NaN,NaN,NaN,NaN,NaN,NaN
1421379540,NaN,NaN,NaN,NaN,NaN,NaN,NaN
1421379600,NaN,NaN,NaN,NaN,NaN,NaN,NaN
1421379660,189,189,189,189,0.01,1.89,189
1421379720,NaN,NaN,NaN,NaN,NaN,NaN,NaN
1421379780,NaN,NaN,NaN,NaN,NaN,NaN,NaN
1421379840,NaN,NaN,NaN,NaN,NaN,NaN,NaN
1421379900,NaN,NaN,NaN,NaN,NaN,NaN,NaN
1421379960,NaN,NaN,NaN,NaN,NaN,NaN,NaN
1421380020,NaN,NaN,NaN,NaN,NaN,NaN,NaN
1421380080,NaN,NaN,NaN,NaN,NaN,NaN,NaN
1421380140,NaN,NaN,NaN,NaN,NaN,NaN,NaN
1421380200,NaN,NaN,NaN,NaN,NaN,NaN,NaN
1421380260,NaN,NaN,NaN,NaN,NaN,NaN,NaN
1421380320,NaN,NaN,NaN,NaN,NaN,NaN,NaN
1421380380,NaN,NaN,NaN,NaN,NaN,NaN,NaN
1421380440,NaN,NaN,NaN,NaN,NaN,NaN,NaN
1421380500,NaN,NaN,NaN,NaN,NaN,NaN,NaN
1421380560,NaN,NaN,NaN,NaN,NaN,NaN,NaN
1421380620,NaN,NaN,NaN,NaN,NaN,NaN,NaN
1421380680,NaN,NaN,NaN,NaN,NaN,NaN,NaN
1421380740,NaN,NaN,NaN,NaN,NaN,NaN,NaN
1421380800,NaN,NaN,NaN,NaN,NaN,NaN,NaN
1421380860,NaN,NaN,NaN,NaN,NaN,NaN,NaN
1421380920,NaN,NaN,NaN,NaN,NaN,NaN,NaN
1421380980,NaN,NaN,NaN,NaN,NaN,NaN,NaN
1421381040,NaN,NaN,NaN,NaN,NaN,NaN,NaN
1421381100,NaN,NaN,NaN,NaN,NaN,NaN,NaN
1421381160,NaN,NaN,NaN,NaN,NaN,NaN,NaN
1421381220,NaN,NaN,NaN,NaN,NaN,NaN,NaN
1421381280,NaN,NaN,NaN,NaN,NaN,NaN,NaN
1421381340,NaN,NaN,NaN,NaN,NaN,NaN,NaN
1421381400,NaN,NaN,NaN,NaN,NaN,NaN,NaN
1421381460,NaN,NaN,NaN,NaN,NaN,NaN,NaN
1421381520,NaN,NaN,NaN,NaN,NaN,NaN,NaN
1421381580,NaN,NaN,NaN,NaN,NaN,NaN,NaN
1421381640,NaN,NaN,NaN,NaN,NaN,NaN,NaN
1421381700,NaN,NaN,NaN,NaN,NaN,NaN,NaN
1421381760,NaN,NaN,NaN,NaN,NaN,NaN,NaN
1421381820,NaN,NaN,NaN,NaN,NaN,NaN,NaN
1421381880,NaN,NaN,NaN,NaN,NaN,NaN,NaN
1421381940,NaN,NaN,NaN,NaN,NaN,NaN,NaN
1421382000,NaN,NaN,NaN,NaN,NaN,NaN,NaN
1421382060,NaN,NaN,NaN,NaN,NaN,NaN,NaN
1421382120,NaN,NaN,NaN,NaN,NaN,NaN,NaN
1421382180,NaN,NaN,NaN,NaN,NaN,NaN,NaN
1421382240,NaN,NaN,NaN,NaN,NaN,NaN,NaN
1421382300,NaN,NaN,NaN,NaN,NaN,NaN,NaN
1421382360,NaN,NaN,NaN,NaN,NaN,NaN,NaN
1421382420,NaN,NaN,NaN,NaN,NaN,NaN,NaN
1421382480,NaN,NaN,NaN,NaN,NaN,NaN,NaN
1421382540,NaN,NaN,NaN,NaN,NaN,NaN,NaN
1421382600,NaN,NaN,NaN,NaN,NaN,NaN,NaN
1421382660,NaN,NaN,NaN,NaN,NaN,NaN,NaN
1421382720,NaN,NaN,NaN,NaN,NaN,NaN,NaN
1421382780,NaN,NaN,NaN,NaN,NaN,NaN,NaN
1421382840,NaN,NaN,NaN,NaN,NaN,NaN,NaN
1421382900,NaN,NaN,NaN,NaN,NaN,NaN,NaN
1421382960,NaN,NaN,NaN,NaN,NaN,NaN,NaN
1421383020,NaN,NaN,NaN,NaN,NaN,NaN,NaN
1421383080,NaN,NaN,NaN,NaN,NaN,NaN,NaN
1421383140,NaN,NaN,NaN,NaN,NaN,NaN,NaN
1421383200,NaN,NaN,NaN,NaN,NaN,NaN,NaN
1421383260,NaN,NaN,NaN,NaN,NaN,NaN,NaN
1421383320,NaN,NaN,NaN,NaN,NaN,NaN,NaN
1421383380,NaN,NaN,NaN,NaN,NaN,NaN,NaN
1421383440,NaN,NaN,NaN,NaN,NaN,NaN,NaN
1421383500,NaN,NaN,NaN,NaN,NaN,NaN,NaN
1421383560,NaN,NaN,NaN,NaN,NaN,NaN,NaN
1421383620,NaN,NaN,NaN,NaN,NaN,NaN,NaN
1421383680,NaN,NaN,NaN,NaN,NaN,NaN,NaN
1421383740,NaN,NaN,NaN,NaN,NaN,NaN,NaN
1421383800,NaN,NaN,NaN,NaN,NaN,NaN,NaN
1421383860,NaN,NaN,NaN,NaN,NaN,NaN,NaN
1421383920,NaN,NaN,NaN,NaN,NaN,NaN,NaN
1421383980,NaN,NaN,NaN,NaN,NaN,NaN,NaN
1421384040,NaN,NaN,NaN,NaN,NaN,NaN,NaN
1421384100,NaN,NaN,NaN,NaN,NaN,NaN,NaN
1421384160,NaN,NaN,NaN,NaN,NaN,NaN,NaN
1421384220,NaN,NaN,NaN,NaN,NaN,NaN,NaN
1421384280,NaN,NaN,NaN,NaN,NaN,NaN,NaN
1421384340,NaN,NaN,NaN,NaN,NaN,NaN,NaN
1421384400,NaN,NaN,NaN,NaN,NaN,NaN,NaN
1421384460,NaN,NaN,NaN,NaN,NaN,NaN,NaN
1421384520,NaN,NaN,NaN,NaN,NaN,NaN,NaN
1421384580,NaN,NaN,NaN,NaN,NaN,NaN,NaN
1421384640,NaN,NaN,NaN,NaN,NaN,NaN,NaN
1421384700,NaN,NaN,NaN,NaN,NaN,NaN,NaN
1421384760,NaN,NaN,NaN,NaN,NaN,NaN,NaN
1421384820,NaN,NaN,NaN,NaN,NaN,NaN,NaN
1421384880,NaN,NaN,NaN,NaN,NaN,NaN,NaN
1421384940,NaN,NaN,NaN,NaN,NaN,NaN,NaN
1421385000,NaN,NaN,NaN,NaN,NaN,NaN,NaN
1421385060,NaN,NaN,NaN,NaN,NaN,NaN,NaN
1421385120,NaN,NaN,NaN,NaN,NaN,NaN,NaN
1421385180,NaN,NaN,NaN,NaN,NaN,NaN,NaN
1421385240,NaN,NaN,NaN,NaN,NaN,NaN,NaN
1421385300,NaN,NaN,NaN,NaN,NaN,NaN,NaN
1421385360,NaN,NaN,NaN,NaN,NaN,NaN,NaN
1421385420,NaN,NaN,NaN,NaN,NaN,NaN,NaN
1421385480,NaN,NaN,NaN,NaN,NaN,NaN,NaN
1421385540,NaN,NaN,NaN,NaN,NaN,NaN,NaN
1421385600,NaN,NaN,NaN,NaN,NaN,NaN,NaN
1421385660,NaN,NaN,NaN,NaN,NaN,NaN,NaN
1421385720,NaN,NaN,NaN,NaN,NaN,NaN,NaN
1421385780,NaN,NaN,NaN,NaN,NaN,NaN,NaN
1421385840,NaN,NaN,NaN,NaN,NaN,NaN,NaN
1421385900,NaN,NaN,NaN,NaN,NaN,NaN,NaN
1421385960,NaN,NaN,NaN,NaN,NaN,NaN,NaN
1421386020,NaN,NaN,NaN,NaN,NaN,NaN,NaN
1421386080,NaN,NaN,NaN,NaN,NaN,NaN,NaN
1421386140,NaN,NaN,NaN,NaN,NaN,NaN,NaN
1421386200,NaN,NaN,NaN,NaN,NaN,NaN,NaN
1421386260,NaN,NaN,NaN,NaN,NaN,NaN,NaN
1421386320,NaN,NaN,NaN,NaN,NaN,NaN,NaN
1421386380,NaN,NaN,NaN,NaN,NaN,NaN,NaN
1421386440,NaN,NaN,NaN,NaN,NaN,NaN,NaN
1421386500,NaN,NaN,NaN,NaN,NaN,NaN,NaN
1421386560,NaN,NaN,NaN,NaN,NaN,NaN,NaN
1421386620,NaN,NaN,NaN,NaN,NaN,NaN,NaN
1421386680,NaN,NaN,NaN,NaN,NaN,NaN,NaN
1421386740,NaN,NaN,NaN,NaN,NaN,NaN,NaN
1421386800,NaN,NaN,NaN,NaN,NaN,NaN,NaN
1421386860,NaN,NaN,NaN,NaN,NaN,NaN,NaN
1421386920,NaN,NaN,NaN,NaN,NaN,NaN,NaN
1421386980,NaN,NaN,NaN,NaN,NaN,NaN,NaN
1421387040,NaN,NaN,NaN,NaN,NaN,NaN,NaN
1421387100,NaN,NaN,NaN,NaN,NaN,NaN,NaN
1421387160,NaN,NaN,NaN,NaN,NaN,NaN,NaN
1421387220,NaN,NaN,NaN,NaN,NaN,NaN,NaN
1421387280,NaN,NaN,NaN,NaN,NaN,NaN,NaN
1421387340,NaN,NaN,NaN,NaN,NaN,NaN,NaN
1421387400,NaN,NaN,NaN,NaN,NaN,NaN,NaN
1421387460,NaN,NaN,NaN,NaN,NaN,NaN,NaN
1421387520,NaN,NaN,NaN,NaN,NaN,NaN,NaN
1421387580,NaN,NaN,NaN,NaN,NaN,NaN,NaN
1421387640,NaN,NaN,NaN,NaN,NaN,NaN,NaN
1421387700,NaN,NaN,NaN,NaN,NaN,NaN,NaN
1421387760,NaN,NaN,NaN,NaN,NaN,NaN,NaN
1421387820,NaN,NaN,NaN,NaN,NaN,NaN,NaN
1421387880,NaN,NaN,NaN,NaN,NaN,NaN,NaN
1421387940,NaN,NaN,NaN,NaN,NaN,NaN,NaN
1421388000,NaN,NaN,NaN,NaN,NaN,NaN,NaN
1421388060,NaN,NaN,NaN,NaN,NaN,NaN,NaN
1421388120,NaN,NaN,NaN,NaN,NaN,NaN,NaN
1421388180,NaN,NaN,NaN,NaN,NaN,NaN,NaN
1421388240,NaN,NaN,NaN,NaN,NaN,NaN,NaN
1421388300,NaN,NaN,NaN,NaN,NaN,NaN,NaN
1421388360,NaN,NaN,NaN,NaN,NaN,NaN,NaN
1421388420,NaN,NaN,NaN,NaN,NaN,NaN,NaN
1421388480,NaN,NaN,NaN,NaN,NaN,NaN,NaN
1421388540,NaN,NaN,NaN,NaN,NaN,NaN,NaN
1421388600,NaN,NaN,NaN,NaN,NaN,NaN,NaN
1421388660,NaN,NaN,NaN,NaN,NaN,NaN,NaN
1421388720,NaN,NaN,NaN,NaN,NaN,NaN,NaN
1421388780,NaN,NaN,NaN,NaN,NaN,NaN,NaN
1421388840,NaN,NaN,NaN,NaN,NaN,NaN,NaN
1421388900,NaN,NaN,NaN,NaN,NaN,NaN,NaN
1421388960,NaN,NaN,NaN,NaN,NaN,NaN,NaN
1421389020,NaN,NaN,NaN,NaN,NaN,NaN,NaN
1421389080,NaN,NaN,NaN,NaN,NaN,NaN,NaN
1421389140,NaN,NaN,NaN,NaN,NaN,NaN,NaN
1421389200,NaN,NaN,NaN,NaN,NaN,NaN,NaN
1421389260,NaN,NaN,NaN,NaN,NaN,NaN,NaN
1421389320,NaN,NaN,NaN,NaN,NaN,NaN,NaN
1421389380,NaN,NaN,NaN,NaN,NaN,NaN,NaN
1421389440,NaN,NaN,NaN,NaN,NaN,NaN,NaN
1421389500,NaN,NaN,NaN,NaN,NaN,NaN,NaN
1421389560,NaN,NaN,NaN,NaN,NaN,NaN,NaN
1421389620,NaN,NaN,NaN,NaN,NaN,NaN,NaN
1421389680,NaN,NaN,NaN,NaN,NaN,NaN,NaN
1421389740,NaN,NaN,NaN,NaN,NaN,NaN,NaN
1421389800,NaN,NaN,NaN,NaN,NaN,NaN,NaN
1421389860,NaN,NaN,NaN,NaN,NaN,NaN,NaN
1421389920,NaN,NaN,NaN,NaN,NaN,NaN,NaN
1421389980,NaN,NaN,NaN,NaN,NaN,NaN,NaN
1421390040,NaN,NaN,NaN,NaN,NaN,NaN,NaN
1421390100,NaN,NaN,NaN,NaN,NaN,NaN,NaN
1421390160,NaN,NaN,NaN,NaN,NaN,NaN,NaN
1421390220,NaN,NaN,NaN,NaN,NaN,NaN,NaN
1421390280,NaN,NaN,NaN,NaN,NaN,NaN,NaN
1421390340,NaN,NaN,NaN,NaN,NaN,NaN,NaN
1421390400,NaN,NaN,NaN,NaN,NaN,NaN,NaN
1421390460,NaN,NaN,NaN,NaN,NaN,NaN,NaN
1421390520,NaN,NaN,NaN,NaN,NaN,NaN,NaN
1421390580,NaN,NaN,NaN,NaN,NaN,NaN,NaN
1421390640,NaN,NaN,NaN,NaN,NaN,NaN,NaN
1421390700,NaN,NaN,NaN,NaN,NaN,NaN,NaN
1421390760,NaN,NaN,NaN,NaN,NaN,NaN,NaN
1421390820,NaN,NaN,NaN,NaN,NaN,NaN,NaN
1421390880,NaN,NaN,NaN,NaN,NaN,NaN,NaN
1421390940,NaN,NaN,NaN,NaN,NaN,NaN,NaN
1421391000,NaN,NaN,NaN,NaN,NaN,NaN,NaN
1421391060,NaN,NaN,NaN,NaN,NaN,NaN,NaN
1421391120,NaN,NaN,NaN,NaN,NaN,NaN,NaN
1421391180,NaN,NaN,NaN,NaN,NaN,NaN,NaN
1421391240,NaN,NaN,NaN,NaN,NaN,NaN,NaN
1421391300,NaN,NaN,NaN,NaN,NaN,NaN,NaN
1421391360,NaN,NaN,NaN,NaN,NaN,NaN,NaN
1421391420,NaN,NaN,NaN,NaN,NaN,NaN,NaN
1421391480,NaN,NaN,NaN,NaN,NaN,NaN,NaN
1421391540,NaN,NaN,NaN,NaN,NaN,NaN,NaN
1421391600,NaN,NaN,NaN,NaN,NaN,NaN,NaN
1421391660,NaN,NaN,NaN,NaN,NaN,NaN,NaN
1421391720,NaN,NaN,NaN,NaN,NaN,NaN,NaN
1421391780,NaN,NaN,NaN,NaN,NaN,NaN,NaN
1421391840,NaN,NaN,NaN,NaN,NaN,NaN,NaN
1421391900,NaN,NaN,NaN,NaN,NaN,NaN,NaN
1421391960,NaN,NaN,NaN,NaN,NaN,NaN,NaN
1421392020,NaN,NaN,NaN,NaN,NaN,NaN,NaN
1421392080,NaN,NaN,NaN,NaN,NaN,NaN,NaN
1421392140,NaN,NaN,NaN,NaN,NaN,NaN,NaN
1421392200,NaN,NaN,NaN,NaN,NaN,NaN,NaN
1421392260,NaN,NaN,NaN,NaN,NaN,NaN,NaN
1421392320,NaN,NaN,NaN,NaN,NaN,NaN,NaN
1421392380,NaN,NaN,NaN,NaN,NaN,NaN,NaN
1421392440,NaN,NaN,NaN,NaN,NaN,NaN,NaN
1421392500,NaN,NaN,NaN,NaN,NaN,NaN,NaN
1421392560,NaN,NaN,NaN,NaN,NaN,NaN,NaN
1421392620,NaN,NaN,NaN,NaN,NaN,NaN,NaN
1421392680,NaN,NaN,NaN,NaN,NaN,NaN,NaN
1421392740,NaN,NaN,NaN,NaN,NaN,NaN,NaN
1421392800,NaN,NaN,NaN,NaN,NaN,NaN,NaN
1421392860,NaN,NaN,NaN,NaN,NaN,NaN,NaN
1421392920,NaN,NaN,NaN,NaN,NaN,NaN,NaN
1421392980,NaN,NaN,NaN,NaN,NaN,NaN,NaN
1421393040,NaN,NaN,NaN,NaN,NaN,NaN,NaN
1421393100,NaN,NaN,NaN,NaN,NaN,NaN,NaN
1421393160,NaN,NaN,NaN,NaN,NaN,NaN,NaN
1421393220,NaN,NaN,NaN,NaN,NaN,NaN,NaN
1421393280,NaN,NaN,NaN,NaN,NaN,NaN,NaN
1421393340,NaN,NaN,NaN,NaN,NaN,NaN,NaN
1421393400,NaN,NaN,NaN,NaN,NaN,NaN,NaN
1421393460,NaN,NaN,NaN,NaN,NaN,NaN,NaN
1421393520,NaN,NaN,NaN,NaN,NaN,NaN,NaN
1421393580,NaN,NaN,NaN,NaN,NaN,NaN,NaN
1421393640,NaN,NaN,NaN,NaN,NaN,NaN,NaN
1421393700,NaN,NaN,NaN,NaN,NaN,NaN,NaN
1421393760,NaN,NaN,NaN,NaN,NaN,NaN,NaN
1421393820,NaN,NaN,NaN,NaN,NaN,NaN,NaN
1421393880,NaN,NaN,NaN,NaN,NaN,NaN,NaN
1421393940,NaN,NaN,NaN,NaN,NaN,NaN,NaN
1421394000,NaN,NaN,NaN,NaN,NaN,NaN,NaN
1421394060,NaN,NaN,NaN,NaN,NaN,NaN,NaN
1421394120,NaN,NaN,NaN,NaN,NaN,NaN,NaN
1421394180,NaN,NaN,NaN,NaN,NaN,NaN,NaN
1421394240,NaN,NaN,NaN,NaN,NaN,NaN,NaN
1421394300,NaN,NaN,NaN,NaN,NaN,NaN,NaN
1421394360,NaN,NaN,NaN,NaN,NaN,NaN,NaN
1421394420,NaN,NaN,NaN,NaN,NaN,NaN,NaN
1421394480,NaN,NaN,NaN,NaN,NaN,NaN,NaN
1421394540,NaN,NaN,NaN,NaN,NaN,NaN,NaN
1421394600,NaN,NaN,NaN,NaN,NaN,NaN,NaN
1421394660,NaN,NaN,NaN,NaN,NaN,NaN,NaN
1421394720,NaN,NaN,NaN,NaN,NaN,NaN,NaN
1421394780,NaN,NaN,NaN,NaN,NaN,NaN,NaN
1421394840,NaN,NaN,NaN,NaN,NaN,NaN,NaN
1421394900,NaN,NaN,NaN,NaN,NaN,NaN,NaN
1421394960,NaN,NaN,NaN,NaN,NaN,NaN,NaN
1421395020,NaN,NaN,NaN,NaN,NaN,NaN,NaN
1421395080,NaN,NaN,NaN,NaN,NaN,NaN,NaN
1421395140,NaN,NaN,NaN,NaN,NaN,NaN,NaN
1421395200,NaN,NaN,NaN,NaN,NaN,NaN,NaN
1421395260,NaN,NaN,NaN,NaN,NaN,NaN,NaN
1421395320,NaN,NaN,NaN,NaN,NaN,NaN,NaN
1421395380,NaN,NaN,NaN,NaN,NaN,NaN,NaN
1421395440,NaN,NaN,NaN,NaN,NaN,NaN,NaN
1421395500,NaN,NaN,NaN,NaN,NaN,NaN,NaN
1421395560,NaN,NaN,NaN,NaN,NaN,NaN,NaN
1421395620,NaN,NaN,NaN,NaN,NaN,NaN,NaN
1421395680,NaN,NaN,NaN,NaN,NaN,NaN,NaN
1421395740,NaN,NaN,NaN,NaN,NaN,NaN,NaN
1421395800,NaN,NaN,NaN,NaN,NaN,NaN,NaN
1421395860,NaN,NaN,NaN,NaN,NaN,NaN,NaN
1421395920,NaN,NaN,NaN,NaN,NaN,NaN,NaN
1421395980,NaN,NaN,NaN,NaN,NaN,NaN,NaN
1421396040,NaN,NaN,NaN,NaN,NaN,NaN,NaN
1421396100,NaN,NaN,NaN,NaN,NaN,NaN,NaN
1421396160,NaN,NaN,NaN,NaN,NaN,NaN,NaN
1421396220,NaN,NaN,NaN,NaN,NaN,NaN,NaN
1421396280,NaN,NaN,NaN,NaN,NaN,NaN,NaN
1421396340,NaN,NaN,NaN,NaN,NaN,NaN,NaN
1421396400,NaN,NaN,NaN,NaN,NaN,NaN,NaN
1421396460,NaN,NaN,NaN,NaN,NaN,NaN,NaN
1421396520,NaN,NaN,NaN,NaN,NaN,NaN,NaN
1421396580,NaN,NaN,NaN,NaN,NaN,NaN,NaN
1421396640,NaN,NaN,NaN,NaN,NaN,NaN,NaN
1421396700,NaN,NaN,NaN,NaN,NaN,NaN,NaN
1421396760,NaN,NaN,NaN,NaN,NaN,NaN,NaN
1421396820,NaN,NaN,NaN,NaN,NaN,NaN,NaN
1421396880,NaN,NaN,NaN,NaN,NaN,NaN,NaN
1421396940,NaN,NaN,NaN,NaN,NaN,NaN,NaN
1421397000,NaN,NaN,NaN,NaN,NaN,NaN,NaN
1421397060,NaN,NaN,NaN,NaN,NaN,NaN,NaN
1421397120,NaN,NaN,NaN,NaN,NaN,NaN,NaN
1421397180,NaN,NaN,NaN,NaN,NaN,NaN,NaN
1421397240,NaN,NaN,NaN,NaN,NaN,NaN,NaN
1421397300,NaN,NaN,NaN,NaN,NaN,NaN,NaN
1421397360,NaN,NaN,NaN,NaN,NaN,NaN,NaN
1421397420,NaN,NaN,NaN,NaN,NaN,NaN,NaN
1421397480,NaN,NaN,NaN,NaN,NaN,NaN,NaN
1421397540,NaN,NaN,NaN,NaN,NaN,NaN,NaN
1421397600,NaN,NaN,NaN,NaN,NaN,NaN,NaN
1421397660,NaN,NaN,NaN,NaN,NaN,NaN,NaN
1421397720,NaN,NaN,NaN,NaN,NaN,NaN,NaN
1421397780,NaN,NaN,NaN,NaN,NaN,NaN,NaN
1421397840,NaN,NaN,NaN,NaN,NaN,NaN,NaN
1421397900,NaN,NaN,NaN,NaN,NaN,NaN,NaN
1421397960,NaN,NaN,NaN,NaN,NaN,NaN,NaN
1421398020,NaN,NaN,NaN,NaN,NaN,NaN,NaN
1421398080,NaN,NaN,NaN,NaN,NaN,NaN,NaN
1421398140,NaN,NaN,NaN,NaN,NaN,NaN,NaN
1421398200,NaN,NaN,NaN,NaN,NaN,NaN,NaN
1421398260,NaN,NaN,NaN,NaN,NaN,NaN,NaN
1421398320,NaN,NaN,NaN,NaN,NaN,NaN,NaN
1421398380,NaN,NaN,NaN,NaN,NaN,NaN,NaN
1421398440,NaN,NaN,NaN,NaN,NaN,NaN,NaN
1421398500,NaN,NaN,NaN,NaN,NaN,NaN,NaN
1421398560,NaN,NaN,NaN,NaN,NaN,NaN,NaN
1421398620,NaN,NaN,NaN,NaN,NaN,NaN,NaN
1421398680,NaN,NaN,NaN,NaN,NaN,NaN,NaN
1421398740,NaN,NaN,NaN,NaN,NaN,NaN,NaN
1421398800,NaN,NaN,NaN,NaN,NaN,NaN,NaN
1421398860,NaN,NaN,NaN,NaN,NaN,NaN,NaN
1421398920,NaN,NaN,NaN,NaN,NaN,NaN,NaN
1421398980,NaN,NaN,NaN,NaN,NaN,NaN,NaN
1421399040,NaN,NaN,NaN,NaN,NaN,NaN,NaN
1421399100,NaN,NaN,NaN,NaN,NaN,NaN,NaN
1421399160,NaN,NaN,NaN,NaN,NaN,NaN,NaN
1421399220,NaN,NaN,NaN,NaN,NaN,NaN,NaN
1421399280,NaN,NaN,NaN,NaN,NaN,NaN,NaN
1421399340,NaN,NaN,NaN,NaN,NaN,NaN,NaN
1421399400,NaN,NaN,NaN,NaN,NaN,NaN,NaN
1421399460,NaN,NaN,NaN,NaN,NaN,NaN,NaN
1421399520,NaN,NaN,NaN,NaN,NaN,NaN,NaN
1421399580,NaN,NaN,NaN,NaN,NaN,NaN,NaN
1421399640,NaN,NaN,NaN,NaN,NaN,NaN,NaN
1421399700,NaN,NaN,NaN,NaN,NaN,NaN,NaN
1421399760,NaN,NaN,NaN,NaN,NaN,NaN,NaN
1421399820,NaN,NaN,NaN,NaN,NaN,NaN,NaN
1421399880,NaN,NaN,NaN,NaN,NaN,NaN,NaN
1421399940,NaN,NaN,NaN,NaN,NaN,NaN,NaN
1421400000,NaN,NaN,NaN,NaN,NaN,NaN,NaN
1421400060,NaN,NaN,NaN,NaN,NaN,NaN,NaN
1421400120,NaN,NaN,NaN,NaN,NaN,NaN,NaN
1421400180,NaN,NaN,NaN,NaN,NaN,NaN,NaN
1421400240,NaN,NaN,NaN,NaN,NaN,NaN,NaN
1421400300,NaN,NaN,NaN,NaN,NaN,NaN,NaN
1421400360,NaN,NaN,NaN,NaN,NaN,NaN,NaN
1421400420,NaN,NaN,NaN,NaN,NaN,NaN,NaN
1421400480,NaN,NaN,NaN,NaN,NaN,NaN,NaN
1421400540,NaN,NaN,NaN,NaN,NaN,NaN,NaN
1421400600,NaN,NaN,NaN,NaN,NaN,NaN,NaN
1421400660,NaN,NaN,NaN,NaN,NaN,NaN,NaN
1421400720,NaN,NaN,NaN,NaN,NaN,NaN,NaN
1421400780,NaN,NaN,NaN,NaN,NaN,NaN,NaN
1421400840,NaN,NaN,NaN,NaN,NaN,NaN,NaN
1421400900,NaN,NaN,NaN,NaN,NaN,NaN,NaN
1421400960,NaN,NaN,NaN,NaN,NaN,NaN,NaN
1421401020,NaN,NaN,NaN,NaN,NaN,NaN,NaN
1421401080,NaN,NaN,NaN,NaN,NaN,NaN,NaN
1421401140,NaN,NaN,NaN,NaN,NaN,NaN,NaN
1421401200,NaN,NaN,NaN,NaN,NaN,NaN,NaN
1421401260,NaN,NaN,NaN,NaN,NaN,NaN,NaN
1421401320,NaN,NaN,NaN,NaN,NaN,NaN,NaN
1421401380,NaN,NaN,NaN,NaN,NaN,NaN,NaN
1421401440,NaN,NaN,NaN,NaN,NaN,NaN,NaN
1421401500,NaN,NaN,NaN,NaN,NaN,NaN,NaN
1421401560,NaN,NaN,NaN,NaN,NaN,NaN,NaN
1421401620,NaN,NaN,NaN,NaN,NaN,NaN,NaN
1421401680,NaN,NaN,NaN,NaN,NaN,NaN,NaN
1421401740,NaN,NaN,NaN,NaN,NaN,NaN,NaN
1421401800,NaN,NaN,NaN,NaN,NaN,NaN,NaN
1421401860,NaN,NaN,NaN,NaN,NaN,NaN,NaN
1421401920,NaN,NaN,NaN,NaN,NaN,NaN,NaN
1421401980,NaN,NaN,NaN,NaN,NaN,NaN,NaN
1421402040,NaN,NaN,NaN,NaN,NaN,NaN,NaN
1421402100,NaN,NaN,NaN,NaN,NaN,NaN,NaN
1421402160,NaN,NaN,NaN,NaN,NaN,NaN,NaN
1421402220,NaN,NaN,NaN,NaN,NaN,NaN,NaN
1421402280,NaN,NaN,NaN,NaN,NaN,NaN,NaN
1421402340,NaN,NaN,NaN,NaN,NaN,NaN,NaN
1421402400,NaN,NaN,NaN,NaN,NaN,NaN,NaN
1421402460,NaN,NaN,NaN,NaN,NaN,NaN,NaN
1421402520,NaN,NaN,NaN,NaN,NaN,NaN,NaN
1421402580,NaN,NaN,NaN,NaN,NaN,NaN,NaN
1421402640,NaN,NaN,NaN,NaN,NaN,NaN,NaN
1421402700,NaN,NaN,NaN,NaN,NaN,NaN,NaN
1421402760,NaN,NaN,NaN,NaN,NaN,NaN,NaN
1421402820,NaN,NaN,NaN,NaN,NaN,NaN,NaN
1421402880,NaN,NaN,NaN,NaN,NaN,NaN,NaN
1421402940,NaN,NaN,NaN,NaN,NaN,NaN,NaN
1421403000,NaN,NaN,NaN,NaN,NaN,NaN,NaN
1421403060,NaN,NaN,NaN,NaN,NaN,NaN,NaN
1421403120,NaN,NaN,NaN,NaN,NaN,NaN,NaN
1421403180,NaN,NaN,NaN,NaN,NaN,NaN,NaN
1421403240,NaN,NaN,NaN,NaN,NaN,NaN,NaN
1421403300,NaN,NaN,NaN,NaN,NaN,NaN,NaN
1421403360,NaN,NaN,NaN,NaN,NaN,NaN,NaN
1421403420,NaN,NaN,NaN,NaN,NaN,NaN,NaN
1421403480,NaN,NaN,NaN,NaN,NaN,NaN,NaN
1421403540,NaN,NaN,NaN,NaN,NaN,NaN,NaN
1421403600,NaN,NaN,NaN,NaN,NaN,NaN,NaN
1421403660,NaN,NaN,NaN,NaN,NaN,NaN,NaN
1421403720,NaN,NaN,NaN,NaN,NaN,NaN,NaN
1421403780,NaN,NaN,NaN,NaN,NaN,NaN,NaN
1421403840,NaN,NaN,NaN,NaN,NaN,NaN,NaN
1421403900,NaN,NaN,NaN,NaN,NaN,NaN,NaN
1421403960,NaN,NaN,NaN,NaN,NaN,NaN,NaN
1421404020,NaN,NaN,NaN,NaN,NaN,NaN,NaN
1421404080,NaN,NaN,NaN,NaN,NaN,NaN,NaN
1421404140,NaN,NaN,NaN,NaN,NaN,NaN,NaN
1421404200,NaN,NaN,NaN,NaN,NaN,NaN,NaN
1421404260,NaN,NaN,NaN,NaN,NaN,NaN,NaN
1421404320,NaN,NaN,NaN,NaN,NaN,NaN,NaN
1421404380,NaN,NaN,NaN,NaN,NaN,NaN,NaN
1421404440,NaN,NaN,NaN,NaN,NaN,NaN,NaN
1421404500,NaN,NaN,NaN,NaN,NaN,NaN,NaN
1421404560,NaN,NaN,NaN,NaN,NaN,NaN,NaN
1421404620,NaN,NaN,NaN,NaN,NaN,NaN,NaN
1421404680,NaN,NaN,NaN,NaN,NaN,NaN,NaN
1421404740,NaN,NaN,NaN,NaN,NaN,NaN,NaN
1421404800,NaN,NaN,NaN,NaN,NaN,NaN,NaN
1421404860,NaN,NaN,NaN,NaN,NaN,NaN,NaN
1421404920,NaN,NaN,NaN,NaN,NaN,NaN,NaN
